trial_id,experiment_id,source_id,country,state,region,district,latitude,longitude,crop,crop_type,season,year,treatment,product_name,product_category,bio_applied,bio_product_type,bio_dosage_l_ha,control_group,treated_group,soil_organic_carbon,soil_soc,soil_ph,nitrogen_kgha,phosphorus_kgha,potassium_kgha,clay_content_pct,sulphur_ppm,zinc_ppm,boron_ppm,avg_temperature_c,heat_stress_days,cumulative_rainfall_mm,growing_degree_days,humidity_pct,wind_speed_kmh,solar_rad_mj,peak_ndvi,yield,observed_yield_q_acre,baseline_yield,treatment_yield,yield_difference,yield_percentage_change,bio_attributed_lift_q,net_profit_rs,field_id,trial_design,replication_count,source,source_url
TR-2025-TE-00001,EXP-2025-TE-MUS-0001,ICAR_SYNGENTA_TRIALS,India,Telangana,Telangana & Andhra (Krishna Basin),Warangal,17.9689,79.5941,Mustard / Rapeseed,Mustard / Rapeseed,Rabi,2025,Control (Untreated Check),Untreated Check,Untreated Check,0,Untreated,0.0,1,0,0.57,0.57,7.81,216.8,17.8,353.2,37.4,12.4,0.96,0.49,27.1,2,231.6,1761.5,52.8,8.3,16.6,0.631,5.99,5.99,5.99,5.99,0.0,0.0,0.0,0.0,IND_FIELD_0001,RCBD - 4 Replications,4,ICAR AICRP & Syngenta Multi-Locational Trials,https://icar.org.in
TR-2025-TE-00002,EXP-2025-TE-MUS-0001,ICAR_SYNGENTA_TRIALS,India,Telangana,Telangana & Andhra (Krishna Basin),Warangal,17.9689,79.5941,Mustard / Rapeseed,Mustard / Rapeseed,Rabi,2025,Syngenta Quantis,Syngenta Quantis,Biostimulant,1,Syngenta Quantis,1.5,0,1,0.57,0.57,7.81,216.8,17.8,353.2,37.4,12.4,0.96,0.49,27.1,2,231.6,1761.5,52.8,8.3,16.6,0.631,6.31,6.31,5.99,6.31,0.32,5.34,0.32,122.0,IND_FIELD_0002,RCBD - 4 Replications,4,ICAR AICRP & Syngenta Multi-Locational Trials,https://icar.org.in
TR-2023-TE-00003,EXP-2023-TE-MUS-0002,ICAR_SYNGENTA_TRIALS,India,Telangana,Telangana & Andhra (Krishna Basin),Warangal,17.9689,79.5941,Mustard / Rapeseed,Mustard / Rapeseed,Rabi,2023,Control (Untreated Check),Untreated Check,Untreated Check,0,Untreated,0.0,1,0,0.57,0.57,7.25,207.0,16.0,327.9,34.0,11.8,0.65,0.53,26.9,3,149.4,1748.5,92.0,12.8,19.0,0.742,6.25,6.25,6.25,6.25,0.0,0.0,0.0,0.0,IND_FIELD_0003,RCBD - 4 Replications,4,ICAR AICRP & Syngenta Multi-Locational Trials,https://icar.org.in
TR-2023-TE-00004,EXP-2023-TE-MUS-0002,ICAR_SYNGENTA_TRIALS,India,Telangana,Telangana & Andhra (Krishna Basin),Warangal,17.9689,79.5941,Mustard / Rapeseed,Mustard / Rapeseed,Rabi,2023,Syngenta Quantis,Syngenta Quantis,Biostimulant,1,Syngenta Quantis,1.5,0,1,0.57,0.57,7.25,207.0,16.0,327.9,34.0,11.8,0.65,0.53,26.9,3,149.4,1748.5,92.0,12.8,19.0,0.742,6.29,6.29,6.25,6.29,0.04,0.64,0.04,-1166.0,IND_FIELD_0004,RCBD - 4 Replications,4,ICAR AICRP & Syngenta Multi-Locational Trials,https://icar.org.in
TR-2024-TA-00005,EXP-2024-TA-COT-0003,ICAR_SYNGENTA_TRIALS,India,Tamil Nadu,Tamil Nadu & Cauvery Delta,Coimbatore,11.0168,76.9558,Cotton,Cotton,Kharif,2024,Control (Untreated Check),Untreated Check,Untreated Check,0,Untreated,0.0,1,0,0.39,0.39,7.25,190.4,20.7,308.3,38.2,17.1,1.0,0.53,26.6,4,569.4,1729.0,56.0,11.8,21.9,0.675,11.23,11.23,11.23,11.23,0.0,0.0,0.0,0.0,IND_FIELD_0005,RCBD - 4 Replications,4,ICAR AICRP & Syngenta Multi-Locational Trials,https://icar.org.in
TR-2024-TA-00006,EXP-2024-TA-COT-0003,ICAR_SYNGENTA_TRIALS,India,Tamil Nadu,Tamil Nadu & Cauvery Delta,Coimbatore,11.0168,76.9558,Cotton,Cotton,Kharif,2024,Syngenta Isabion,Syngenta Isabion,Biostimulant,1,Syngenta Isabion,1.5,0,1,0.39,0.39,7.25,190.4,20.7,308.3,38.2,17.1,1.0,0.53,26.6,4,569.4,1729.0,56.0,11.8,21.9,0.675,12.6,12.6,11.23,12.6,1.37,12.2,1.37,4952.0,IND_FIELD_0006,RCBD - 4 Replications,4,ICAR AICRP & Syngenta Multi-Locational Trials,https://icar.org.in
TR-2023-GU-00007,EXP-2023-GU-SOY-0004,ICAR_SYNGENTA_TRIALS,India,Gujarat,Gujarat & Saurashtra Plain,Rajkot,22.3039,70.8022,Soybean,Soybean,Kharif,2023,Control (Untreated Check),Untreated Check,Untreated Check,0,Untreated,0.0,1,0,0.4,0.4,7.89,249.8,8.0,392.9,32.6,13.0,0.87,0.31,27.8,2,715.7,1807.0,65.9,8.3,19.8,0.761,10.59,10.59,10.59,10.59,0.0,0.0,0.0,0.0,IND_FIELD_0007,RCBD - 4 Replications,4,ICAR AICRP & Syngenta Multi-Locational Trials,https://icar.org.in
TR-2023-GU-00008,EXP-2023-GU-SOY-0004,ICAR_SYNGENTA_TRIALS,India,Gujarat,Gujarat & Saurashtra Plain,Rajkot,22.3039,70.8022,Soybean,Soybean,Kharif,2023,Syngenta Quantis,Syngenta Quantis,Biostimulant,1,Syngenta Quantis,2.0,0,1,0.4,0.4,7.89,249.8,8.0,392.9,32.6,13.0,0.87,0.31,27.8,2,715.7,1807.0,65.9,8.3,19.8,0.761,11.53,11.53,10.59,11.53,0.94,8.88,0.94,2524.0,IND_FIELD_0008,RCBD - 4 Replications,4,ICAR AICRP & Syngenta Multi-Locational Trials,https://icar.org.in
TR-2025-TE-00009,EXP-2025-TE-SUG-0005,ICAR_SYNGENTA_TRIALS,India,Telangana,Telangana & Andhra (Krishna Basin),Warangal,17.9689,79.5941,Sugarcane,Sugarcane,Annual,2025,Control (Untreated Check),Untreated Check,Untreated Check,0,Untreated,0.0,1,0,0.65,0.65,7.27,214.2,22.4,279.7,29.4,18.5,0.79,0.23,29.5,1,195.3,1917.5,66.3,10.1,13.4,0.614,345.09,345.09,345.09,345.09,0.0,0.0,0.0,0.0,IND_FIELD_0009,RCBD - 4 Replications,4,ICAR AICRP & Syngenta Multi-Locational Trials,https://icar.org.in
TR-2025-TE-00010,EXP-2025-TE-SUG-0005,ICAR_SYNGENTA_TRIALS,India,Telangana,Telangana & Andhra (Krishna Basin),Warangal,17.9689,79.5941,Sugarcane,Sugarcane,Annual,2025,Syngenta CropBio+,Syngenta CropBio+,Biostimulant,1,Syngenta CropBio+,3.0,0,1,0.65,0.65,7.27,214.2,22.4,279.7,29.4,18.5,0.79,0.23,29.5,1,195.3,1917.5,66.3,10.1,13.4,0.614,373.83,373.83,345.09,373.83,28.74,8.33,28.74,129504.0,IND_FIELD_0010,RCBD - 4 Replications,4,ICAR AICRP & Syngenta Multi-Locational Trials,https://icar.org.in
TR-2022-GU-00011,EXP-2022-GU-SOY-0006,ICAR_SYNGENTA_TRIALS,India,Gujarat,Gujarat & Saurashtra Plain,Rajkot,22.3039,70.8022,Soybean,Soybean,Kharif,2022,Control (Untreated Check),Untreated Check,Untreated Check,0,Untreated,0.0,1,0,0.29,0.29,7.94,179.9,12.7,360.2,35.3,13.1,0.74,0.5,29.5,5,679.3,1917.5,82.1,13.4,16.3,0.685,9.46,9.46,9.46,9.46,0.0,0.0,0.0,0.0,IND_FIELD_0011,RCBD - 4 Replications,4,ICAR AICRP & Syngenta Multi-Locational Trials,https://icar.org.in
TR-2022-GU-00012,EXP-2022-GU-SOY-0006,ICAR_SYNGENTA_TRIALS,India,Gujarat,Gujarat & Saurashtra Plain,Rajkot,22.3039,70.8022,Soybean,Soybean,Kharif,2022,Syngenta Quantis,Syngenta Quantis,Biostimulant,1,Syngenta Quantis,2.0,0,1,0.29,0.29,7.94,179.9,12.7,360.2,35.3,13.1,0.74,0.5,29.5,5,679.3,1917.5,82.1,13.4,16.3,0.685,11.05,11.05,9.46,11.05,1.59,16.81,1.59,5514.0,IND_FIELD_0012,RCBD - 4 Replications,4,ICAR AICRP & Syngenta Multi-Locational Trials,https://icar.org.in
TR-2021-UT-00013,EXP-2021-UT-GRO-0007,ICAR_SYNGENTA_TRIALS,India,Uttar Pradesh,Indo-Gangetic Plain (Central),Varanasi,25.3176,82.9739,Groundnut (Peanut),Groundnut (Peanut),Kharif,2021,Control (Untreated Check),Untreated Check,Untreated Check,0,Untreated,0.0,1,0,0.66,0.66,8.05,215.3,23.2,246.0,23.4,15.9,0.67,0.62,28.0,1,644.3,1820.0,73.6,12.4,19.8,0.775,12.69,12.69,12.69,12.69,0.0,0.0,0.0,0.0,IND_FIELD_0013,RCBD - 4 Replications,4,ICAR AICRP & Syngenta Multi-Locational Trials,https://icar.org.in
TR-2021-UT-00014,EXP-2021-UT-GRO-0007,ICAR_SYNGENTA_TRIALS,India,Uttar Pradesh,Indo-Gangetic Plain (Central),Varanasi,25.3176,82.9739,Groundnut (Peanut),Groundnut (Peanut),Kharif,2021,Syngenta Isabion,Syngenta Isabion,Biostimulant,1,Syngenta Isabion,1.5,0,1,0.66,0.66,8.05,215.3,23.2,246.0,23.4,15.9,0.67,0.62,28.0,1,644.3,1820.0,73.6,12.4,19.8,0.775,13.25,13.25,12.69,13.25,0.56,4.41,0.56,1226.0,IND_FIELD_0014,RCBD - 4 Replications,4,ICAR AICRP & Syngenta Multi-Locational Trials,https://icar.org.in
TR-2025-GU-00015,EXP-2025-GU-SUG-0008,ICAR_SYNGENTA_TRIALS,India,Gujarat,Gujarat & Saurashtra Plain,Rajkot,22.3039,70.8022,Sugarcane,Sugarcane,Annual,2025,Control (Untreated Check),Untreated Check,Untreated Check,0,Untreated,0.0,1,0,0.44,0.44,7.32,236.7,22.5,325.3,36.3,18.3,0.9,0.65,29.0,3,30.0,1885.0,60.5,6.3,20.4,0.769,307.73,307.73,307.73,307.73,0.0,0.0,0.0,0.0,IND_FIELD_0015,RCBD - 4 Replications,4,ICAR AICRP & Syngenta Multi-Locational Trials,https://icar.org.in
TR-2025-GU-00016,EXP-2025-GU-SUG-0008,ICAR_SYNGENTA_TRIALS,India,Gujarat,Gujarat & Saurashtra Plain,Rajkot,22.3039,70.8022,Sugarcane,Sugarcane,Annual,2025,Syngenta CropBio+,Syngenta CropBio+,Biostimulant,1,Syngenta CropBio+,3.0,0,1,0.44,0.44,7.32,236.7,22.5,325.3,36.3,18.3,0.9,0.65,29.0,3,30.0,1885.0,60.5,6.3,20.4,0.769,354.89,354.89,307.73,354.89,47.16,15.33,47.16,214236.0,IND_FIELD_0016,RCBD - 4 Replications,4,ICAR AICRP & Syngenta Multi-Locational Trials,https://icar.org.in
TR-2021-UT-00017,EXP-2021-UT-SOY-0009,ICAR_SYNGENTA_TRIALS,India,Uttar Pradesh,Indo-Gangetic Plain (Central),Varanasi,25.3176,82.9739,Soybean,Soybean,Kharif,2021,Control (Untreated Check),Untreated Check,Untreated Check,0,Untreated,0.0,1,0,0.35,0.35,7.39,245.8,23.8,268.4,35.8,23.6,0.87,0.38,28.4,2,572.9,1846.0,72.8,8.9,20.3,0.713,10.11,10.11,10.11,10.11,0.0,0.0,0.0,0.0,IND_FIELD_0017,RCBD - 4 Replications,4,ICAR AICRP & Syngenta Multi-Locational Trials,https://icar.org.in
TR-2021-UT-00018,EXP-2021-UT-SOY-0009,ICAR_SYNGENTA_TRIALS,India,Uttar Pradesh,Indo-Gangetic Plain (Central),Varanasi,25.3176,82.9739,Soybean,Soybean,Kharif,2021,Syngenta Quantis,Syngenta Quantis,Biostimulant,1,Syngenta Quantis,2.0,0,1,0.35,0.35,7.39,245.8,23.8,268.4,35.8,23.6,0.87,0.38,28.4,2,572.9,1846.0,72.8,8.9,20.3,0.713,10.39,10.39,10.11,10.39,0.28,2.77,0.28,-512.0,IND_FIELD_0018,RCBD - 4 Replications,4,ICAR AICRP & Syngenta Multi-Locational Trials,https://icar.org.in
TR-2022-MA-00019,EXP-2022-MA-MUS-0010,ICAR_SYNGENTA_TRIALS,India,Maharashtra,Maharashtra & Vidarbha (Deccan),Nagpur,21.1458,79.0882,Mustard / Rapeseed,Mustard / Rapeseed,Rabi,2022,Control (Untreated Check),Untreated Check,Untreated Check,0,Untreated,0.0,1,0,0.33,0.33,7.89,166.4,18.9,355.4,25.8,14.5,0.86,0.41,29.6,8,206.1,1924.0,82.4,9.5,21.8,0.749,6.08,6.08,6.08,6.08,0.0,0.0,0.0,0.0,IND_FIELD_0019,RCBD - 4 Replications,4,ICAR AICRP & Syngenta Multi-Locational Trials,https://icar.org.in
TR-2022-MA-00020,EXP-2022-MA-MUS-0010,ICAR_SYNGENTA_TRIALS,India,Maharashtra,Maharashtra & Vidarbha (Deccan),Nagpur,21.1458,79.0882,Mustard / Rapeseed,Mustard / Rapeseed,Rabi,2022,Syngenta Quantis,Syngenta Quantis,Biostimulant,1,Syngenta Quantis,1.5,0,1,0.33,0.33,7.89,166.4,18.9,355.4,25.8,14.5,0.86,0.41,29.6,8,206.1,1924.0,82.4,9.5,21.8,0.749,7.25,7.25,6.08,7.25,1.17,19.24,1.17,4032.0,IND_FIELD_0020,RCBD - 4 Replications,4,ICAR AICRP & Syngenta Multi-Locational Trials,https://icar.org.in
TR-2023-TA-00021,EXP-2023-TA-MUS-0011,ICAR_SYNGENTA_TRIALS,India,Tamil Nadu,Tamil Nadu & Cauvery Delta,Coimbatore,11.0168,76.9558,Mustard / Rapeseed,Mustard / Rapeseed,Rabi,2023,Control (Untreated Check),Untreated Check,Untreated Check,0,Untreated,0.0,1,0,0.54,0.54,7.26,228.6,17.3,213.5,34.5,12.5,0.87,0.44,27.5,3,388.9,1787.5,86.4,13.3,20.6,0.681,7.53,7.53,7.53,7.53,0.0,0.0,0.0,0.0,IND_FIELD_0021,RCBD - 4 Replications,4,ICAR AICRP & Syngenta Multi-Locational Trials,https://icar.org.in
TR-2023-TA-00022,EXP-2023-TA-MUS-0011,ICAR_SYNGENTA_TRIALS,India,Tamil Nadu,Tamil Nadu & Cauvery Delta,Coimbatore,11.0168,76.9558,Mustard / Rapeseed,Mustard / Rapeseed,Rabi,2023,Syngenta Quantis,Syngenta Quantis,Biostimulant,1,Syngenta Quantis,1.5,0,1,0.54,0.54,7.26,228.6,17.3,213.5,34.5,12.5,0.87,0.44,27.5,3,388.9,1787.5,86.4,13.3,20.6,0.681,8.81,8.81,7.53,8.81,1.28,17.0,1.28,4538.0,IND_FIELD_0022,RCBD - 4 Replications,4,ICAR AICRP & Syngenta Multi-Locational Trials,https://icar.org.in
TR-2024-TE-00023,EXP-2024-TE-WHE-0012,ICAR_SYNGENTA_TRIALS,India,Telangana,Telangana & Andhra (Krishna Basin),Warangal,17.9689,79.5941,Wheat,Wheat,Rabi,2024,Control (Untreated Check),Untreated Check,Untreated Check,0,Untreated,0.0,1,0,0.45,0.45,6.91,204.8,18.3,258.3,29.4,14.6,0.83,0.65,27.5,5,129.5,1787.5,56.2,10.1,17.7,0.623,15.57,15.57,15.57,15.57,0.0,0.0,0.0,0.0,IND_FIELD_0023,RCBD - 4 Replications,4,ICAR AICRP & Syngenta Multi-Locational Trials,https://icar.org.in
TR-2024-TE-00024,EXP-2024-TE-WHE-0012,ICAR_SYNGENTA_TRIALS,India,Telangana,Telangana & Andhra (Krishna Basin),Warangal,17.9689,79.5941,Wheat,Wheat,Rabi,2024,Syngenta Quantis,Syngenta Quantis,Biostimulant,1,Syngenta Quantis,1.5,0,1,0.45,0.45,6.91,204.8,18.3,258.3,29.4,14.6,0.83,0.65,27.5,5,129.5,1787.5,56.2,10.1,17.7,0.623,18.25,18.25,15.57,18.25,2.68,17.21,2.68,10978.0,IND_FIELD_0024,RCBD - 4 Replications,4,ICAR AICRP & Syngenta Multi-Locational Trials,https://icar.org.in
TR-2023-MA-00025,EXP-2023-MA-RIC-0013,ICAR_SYNGENTA_TRIALS,India,Maharashtra,Maharashtra & Vidarbha (Deccan),Nagpur,21.1458,79.0882,Rice (Paddy),Rice (Paddy),Kharif,2023,Control (Untreated Check),Untreated Check,Untreated Check,0,Untreated,0.0,1,0,0.44,0.44,7.86,210.1,21.8,417.3,34.9,16.0,0.88,0.69,30.1,2,728.1,1956.5,72.7,12.7,19.6,0.6,23.01,23.01,23.01,23.01,0.0,0.0,0.0,0.0,IND_FIELD_0025,RCBD - 4 Replications,4,ICAR AICRP & Syngenta Multi-Locational Trials,https://icar.org.in
TR-2023-MA-00026,EXP-2023-MA-RIC-0013,ICAR_SYNGENTA_TRIALS,India,Maharashtra,Maharashtra & Vidarbha (Deccan),Nagpur,21.1458,79.0882,Rice (Paddy),Rice (Paddy),Kharif,2023,Syngenta Quantis,Syngenta Quantis,Biostimulant,1,Syngenta Quantis,2.0,0,1,0.44,0.44,7.86,210.1,21.8,417.3,34.9,16.0,0.88,0.69,30.1,2,728.1,1956.5,72.7,12.7,19.6,0.6,23.84,23.84,23.01,23.84,0.83,3.61,0.83,2018.0,IND_FIELD_0026,RCBD - 4 Replications,4,ICAR AICRP & Syngenta Multi-Locational Trials,https://icar.org.in
TR-2021-GU-00027,EXP-2021-GU-COT-0014,ICAR_SYNGENTA_TRIALS,India,Gujarat,Gujarat & Saurashtra Plain,Rajkot,22.3039,70.8022,Cotton,Cotton,Kharif,2021,Control (Untreated Check),Untreated Check,Untreated Check,0,Untreated,0.0,1,0,0.39,0.39,7.71,202.3,20.4,341.4,27.6,12.8,1.04,0.72,29.6,2,738.1,1924.0,75.5,11.2,18.4,0.688,12.09,12.09,12.09,12.09,0.0,0.0,0.0,0.0,IND_FIELD_0027,RCBD - 4 Replications,4,ICAR AICRP & Syngenta Multi-Locational Trials,https://icar.org.in
TR-2021-GU-00028,EXP-2021-GU-COT-0014,ICAR_SYNGENTA_TRIALS,India,Gujarat,Gujarat & Saurashtra Plain,Rajkot,22.3039,70.8022,Cotton,Cotton,Kharif,2021,Syngenta Isabion,Syngenta Isabion,Biostimulant,1,Syngenta Isabion,1.5,0,1,0.39,0.39,7.71,202.3,20.4,341.4,27.6,12.8,1.04,0.72,29.6,2,738.1,1924.0,75.5,11.2,18.4,0.688,12.58,12.58,12.09,12.58,0.49,4.05,0.49,904.0,IND_FIELD_0028,RCBD - 4 Replications,4,ICAR AICRP & Syngenta Multi-Locational Trials,https://icar.org.in
TR-2025-TA-00029,EXP-2025-TA-CHI-0015,ICAR_SYNGENTA_TRIALS,India,Tamil Nadu,Tamil Nadu & Cauvery Delta,Coimbatore,11.0168,76.9558,Chickpea (Gram / Chana),Chickpea (Gram / Chana),Rabi,2025,Control (Untreated Check),Untreated Check,Untreated Check,0,Untreated,0.0,1,0,0.5,0.5,8.04,258.9,24.1,337.2,32.1,16.4,0.79,0.59,28.1,4,270.5,1826.5,56.0,11.7,20.2,0.631,7.37,7.37,7.37,7.37,0.0,0.0,0.0,0.0,IND_FIELD_0029,RCBD - 4 Replications,4,ICAR AICRP & Syngenta Multi-Locational Trials,https://icar.org.in
TR-2025-TA-00030,EXP-2025-TA-CHI-0015,ICAR_SYNGENTA_TRIALS,India,Tamil Nadu,Tamil Nadu & Cauvery Delta,Coimbatore,11.0168,76.9558,Chickpea (Gram / Chana),Chickpea (Gram / Chana),Rabi,2025,Syngenta Isabion,Syngenta Isabion,Biostimulant,1,Syngenta Isabion,1.5,0,1,0.5,0.5,8.04,258.9,24.1,337.2,32.1,16.4,0.79,0.59,28.1,4,270.5,1826.5,56.0,11.7,20.2,0.631,7.36,7.36,7.37,7.36,0.0,0.0,0.0,-1350.0,IND_FIELD_0030,RCBD - 4 Replications,4,ICAR AICRP & Syngenta Multi-Locational Trials,https://icar.org.in
TR-2023-GU-00031,EXP-2023-GU-MUS-0016,ICAR_SYNGENTA_TRIALS,India,Gujarat,Gujarat & Saurashtra Plain,Rajkot,22.3039,70.8022,Mustard / Rapeseed,Mustard / Rapeseed,Rabi,2023,Control (Untreated Check),Untreated Check,Untreated Check,0,Untreated,0.0,1,0,0.64,0.64,8.15,242.5,13.8,368.2,35.9,17.1,1.08,0.49,26.5,1,286.0,1722.5,47.6,13.9,17.7,0.68,6.9,6.9,6.9,6.9,0.0,0.0,0.0,0.0,IND_FIELD_0031,RCBD - 4 Replications,4,ICAR AICRP & Syngenta Multi-Locational Trials,https://icar.org.in
TR-2023-GU-00032,EXP-2023-GU-MUS-0016,ICAR_SYNGENTA_TRIALS,India,Gujarat,Gujarat & Saurashtra Plain,Rajkot,22.3039,70.8022,Mustard / Rapeseed,Mustard / Rapeseed,Rabi,2023,Syngenta Quantis,Syngenta Quantis,Biostimulant,1,Syngenta Quantis,1.5,0,1,0.64,0.64,8.15,242.5,13.8,368.2,35.9,17.1,1.08,0.49,26.5,1,286.0,1722.5,47.6,13.9,17.7,0.68,7.46,7.46,6.9,7.46,0.56,8.12,0.56,1226.0,IND_FIELD_0032,RCBD - 4 Replications,4,ICAR AICRP & Syngenta Multi-Locational Trials,https://icar.org.in
TR-2021-UT-00033,EXP-2021-UT-SUG-0017,ICAR_SYNGENTA_TRIALS,India,Uttar Pradesh,Indo-Gangetic Plain (Central),Varanasi,25.3176,82.9739,Sugarcane,Sugarcane,Annual,2021,Control (Untreated Check),Untreated Check,Untreated Check,0,Untreated,0.0,1,0,0.62,0.62,8.01,232.2,25.4,162.2,26.1,12.8,0.94,0.56,31.5,1,197.4,2047.5,68.5,15.9,19.5,0.65,349.75,349.75,349.75,349.75,0.0,0.0,0.0,0.0,IND_FIELD_0033,RCBD - 4 Replications,4,ICAR AICRP & Syngenta Multi-Locational Trials,https://icar.org.in
TR-2021-UT-00034,EXP-2021-UT-SUG-0017,ICAR_SYNGENTA_TRIALS,India,Uttar Pradesh,Indo-Gangetic Plain (Central),Varanasi,25.3176,82.9739,Sugarcane,Sugarcane,Annual,2021,Syngenta CropBio+,Syngenta CropBio+,Biostimulant,1,Syngenta CropBio+,3.0,0,1,0.62,0.62,8.01,232.2,25.4,162.2,26.1,12.8,0.94,0.56,31.5,1,197.4,2047.5,68.5,15.9,19.5,0.65,395.33,395.33,349.75,395.33,45.58,13.03,45.58,206968.0,IND_FIELD_0034,RCBD - 4 Replications,4,ICAR AICRP & Syngenta Multi-Locational Trials,https://icar.org.in
TR-2025-MA-00035,EXP-2025-MA-MUS-0018,ICAR_SYNGENTA_TRIALS,India,Maharashtra,Maharashtra & Vidarbha (Deccan),Nagpur,21.1458,79.0882,Mustard / Rapeseed,Mustard / Rapeseed,Rabi,2025,Control (Untreated Check),Untreated Check,Untreated Check,0,Untreated,0.0,1,0,0.66,0.66,7.45,201.8,13.1,320.4,23.5,19.6,0.7,0.44,24.5,1,72.9,1592.5,61.5,5.0,14.7,0.728,6.45,6.45,6.45,6.45,0.0,0.0,0.0,0.0,IND_FIELD_0035,RCBD - 4 Replications,4,ICAR AICRP & Syngenta Multi-Locational Trials,https://icar.org.in
TR-2025-MA-00036,EXP-2025-MA-MUS-0018,ICAR_SYNGENTA_TRIALS,India,Maharashtra,Maharashtra & Vidarbha (Deccan),Nagpur,21.1458,79.0882,Mustard / Rapeseed,Mustard / Rapeseed,Rabi,2025,Syngenta Quantis,Syngenta Quantis,Biostimulant,1,Syngenta Quantis,1.5,0,1,0.66,0.66,7.45,201.8,13.1,320.4,23.5,19.6,0.7,0.44,24.5,1,72.9,1592.5,61.5,5.0,14.7,0.728,7.26,7.26,6.45,7.26,0.81,12.56,0.81,2376.0,IND_FIELD_0036,RCBD - 4 Replications,4,ICAR AICRP & Syngenta Multi-Locational Trials,https://icar.org.in
TR-2025-TA-00037,EXP-2025-TA-MAI-0019,ICAR_SYNGENTA_TRIALS,India,Tamil Nadu,Tamil Nadu & Cauvery Delta,Coimbatore,11.0168,76.9558,Maize,Maize,Kharif,2025,Control (Untreated Check),Untreated Check,Untreated Check,0,Untreated,0.0,1,0,0.4,0.4,7.68,279.0,17.8,298.6,31.9,18.8,0.71,0.69,27.4,1,714.2,1781.0,87.1,10.4,19.0,0.792,25.46,25.46,25.46,25.46,0.0,0.0,0.0,0.0,IND_FIELD_0037,RCBD - 4 Replications,4,ICAR AICRP & Syngenta Multi-Locational Trials,https://icar.org.in
TR-2025-TA-00038,EXP-2025-TA-MAI-0019,ICAR_SYNGENTA_TRIALS,India,Tamil Nadu,Tamil Nadu & Cauvery Delta,Coimbatore,11.0168,76.9558,Maize,Maize,Kharif,2025,Syngenta Isabion,Syngenta Isabion,Biostimulant,1,Syngenta Isabion,2.0,0,1,0.4,0.4,7.68,279.0,17.8,298.6,31.9,18.8,0.71,0.69,27.4,1,714.2,1781.0,87.1,10.4,19.0,0.792,26.29,26.29,25.46,26.29,0.83,3.26,0.83,2018.0,IND_FIELD_0038,RCBD - 4 Replications,4,ICAR AICRP & Syngenta Multi-Locational Trials,https://icar.org.in
TR-2022-KA-00039,EXP-2022-KA-MAI-0020,ICAR_SYNGENTA_TRIALS,India,Karnataka,Karnataka (Deccan Plateau),Dharwad,15.4589,75.0078,Maize,Maize,Kharif,2022,Control (Untreated Check),Untreated Check,Untreated Check,0,Untreated,0.0,1,0,0.72,0.72,6.46,217.2,25.7,259.7,14.0,13.1,0.75,0.66,26.8,10,933.9,1742.0,71.6,14.3,20.7,0.673,20.05,20.05,20.05,20.05,0.0,0.0,0.0,0.0,IND_FIELD_0039,RCBD - 4 Replications,4,ICAR AICRP & Syngenta Multi-Locational Trials,https://icar.org.in
TR-2022-KA-00040,EXP-2022-KA-MAI-0020,ICAR_SYNGENTA_TRIALS,India,Karnataka,Karnataka (Deccan Plateau),Dharwad,15.4589,75.0078,Maize,Maize,Kharif,2022,Syngenta Isabion,Syngenta Isabion,Biostimulant,1,Syngenta Isabion,2.0,0,1,0.72,0.72,6.46,217.2,25.7,259.7,14.0,13.1,0.75,0.66,26.8,10,933.9,1742.0,71.6,14.3,20.7,0.673,21.18,21.18,20.05,21.18,1.13,5.64,1.13,3398.0,IND_FIELD_0040,RCBD - 4 Replications,4,ICAR AICRP & Syngenta Multi-Locational Trials,https://icar.org.in
TR-2024-GU-00041,EXP-2024-GU-SOY-0021,ICAR_SYNGENTA_TRIALS,India,Gujarat,Gujarat & Saurashtra Plain,Rajkot,22.3039,70.8022,Soybean,Soybean,Kharif,2024,Control (Untreated Check),Untreated Check,Untreated Check,0,Untreated,0.0,1,0,0.58,0.58,7.84,199.5,13.6,314.1,27.8,7.6,1.03,0.29,34.6,5,684.4,2249.0,78.7,9.7,19.4,0.723,9.67,9.67,9.67,9.67,0.0,0.0,0.0,0.0,IND_FIELD_0041,RCBD - 4 Replications,4,ICAR AICRP & Syngenta Multi-Locational Trials,https://icar.org.in
TR-2024-GU-00042,EXP-2024-GU-SOY-0021,ICAR_SYNGENTA_TRIALS,India,Gujarat,Gujarat & Saurashtra Plain,Rajkot,22.3039,70.8022,Soybean,Soybean,Kharif,2024,Syngenta Quantis,Syngenta Quantis,Biostimulant,1,Syngenta Quantis,2.0,0,1,0.58,0.58,7.84,199.5,13.6,314.1,27.8,7.6,1.03,0.29,34.6,5,684.4,2249.0,78.7,9.7,19.4,0.723,10.09,10.09,9.67,10.09,0.42,4.34,0.42,132.0,IND_FIELD_0042,RCBD - 4 Replications,4,ICAR AICRP & Syngenta Multi-Locational Trials,https://icar.org.in
TR-2023-GU-00043,EXP-2023-GU-GRO-0022,ICAR_SYNGENTA_TRIALS,India,Gujarat,Gujarat & Saurashtra Plain,Rajkot,22.3039,70.8022,Groundnut (Peanut),Groundnut (Peanut),Kharif,2023,Control (Untreated Check),Untreated Check,Untreated Check,0,Untreated,0.0,1,0,0.33,0.33,7.04,213.0,9.9,313.6,31.7,10.8,0.87,0.79,27.4,0,574.0,1781.0,69.8,9.6,20.5,0.685,10.78,10.78,10.78,10.78,0.0,0.0,0.0,0.0,IND_FIELD_0043,RCBD - 4 Replications,4,ICAR AICRP & Syngenta Multi-Locational Trials,https://icar.org.in
TR-2023-GU-00044,EXP-2023-GU-GRO-0022,ICAR_SYNGENTA_TRIALS,India,Gujarat,Gujarat & Saurashtra Plain,Rajkot,22.3039,70.8022,Groundnut (Peanut),Groundnut (Peanut),Kharif,2023,Syngenta Isabion,Syngenta Isabion,Biostimulant,1,Syngenta Isabion,1.5,0,1,0.33,0.33,7.04,213.0,9.9,313.6,31.7,10.8,0.87,0.79,27.4,0,574.0,1781.0,69.8,9.6,20.5,0.685,10.82,10.82,10.78,10.82,0.04,0.37,0.04,-1166.0,IND_FIELD_0044,RCBD - 4 Replications,4,ICAR AICRP & Syngenta Multi-Locational Trials,https://icar.org.in
TR-2024-MA-00045,EXP-2024-MA-CHI-0023,ICAR_SYNGENTA_TRIALS,India,Madhya Pradesh,Madhya Pradesh & Central Belt,Bhopal,23.2599,77.4126,Chickpea (Gram / Chana),Chickpea (Gram / Chana),Rabi,2024,Control (Untreated Check),Untreated Check,Untreated Check,0,Untreated,0.0,1,0,0.6,0.6,7.52,347.8,27.6,304.9,25.3,8.4,0.89,0.46,24.2,1,85.3,1573.0,57.2,14.2,20.7,0.679,8.01,8.01,8.01,8.01,0.0,0.0,0.0,0.0,IND_FIELD_0045,RCBD - 4 Replications,4,ICAR AICRP & Syngenta Multi-Locational Trials,https://icar.org.in
TR-2024-MA-00046,EXP-2024-MA-CHI-0023,ICAR_SYNGENTA_TRIALS,India,Madhya Pradesh,Madhya Pradesh & Central Belt,Bhopal,23.2599,77.4126,Chickpea (Gram / Chana),Chickpea (Gram / Chana),Rabi,2024,Syngenta Isabion,Syngenta Isabion,Biostimulant,1,Syngenta Isabion,1.5,0,1,0.6,0.6,7.52,347.8,27.6,304.9,25.3,8.4,0.89,0.46,24.2,1,85.3,1573.0,57.2,14.2,20.7,0.679,8.72,8.72,8.01,8.72,0.71,8.86,0.71,1916.0,IND_FIELD_0046,RCBD - 4 Replications,4,ICAR AICRP & Syngenta Multi-Locational Trials,https://icar.org.in
TR-2024-TA-00047,EXP-2024-TA-COT-0024,ICAR_SYNGENTA_TRIALS,India,Tamil Nadu,Tamil Nadu & Cauvery Delta,Coimbatore,11.0168,76.9558,Cotton,Cotton,Kharif,2024,Control (Untreated Check),Untreated Check,Untreated Check,0,Untreated,0.0,1,0,0.43,0.43,7.19,223.3,15.6,229.7,38.5,20.7,0.57,0.62,26.5,2,631.3,1722.5,43.0,11.4,19.5,0.674,10.96,10.96,10.96,10.96,0.0,0.0,0.0,0.0,IND_FIELD_0047,RCBD - 4 Replications,4,ICAR AICRP & Syngenta Multi-Locational Trials,https://icar.org.in
TR-2024-TA-00048,EXP-2024-TA-COT-0024,ICAR_SYNGENTA_TRIALS,India,Tamil Nadu,Tamil Nadu & Cauvery Delta,Coimbatore,11.0168,76.9558,Cotton,Cotton,Kharif,2024,Syngenta Isabion,Syngenta Isabion,Biostimulant,1,Syngenta Isabion,1.5,0,1,0.43,0.43,7.19,223.3,15.6,229.7,38.5,20.7,0.57,0.62,26.5,2,631.3,1722.5,43.0,11.4,19.5,0.674,11.94,11.94,10.96,11.94,0.98,8.94,0.98,3158.0,IND_FIELD_0048,RCBD - 4 Replications,4,ICAR AICRP & Syngenta Multi-Locational Trials,https://icar.org.in
TR-2022-KA-00049,EXP-2022-KA-SOY-0025,ICAR_SYNGENTA_TRIALS,India,Karnataka,Karnataka (Deccan Plateau),Dharwad,15.4589,75.0078,Soybean,Soybean,Kharif,2022,Control (Untreated Check),Untreated Check,Untreated Check,0,Untreated,0.0,1,0,0.63,0.63,6.88,321.5,32.1,307.3,26.7,12.0,0.65,0.58,20.3,2,743.9,1319.5,51.4,9.3,15.5,0.634,11.17,11.17,11.17,11.17,0.0,0.0,0.0,0.0,IND_FIELD_0049,RCBD - 4 Replications,4,ICAR AICRP & Syngenta Multi-Locational Trials,https://icar.org.in
TR-2022-KA-00050,EXP-2022-KA-SOY-0025,ICAR_SYNGENTA_TRIALS,India,Karnataka,Karnataka (Deccan Plateau),Dharwad,15.4589,75.0078,Soybean,Soybean,Kharif,2022,Syngenta Quantis,Syngenta Quantis,Biostimulant,1,Syngenta Quantis,2.0,0,1,0.63,0.63,6.88,321.5,32.1,307.3,26.7,12.0,0.65,0.58,20.3,2,743.9,1319.5,51.4,9.3,15.5,0.634,11.52,11.52,11.17,11.52,0.35,3.13,0.35,-190.0,IND_FIELD_0050,RCBD - 4 Replications,4,ICAR AICRP & Syngenta Multi-Locational Trials,https://icar.org.in
TR-2025-MA-00051,EXP-2025-MA-MUS-0026,ICAR_SYNGENTA_TRIALS,India,Madhya Pradesh,Madhya Pradesh & Central Belt,Bhopal,23.2599,77.4126,Mustard / Rapeseed,Mustard / Rapeseed,Rabi,2025,Control (Untreated Check),Untreated Check,Untreated Check,0,Untreated,0.0,1,0,0.5,0.5,7.8,219.8,26.2,264.8,35.7,19.0,0.36,0.45,30.2,3,129.7,1963.0,68.9,9.1,21.4,0.698,6.93,6.93,6.93,6.93,0.0,0.0,0.0,0.0,IND_FIELD_0051,RCBD - 4 Replications,4,ICAR AICRP & Syngenta Multi-Locational Trials,https://icar.org.in
TR-2025-MA-00052,EXP-2025-MA-MUS-0026,ICAR_SYNGENTA_TRIALS,India,Madhya Pradesh,Madhya Pradesh & Central Belt,Bhopal,23.2599,77.4126,Mustard / Rapeseed,Mustard / Rapeseed,Rabi,2025,Syngenta Quantis,Syngenta Quantis,Biostimulant,1,Syngenta Quantis,1.5,0,1,0.5,0.5,7.8,219.8,26.2,264.8,35.7,19.0,0.36,0.45,30.2,3,129.7,1963.0,68.9,9.1,21.4,0.698,7.53,7.53,6.93,7.53,0.6,8.66,0.6,1410.0,IND_FIELD_0052,RCBD - 4 Replications,4,ICAR AICRP & Syngenta Multi-Locational Trials,https://icar.org.in
TR-2024-KA-00053,EXP-2024-KA-SUG-0027,ICAR_SYNGENTA_TRIALS,India,Karnataka,Karnataka (Deccan Plateau),Dharwad,15.4589,75.0078,Sugarcane,Sugarcane,Annual,2024,Control (Untreated Check),Untreated Check,Untreated Check,0,Untreated,0.0,1,0,0.52,0.52,6.53,276.0,25.2,302.8,20.0,12.2,1.23,0.62,29.4,5,75.3,1911.0,68.5,10.2,14.7,0.549,284.87,284.87,284.87,284.87,0.0,0.0,0.0,0.0,IND_FIELD_0053,RCBD - 4 Replications,4,ICAR AICRP & Syngenta Multi-Locational Trials,https://icar.org.in
TR-2024-KA-00054,EXP-2024-KA-SUG-0027,ICAR_SYNGENTA_TRIALS,India,Karnataka,Karnataka (Deccan Plateau),Dharwad,15.4589,75.0078,Sugarcane,Sugarcane,Annual,2024,Syngenta CropBio+,Syngenta CropBio+,Biostimulant,1,Syngenta CropBio+,3.0,0,1,0.52,0.52,6.53,276.0,25.2,302.8,20.0,12.2,1.23,0.62,29.4,5,75.3,1911.0,68.5,10.2,14.7,0.549,337.12,337.12,284.87,337.12,52.25,18.34,52.25,237650.0,IND_FIELD_0054,RCBD - 4 Replications,4,ICAR AICRP & Syngenta Multi-Locational Trials,https://icar.org.in
TR-2025-TA-00055,EXP-2025-TA-RIC-0028,ICAR_SYNGENTA_TRIALS,India,Tamil Nadu,Tamil Nadu & Cauvery Delta,Coimbatore,11.0168,76.9558,Rice (Paddy),Rice (Paddy),Kharif,2025,Control (Untreated Check),Untreated Check,Untreated Check,0,Untreated,0.0,1,0,0.63,0.63,8.28,228.9,24.1,325.4,28.5,15.4,0.98,0.44,33.4,1,676.1,2171.0,60.2,3.3,18.6,0.855,21.46,21.46,21.46,21.46,0.0,0.0,0.0,0.0,IND_FIELD_0055,RCBD - 4 Replications,4,ICAR AICRP & Syngenta Multi-Locational Trials,https://icar.org.in
TR-2025-TA-00056,EXP-2025-TA-RIC-0028,ICAR_SYNGENTA_TRIALS,India,Tamil Nadu,Tamil Nadu & Cauvery Delta,Coimbatore,11.0168,76.9558,Rice (Paddy),Rice (Paddy),Kharif,2025,Syngenta Quantis,Syngenta Quantis,Biostimulant,1,Syngenta Quantis,2.0,0,1,0.63,0.63,8.28,228.9,24.1,325.4,28.5,15.4,0.98,0.44,33.4,1,676.1,2171.0,60.2,3.3,18.6,0.855,25.58,25.58,21.46,25.58,4.12,19.2,4.12,17152.0,IND_FIELD_0056,RCBD - 4 Replications,4,ICAR AICRP & Syngenta Multi-Locational Trials,https://icar.org.in
TR-2024-TE-00057,EXP-2024-TE-RIC-0029,ICAR_SYNGENTA_TRIALS,India,Telangana,Telangana & Andhra (Krishna Basin),Warangal,17.9689,79.5941,Rice (Paddy),Rice (Paddy),Kharif,2024,Control (Untreated Check),Untreated Check,Untreated Check,0,Untreated,0.0,1,0,0.51,0.51,7.15,284.7,21.6,337.3,34.5,13.6,0.92,0.5,24.1,4,766.8,1566.5,58.6,7.0,19.0,0.638,23.33,23.33,23.33,23.33,0.0,0.0,0.0,0.0,IND_FIELD_0057,RCBD - 4 Replications,4,ICAR AICRP & Syngenta Multi-Locational Trials,https://icar.org.in
TR-2024-TE-00058,EXP-2024-TE-RIC-0029,ICAR_SYNGENTA_TRIALS,India,Telangana,Telangana & Andhra (Krishna Basin),Warangal,17.9689,79.5941,Rice (Paddy),Rice (Paddy),Kharif,2024,Syngenta Quantis,Syngenta Quantis,Biostimulant,1,Syngenta Quantis,2.0,0,1,0.51,0.51,7.15,284.7,21.6,337.3,34.5,13.6,0.92,0.5,24.1,4,766.8,1566.5,58.6,7.0,19.0,0.638,25.08,25.08,23.33,25.08,1.75,7.5,1.75,6250.0,IND_FIELD_0058,RCBD - 4 Replications,4,ICAR AICRP & Syngenta Multi-Locational Trials,https://icar.org.in
TR-2024-KA-00059,EXP-2024-KA-RIC-0030,ICAR_SYNGENTA_TRIALS,India,Karnataka,Karnataka (Deccan Plateau),Dharwad,15.4589,75.0078,Rice (Paddy),Rice (Paddy),Kharif,2024,Control (Untreated Check),Untreated Check,Untreated Check,0,Untreated,0.0,1,0,0.53,0.53,6.31,211.5,26.7,215.7,41.8,11.6,0.97,0.47,25.8,7,704.6,1677.0,66.1,10.4,15.5,0.699,19.65,19.65,19.65,19.65,0.0,0.0,0.0,0.0,IND_FIELD_0059,RCBD - 4 Replications,4,ICAR AICRP & Syngenta Multi-Locational Trials,https://icar.org.in
TR-2024-KA-00060,EXP-2024-KA-RIC-0030,ICAR_SYNGENTA_TRIALS,India,Karnataka,Karnataka (Deccan Plateau),Dharwad,15.4589,75.0078,Rice (Paddy),Rice (Paddy),Kharif,2024,Syngenta Quantis,Syngenta Quantis,Biostimulant,1,Syngenta Quantis,2.0,0,1,0.53,0.53,6.31,211.5,26.7,215.7,41.8,11.6,0.97,0.47,25.8,7,704.6,1677.0,66.1,10.4,15.5,0.699,23.33,23.33,19.65,23.33,3.68,18.73,3.68,15128.0,IND_FIELD_0060,RCBD - 4 Replications,4,ICAR AICRP & Syngenta Multi-Locational Trials,https://icar.org.in
TR-2022-TE-00061,EXP-2022-TE-TOM-0031,ICAR_SYNGENTA_TRIALS,India,Telangana,Telangana & Andhra (Krishna Basin),Warangal,17.9689,79.5941,Tomato,Tomato,Annual,2022,Control (Untreated Check),Untreated Check,Untreated Check,0,Untreated,0.0,1,0,0.55,0.55,7.21,304.7,10.9,294.4,39.9,12.0,0.67,0.45,23.7,5,180.3,1540.5,79.7,12.4,16.0,0.85,164.85,164.85,164.85,164.85,0.0,0.0,0.0,0.0,IND_FIELD_0061,RCBD - 4 Replications,4,ICAR AICRP & Syngenta Multi-Locational Trials,https://icar.org.in
TR-2022-TE-00062,EXP-2022-TE-TOM-0031,ICAR_SYNGENTA_TRIALS,India,Telangana,Telangana & Andhra (Krishna Basin),Warangal,17.9689,79.5941,Tomato,Tomato,Annual,2022,Syngenta Isabion,Syngenta Isabion,Biostimulant,1,Syngenta Isabion,2.5,0,1,0.55,0.55,7.21,304.7,10.9,294.4,39.9,12.0,0.67,0.45,23.7,5,180.3,1540.5,79.7,12.4,16.0,0.85,183.7,183.7,164.85,183.7,18.85,11.43,18.85,84460.0,IND_FIELD_0062,RCBD - 4 Replications,4,ICAR AICRP & Syngenta Multi-Locational Trials,https://icar.org.in
TR-2021-TA-00063,EXP-2021-TA-WHE-0032,ICAR_SYNGENTA_TRIALS,India,Tamil Nadu,Tamil Nadu & Cauvery Delta,Coimbatore,11.0168,76.9558,Wheat,Wheat,Rabi,2021,Control (Untreated Check),Untreated Check,Untreated Check,0,Untreated,0.0,1,0,0.25,0.25,7.37,222.2,15.9,321.9,32.4,17.3,1.09,0.29,26.2,3,87.6,1703.0,69.4,12.2,20.7,0.724,15.32,15.32,15.32,15.32,0.0,0.0,0.0,0.0,IND_FIELD_0063,RCBD - 4 Replications,4,ICAR AICRP & Syngenta Multi-Locational Trials,https://icar.org.in
TR-2021-TA-00064,EXP-2021-TA-WHE-0032,ICAR_SYNGENTA_TRIALS,India,Tamil Nadu,Tamil Nadu & Cauvery Delta,Coimbatore,11.0168,76.9558,Wheat,Wheat,Rabi,2021,Syngenta Quantis,Syngenta Quantis,Biostimulant,1,Syngenta Quantis,1.5,0,1,0.25,0.25,7.37,222.2,15.9,321.9,32.4,17.3,1.09,0.29,26.2,3,87.6,1703.0,69.4,12.2,20.7,0.724,17.09,17.09,15.32,17.09,1.77,11.55,1.77,6792.0,IND_FIELD_0064,RCBD - 4 Replications,4,ICAR AICRP & Syngenta Multi-Locational Trials,https://icar.org.in
TR-2023-UT-00065,EXP-2023-UT-ONI-0033,ICAR_SYNGENTA_TRIALS,India,Uttar Pradesh,Indo-Gangetic Plain (Central),Varanasi,25.3176,82.9739,Onion,Onion,Rabi,2023,Control (Untreated Check),Untreated Check,Untreated Check,0,Untreated,0.0,1,0,0.38,0.38,7.95,235.8,23.5,233.0,23.2,17.2,0.81,0.49,31.6,2,225.6,2054.0,53.9,13.0,13.1,0.557,118.64,118.64,118.64,118.64,0.0,0.0,0.0,0.0,IND_FIELD_0065,RCBD - 4 Replications,4,ICAR AICRP & Syngenta Multi-Locational Trials,https://icar.org.in
TR-2023-UT-00066,EXP-2023-UT-ONI-0033,ICAR_SYNGENTA_TRIALS,India,Uttar Pradesh,Indo-Gangetic Plain (Central),Varanasi,25.3176,82.9739,Onion,Onion,Rabi,2023,Syngenta Quantis,Syngenta Quantis,Biostimulant,1,Syngenta Quantis,2.0,0,1,0.38,0.38,7.95,235.8,23.5,233.0,23.2,17.2,0.81,0.49,31.6,2,225.6,2054.0,53.9,13.0,13.1,0.557,136.1,136.1,118.64,136.1,17.46,14.72,17.46,78516.0,IND_FIELD_0066,RCBD - 4 Replications,4,ICAR AICRP & Syngenta Multi-Locational Trials,https://icar.org.in
TR-2021-MA-00067,EXP-2021-MA-SOY-0034,ICAR_SYNGENTA_TRIALS,India,Madhya Pradesh,Madhya Pradesh & Central Belt,Bhopal,23.2599,77.4126,Soybean,Soybean,Kharif,2021,Control (Untreated Check),Untreated Check,Untreated Check,0,Untreated,0.0,1,0,0.54,0.54,7.52,180.1,15.3,339.7,33.2,13.4,0.85,0.59,26.9,0,602.2,1748.5,51.7,11.0,23.5,0.73,9.84,9.84,9.84,9.84,0.0,0.0,0.0,0.0,IND_FIELD_0067,RCBD - 4 Replications,4,ICAR AICRP & Syngenta Multi-Locational Trials,https://icar.org.in
TR-2021-MA-00068,EXP-2021-MA-SOY-0034,ICAR_SYNGENTA_TRIALS,India,Madhya Pradesh,Madhya Pradesh & Central Belt,Bhopal,23.2599,77.4126,Soybean,Soybean,Kharif,2021,Syngenta Quantis,Syngenta Quantis,Biostimulant,1,Syngenta Quantis,2.0,0,1,0.54,0.54,7.52,180.1,15.3,339.7,33.2,13.4,0.85,0.59,26.9,0,602.2,1748.5,51.7,11.0,23.5,0.73,10.57,10.57,9.84,10.57,0.73,7.42,0.73,1558.0,IND_FIELD_0068,RCBD - 4 Replications,4,ICAR AICRP & Syngenta Multi-Locational Trials,https://icar.org.in
TR-2021-KA-00069,EXP-2021-KA-TOM-0035,ICAR_SYNGENTA_TRIALS,India,Karnataka,Karnataka (Deccan Plateau),Dharwad,15.4589,75.0078,Tomato,Tomato,Annual,2021,Control (Untreated Check),Untreated Check,Untreated Check,0,Untreated,0.0,1,0,0.74,0.74,7.43,214.9,26.6,263.7,37.6,15.3,0.38,0.51,29.1,2,57.7,1891.5,54.5,6.8,21.1,0.614,173.62,173.62,173.62,173.62,0.0,0.0,0.0,0.0,IND_FIELD_0069,RCBD - 4 Replications,4,ICAR AICRP & Syngenta Multi-Locational Trials,https://icar.org.in
TR-2021-KA-00070,EXP-2021-KA-TOM-0035,ICAR_SYNGENTA_TRIALS,India,Karnataka,Karnataka (Deccan Plateau),Dharwad,15.4589,75.0078,Tomato,Tomato,Annual,2021,Syngenta Isabion,Syngenta Isabion,Biostimulant,1,Syngenta Isabion,2.5,0,1,0.74,0.74,7.43,214.9,26.6,263.7,37.6,15.3,0.38,0.51,29.1,2,57.7,1891.5,54.5,6.8,21.1,0.614,194.33,194.33,173.62,194.33,20.71,11.93,20.71,93016.0,IND_FIELD_0070,RCBD - 4 Replications,4,ICAR AICRP & Syngenta Multi-Locational Trials,https://icar.org.in
TR-2022-UT-00071,EXP-2022-UT-MAI-0036,ICAR_SYNGENTA_TRIALS,India,Uttar Pradesh,Indo-Gangetic Plain (Central),Varanasi,25.3176,82.9739,Maize,Maize,Kharif,2022,Control (Untreated Check),Untreated Check,Untreated Check,0,Untreated,0.0,1,0,0.51,0.51,7.47,219.3,37.8,216.2,40.0,11.5,0.84,0.76,26.6,5,861.2,1729.0,60.7,8.8,18.3,0.723,23.27,23.27,23.27,23.27,0.0,0.0,0.0,0.0,IND_FIELD_0071,RCBD - 4 Replications,4,ICAR AICRP & Syngenta Multi-Locational Trials,https://icar.org.in
TR-2022-UT-00072,EXP-2022-UT-MAI-0036,ICAR_SYNGENTA_TRIALS,India,Uttar Pradesh,Indo-Gangetic Plain (Central),Varanasi,25.3176,82.9739,Maize,Maize,Kharif,2022,Syngenta Isabion,Syngenta Isabion,Biostimulant,1,Syngenta Isabion,2.0,0,1,0.51,0.51,7.47,219.3,37.8,216.2,40.0,11.5,0.84,0.76,26.6,5,861.2,1729.0,60.7,8.8,18.3,0.723,24.54,24.54,23.27,24.54,1.27,5.46,1.27,4042.0,IND_FIELD_0072,RCBD - 4 Replications,4,ICAR AICRP & Syngenta Multi-Locational Trials,https://icar.org.in
TR-2024-PU-00073,EXP-2024-PU-CHI-0037,ICAR_SYNGENTA_TRIALS,India,Punjab,Punjab & Haryana (Indo-Gangetic),Ludhiana,30.901,75.8573,Chickpea (Gram / Chana),Chickpea (Gram / Chana),Rabi,2024,Control (Untreated Check),Untreated Check,Untreated Check,0,Untreated,0.0,1,0,0.48,0.48,8.53,209.2,34.3,192.2,20.4,15.5,0.89,0.58,24.7,3,146.0,1605.5,74.8,9.6,18.6,0.746,6.81,6.81,6.81,6.81,0.0,0.0,0.0,0.0,IND_FIELD_0073,RCBD - 4 Replications,4,ICAR AICRP & Syngenta Multi-Locational Trials,https://icar.org.in
TR-2024-PU-00074,EXP-2024-PU-CHI-0037,ICAR_SYNGENTA_TRIALS,India,Punjab,Punjab & Haryana (Indo-Gangetic),Ludhiana,30.901,75.8573,Chickpea (Gram / Chana),Chickpea (Gram / Chana),Rabi,2024,Syngenta Isabion,Syngenta Isabion,Biostimulant,1,Syngenta Isabion,1.5,0,1,0.48,0.48,8.53,209.2,34.3,192.2,20.4,15.5,0.89,0.58,24.7,3,146.0,1605.5,74.8,9.6,18.6,0.746,7.62,7.62,6.81,7.62,0.81,11.89,0.81,2376.0,IND_FIELD_0074,RCBD - 4 Replications,4,ICAR AICRP & Syngenta Multi-Locational Trials,https://icar.org.in
TR-2021-TE-00075,EXP-2021-TE-WHE-0038,ICAR_SYNGENTA_TRIALS,India,Telangana,Telangana & Andhra (Krishna Basin),Warangal,17.9689,79.5941,Wheat,Wheat,Rabi,2021,Control (Untreated Check),Untreated Check,Untreated Check,0,Untreated,0.0,1,0,0.46,0.46,7.29,208.2,25.3,254.2,30.7,12.5,1.14,0.57,31.6,3,30.0,2054.0,68.8,12.5,17.2,0.779,17.53,17.53,17.53,17.53,0.0,0.0,0.0,0.0,IND_FIELD_0075,RCBD - 4 Replications,4,ICAR AICRP & Syngenta Multi-Locational Trials,https://icar.org.in
TR-2021-TE-00076,EXP-2021-TE-WHE-0038,ICAR_SYNGENTA_TRIALS,India,Telangana,Telangana & Andhra (Krishna Basin),Warangal,17.9689,79.5941,Wheat,Wheat,Rabi,2021,Syngenta Quantis,Syngenta Quantis,Biostimulant,1,Syngenta Quantis,1.5,0,1,0.46,0.46,7.29,208.2,25.3,254.2,30.7,12.5,1.14,0.57,31.6,3,30.0,2054.0,68.8,12.5,17.2,0.779,19.19,19.19,17.53,19.19,1.66,9.47,1.66,6286.0,IND_FIELD_0076,RCBD - 4 Replications,4,ICAR AICRP & Syngenta Multi-Locational Trials,https://icar.org.in
TR-2025-TE-00077,EXP-2025-TE-CHI-0039,ICAR_SYNGENTA_TRIALS,India,Telangana,Telangana & Andhra (Krishna Basin),Warangal,17.9689,79.5941,Chickpea (Gram / Chana),Chickpea (Gram / Chana),Rabi,2025,Control (Untreated Check),Untreated Check,Untreated Check,0,Untreated,0.0,1,0,0.47,0.47,7.78,280.3,16.4,273.2,30.0,9.3,0.67,0.43,26.2,0,30.0,1703.0,55.9,6.5,20.2,0.668,6.25,6.25,6.25,6.25,0.0,0.0,0.0,0.0,IND_FIELD_0077,RCBD - 4 Replications,4,ICAR AICRP & Syngenta Multi-Locational Trials,https://icar.org.in
TR-2025-TE-00078,EXP-2025-TE-CHI-0039,ICAR_SYNGENTA_TRIALS,India,Telangana,Telangana & Andhra (Krishna Basin),Warangal,17.9689,79.5941,Chickpea (Gram / Chana),Chickpea (Gram / Chana),Rabi,2025,Syngenta Isabion,Syngenta Isabion,Biostimulant,1,Syngenta Isabion,1.5,0,1,0.47,0.47,7.78,280.3,16.4,273.2,30.0,9.3,0.67,0.43,26.2,0,30.0,1703.0,55.9,6.5,20.2,0.668,7.73,7.73,6.25,7.73,1.48,23.68,1.48,5458.0,IND_FIELD_0078,RCBD - 4 Replications,4,ICAR AICRP & Syngenta Multi-Locational Trials,https://icar.org.in
TR-2025-TA-00079,EXP-2025-TA-TUR-0040,ICAR_SYNGENTA_TRIALS,India,Tamil Nadu,Tamil Nadu & Cauvery Delta,Coimbatore,11.0168,76.9558,Tur / Pigeon Pea (Arhar),Tur / Pigeon Pea (Arhar),Kharif,2025,Control (Untreated Check),Untreated Check,Untreated Check,0,Untreated,0.0,1,0,0.45,0.45,8.07,286.7,12.2,288.0,28.4,11.9,0.96,0.48,27.0,5,663.2,1755.0,76.0,12.4,19.4,0.654,7.11,7.11,7.11,7.11,0.0,0.0,0.0,0.0,IND_FIELD_0079,RCBD - 4 Replications,4,ICAR AICRP & Syngenta Multi-Locational Trials,https://icar.org.in
TR-2025-TA-00080,EXP-2025-TA-TUR-0040,ICAR_SYNGENTA_TRIALS,India,Tamil Nadu,Tamil Nadu & Cauvery Delta,Coimbatore,11.0168,76.9558,Tur / Pigeon Pea (Arhar),Tur / Pigeon Pea (Arhar),Kharif,2025,Syngenta Quantis,Syngenta Quantis,Biostimulant,1,Syngenta Quantis,2.0,0,1,0.45,0.45,8.07,286.7,12.2,288.0,28.4,11.9,0.96,0.48,27.0,5,663.2,1755.0,76.0,12.4,19.4,0.654,7.65,7.65,7.11,7.65,0.54,7.59,0.54,684.0,IND_FIELD_0080,RCBD - 4 Replications,4,ICAR AICRP & Syngenta Multi-Locational Trials,https://icar.org.in
TR-2025-MA-00081,EXP-2025-MA-TUR-0041,ICAR_SYNGENTA_TRIALS,India,Maharashtra,Maharashtra & Vidarbha (Deccan),Nagpur,21.1458,79.0882,Tur / Pigeon Pea (Arhar),Tur / Pigeon Pea (Arhar),Kharif,2025,Control (Untreated Check),Untreated Check,Untreated Check,0,Untreated,0.0,1,0,0.47,0.47,8.25,157.7,14.4,315.8,31.8,15.8,0.81,0.44,31.4,1,656.5,2041.0,69.0,11.0,18.6,0.683,8.01,8.01,8.01,8.01,0.0,0.0,0.0,0.0,IND_FIELD_0081,RCBD - 4 Replications,4,ICAR AICRP & Syngenta Multi-Locational Trials,https://icar.org.in
TR-2025-MA-00082,EXP-2025-MA-TUR-0041,ICAR_SYNGENTA_TRIALS,India,Maharashtra,Maharashtra & Vidarbha (Deccan),Nagpur,21.1458,79.0882,Tur / Pigeon Pea (Arhar),Tur / Pigeon Pea (Arhar),Kharif,2025,Syngenta Quantis,Syngenta Quantis,Biostimulant,1,Syngenta Quantis,2.0,0,1,0.47,0.47,8.25,157.7,14.4,315.8,31.8,15.8,0.81,0.44,31.4,1,656.5,2041.0,69.0,11.0,18.6,0.683,8.54,8.54,8.01,8.54,0.53,6.62,0.53,638.0,IND_FIELD_0082,RCBD - 4 Replications,4,ICAR AICRP & Syngenta Multi-Locational Trials,https://icar.org.in
TR-2023-MA-00083,EXP-2023-MA-CHI-0042,ICAR_SYNGENTA_TRIALS,India,Madhya Pradesh,Madhya Pradesh & Central Belt,Bhopal,23.2599,77.4126,Chickpea (Gram / Chana),Chickpea (Gram / Chana),Rabi,2023,Control (Untreated Check),Untreated Check,Untreated Check,0,Untreated,0.0,1,0,0.63,0.63,7.56,262.3,27.5,312.5,27.5,12.3,0.76,0.44,29.5,3,87.0,1917.5,62.6,11.3,22.4,0.704,6.69,6.69,6.69,6.69,0.0,0.0,0.0,0.0,IND_FIELD_0083,RCBD - 4 Replications,4,ICAR AICRP & Syngenta Multi-Locational Trials,https://icar.org.in
TR-2023-MA-00084,EXP-2023-MA-CHI-0042,ICAR_SYNGENTA_TRIALS,India,Madhya Pradesh,Madhya Pradesh & Central Belt,Bhopal,23.2599,77.4126,Chickpea (Gram / Chana),Chickpea (Gram / Chana),Rabi,2023,Syngenta Isabion,Syngenta Isabion,Biostimulant,1,Syngenta Isabion,1.5,0,1,0.63,0.63,7.56,262.3,27.5,312.5,27.5,12.3,0.76,0.44,29.5,3,87.0,1917.5,62.6,11.3,22.4,0.704,7.16,7.16,6.69,7.16,0.47,7.03,0.47,812.0,IND_FIELD_0084,RCBD - 4 Replications,4,ICAR AICRP & Syngenta Multi-Locational Trials,https://icar.org.in
TR-2023-MA-00085,EXP-2023-MA-ONI-0043,ICAR_SYNGENTA_TRIALS,India,Maharashtra,Maharashtra & Vidarbha (Deccan),Nagpur,21.1458,79.0882,Onion,Onion,Rabi,2023,Control (Untreated Check),Untreated Check,Untreated Check,0,Untreated,0.0,1,0,0.45,0.45,7.45,196.3,14.6,338.1,29.7,12.8,1.07,0.62,26.4,4,225.2,1716.0,77.8,7.6,18.4,0.821,113.21,113.21,113.21,113.21,0.0,0.0,0.0,0.0,IND_FIELD_0085,RCBD - 4 Replications,4,ICAR AICRP & Syngenta Multi-Locational Trials,https://icar.org.in
TR-2023-MA-00086,EXP-2023-MA-ONI-0043,ICAR_SYNGENTA_TRIALS,India,Maharashtra,Maharashtra & Vidarbha (Deccan),Nagpur,21.1458,79.0882,Onion,Onion,Rabi,2023,Syngenta Quantis,Syngenta Quantis,Biostimulant,1,Syngenta Quantis,2.0,0,1,0.45,0.45,7.45,196.3,14.6,338.1,29.7,12.8,1.07,0.62,26.4,4,225.2,1716.0,77.8,7.6,18.4,0.821,117.24,117.24,113.21,117.24,4.03,3.56,4.03,16738.0,IND_FIELD_0086,RCBD - 4 Replications,4,ICAR AICRP & Syngenta Multi-Locational Trials,https://icar.org.in
TR-2022-MA-00087,EXP-2022-MA-ONI-0044,ICAR_SYNGENTA_TRIALS,India,Maharashtra,Maharashtra & Vidarbha (Deccan),Nagpur,21.1458,79.0882,Onion,Onion,Rabi,2022,Control (Untreated Check),Untreated Check,Untreated Check,0,Untreated,0.0,1,0,0.62,0.62,8.43,207.7,15.2,415.2,21.9,6.3,0.94,0.49,25.4,3,220.8,1651.0,74.5,9.2,23.1,0.605,113.92,113.92,113.92,113.92,0.0,0.0,0.0,0.0,IND_FIELD_0087,RCBD - 4 Replications,4,ICAR AICRP & Syngenta Multi-Locational Trials,https://icar.org.in
TR-2022-MA-00088,EXP-2022-MA-ONI-0044,ICAR_SYNGENTA_TRIALS,India,Maharashtra,Maharashtra & Vidarbha (Deccan),Nagpur,21.1458,79.0882,Onion,Onion,Rabi,2022,Syngenta Quantis,Syngenta Quantis,Biostimulant,1,Syngenta Quantis,2.0,0,1,0.62,0.62,8.43,207.7,15.2,415.2,21.9,6.3,0.94,0.49,25.4,3,220.8,1651.0,74.5,9.2,23.1,0.605,122.53,122.53,113.92,122.53,8.61,7.56,8.61,37806.0,IND_FIELD_0088,RCBD - 4 Replications,4,ICAR AICRP & Syngenta Multi-Locational Trials,https://icar.org.in
TR-2023-PU-00089,EXP-2023-PU-WHE-0045,ICAR_SYNGENTA_TRIALS,India,Punjab,Punjab & Haryana (Indo-Gangetic),Ludhiana,30.901,75.8573,Wheat,Wheat,Rabi,2023,Control (Untreated Check),Untreated Check,Untreated Check,0,Untreated,0.0,1,0,0.4,0.4,8.24,136.2,39.2,191.7,39.8,15.2,0.94,0.62,29.8,2,274.9,1937.0,72.9,6.6,18.4,0.706,16.11,16.11,16.11,16.11,0.0,0.0,0.0,0.0,IND_FIELD_0089,RCBD - 4 Replications,4,ICAR AICRP & Syngenta Multi-Locational Trials,https://icar.org.in
TR-2023-PU-00090,EXP-2023-PU-WHE-0045,ICAR_SYNGENTA_TRIALS,India,Punjab,Punjab & Haryana (Indo-Gangetic),Ludhiana,30.901,75.8573,Wheat,Wheat,Rabi,2023,Syngenta Quantis,Syngenta Quantis,Biostimulant,1,Syngenta Quantis,1.5,0,1,0.4,0.4,8.24,136.2,39.2,191.7,39.8,15.2,0.94,0.62,29.8,2,274.9,1937.0,72.9,6.6,18.4,0.706,16.55,16.55,16.11,16.55,0.44,2.73,0.44,674.0,IND_FIELD_0090,RCBD - 4 Replications,4,ICAR AICRP & Syngenta Multi-Locational Trials,https://icar.org.in
TR-2021-TE-00091,EXP-2021-TE-TUR-0046,ICAR_SYNGENTA_TRIALS,India,Telangana,Telangana & Andhra (Krishna Basin),Warangal,17.9689,79.5941,Tur / Pigeon Pea (Arhar),Tur / Pigeon Pea (Arhar),Kharif,2021,Control (Untreated Check),Untreated Check,Untreated Check,0,Untreated,0.0,1,0,0.48,0.48,6.56,244.8,15.8,329.8,30.1,13.9,0.82,0.47,35.9,4,630.4,2333.5,58.3,9.4,18.5,0.599,8.23,8.23,8.23,8.23,0.0,0.0,0.0,0.0,IND_FIELD_0091,RCBD - 4 Replications,4,ICAR AICRP & Syngenta Multi-Locational Trials,https://icar.org.in
TR-2021-TE-00092,EXP-2021-TE-TUR-0046,ICAR_SYNGENTA_TRIALS,India,Telangana,Telangana & Andhra (Krishna Basin),Warangal,17.9689,79.5941,Tur / Pigeon Pea (Arhar),Tur / Pigeon Pea (Arhar),Kharif,2021,Syngenta Quantis,Syngenta Quantis,Biostimulant,1,Syngenta Quantis,2.0,0,1,0.48,0.48,6.56,244.8,15.8,329.8,30.1,13.9,0.82,0.47,35.9,4,630.4,2333.5,58.3,9.4,18.5,0.599,9.4,9.4,8.23,9.4,1.17,14.22,1.17,3582.0,IND_FIELD_0092,RCBD - 4 Replications,4,ICAR AICRP & Syngenta Multi-Locational Trials,https://icar.org.in
TR-2021-UT-00093,EXP-2021-UT-TOM-0047,ICAR_SYNGENTA_TRIALS,India,Uttar Pradesh,Indo-Gangetic Plain (Central),Varanasi,25.3176,82.9739,Tomato,Tomato,Annual,2021,Control (Untreated Check),Untreated Check,Untreated Check,0,Untreated,0.0,1,0,0.51,0.51,6.88,206.3,21.6,179.9,30.0,20.3,0.98,0.48,30.2,1,289.9,1963.0,77.2,9.7,16.9,0.729,161.86,161.86,161.86,161.86,0.0,0.0,0.0,0.0,IND_FIELD_0093,RCBD - 4 Replications,4,ICAR AICRP & Syngenta Multi-Locational Trials,https://icar.org.in
TR-2021-UT-00094,EXP-2021-UT-TOM-0047,ICAR_SYNGENTA_TRIALS,India,Uttar Pradesh,Indo-Gangetic Plain (Central),Varanasi,25.3176,82.9739,Tomato,Tomato,Annual,2021,Syngenta Isabion,Syngenta Isabion,Biostimulant,1,Syngenta Isabion,2.5,0,1,0.51,0.51,6.88,206.3,21.6,179.9,30.0,20.3,0.98,0.48,30.2,1,289.9,1963.0,77.2,9.7,16.9,0.729,182.17,182.17,161.86,182.17,20.31,12.55,20.31,91176.0,IND_FIELD_0094,RCBD - 4 Replications,4,ICAR AICRP & Syngenta Multi-Locational Trials,https://icar.org.in
TR-2021-TA-00095,EXP-2021-TA-ONI-0048,ICAR_SYNGENTA_TRIALS,India,Tamil Nadu,Tamil Nadu & Cauvery Delta,Coimbatore,11.0168,76.9558,Onion,Onion,Rabi,2021,Control (Untreated Check),Untreated Check,Untreated Check,0,Untreated,0.0,1,0,0.58,0.58,7.65,263.3,19.0,337.7,34.8,21.6,0.78,0.57,25.4,5,97.1,1651.0,56.7,11.1,17.2,0.695,121.17,121.17,121.17,121.17,0.0,0.0,0.0,0.0,IND_FIELD_0095,RCBD - 4 Replications,4,ICAR AICRP & Syngenta Multi-Locational Trials,https://icar.org.in
TR-2021-TA-00096,EXP-2021-TA-ONI-0048,ICAR_SYNGENTA_TRIALS,India,Tamil Nadu,Tamil Nadu & Cauvery Delta,Coimbatore,11.0168,76.9558,Onion,Onion,Rabi,2021,Syngenta Quantis,Syngenta Quantis,Biostimulant,1,Syngenta Quantis,2.0,0,1,0.58,0.58,7.65,263.3,19.0,337.7,34.8,21.6,0.78,0.57,25.4,5,97.1,1651.0,56.7,11.1,17.2,0.695,137.47,137.47,121.17,137.47,16.3,13.45,16.3,73180.0,IND_FIELD_0096,RCBD - 4 Replications,4,ICAR AICRP & Syngenta Multi-Locational Trials,https://icar.org.in
TR-2024-GU-00097,EXP-2024-GU-TOM-0049,ICAR_SYNGENTA_TRIALS,India,Gujarat,Gujarat & Saurashtra Plain,Rajkot,22.3039,70.8022,Tomato,Tomato,Annual,2024,Control (Untreated Check),Untreated Check,Untreated Check,0,Untreated,0.0,1,0,0.6,0.6,8.2,196.0,23.9,398.1,52.6,12.6,0.87,0.74,23.9,6,274.6,1553.5,66.7,11.6,16.7,0.796,139.39,139.39,139.39,139.39,0.0,0.0,0.0,0.0,IND_FIELD_0097,RCBD - 4 Replications,4,ICAR AICRP & Syngenta Multi-Locational Trials,https://icar.org.in
TR-2024-GU-00098,EXP-2024-GU-TOM-0049,ICAR_SYNGENTA_TRIALS,India,Gujarat,Gujarat & Saurashtra Plain,Rajkot,22.3039,70.8022,Tomato,Tomato,Annual,2024,Syngenta Isabion,Syngenta Isabion,Biostimulant,1,Syngenta Isabion,2.5,0,1,0.6,0.6,8.2,196.0,23.9,398.1,52.6,12.6,0.87,0.74,23.9,6,274.6,1553.5,66.7,11.6,16.7,0.796,150.46,150.46,139.39,150.46,11.07,7.94,11.07,48672.0,IND_FIELD_0098,RCBD - 4 Replications,4,ICAR AICRP & Syngenta Multi-Locational Trials,https://icar.org.in
TR-2023-TA-00099,EXP-2023-TA-COT-0050,ICAR_SYNGENTA_TRIALS,India,Tamil Nadu,Tamil Nadu & Cauvery Delta,Coimbatore,11.0168,76.9558,Cotton,Cotton,Kharif,2023,Control (Untreated Check),Untreated Check,Untreated Check,0,Untreated,0.0,1,0,0.66,0.66,7.56,204.2,19.0,251.1,42.8,20.3,0.71,0.58,24.5,2,787.3,1592.5,85.2,13.8,15.0,0.641,11.29,11.29,11.29,11.29,0.0,0.0,0.0,0.0,IND_FIELD_0099,RCBD - 4 Replications,4,ICAR AICRP & Syngenta Multi-Locational Trials,https://icar.org.in
TR-2023-TA-00100,EXP-2023-TA-COT-0050,ICAR_SYNGENTA_TRIALS,India,Tamil Nadu,Tamil Nadu & Cauvery Delta,Coimbatore,11.0168,76.9558,Cotton,Cotton,Kharif,2023,Syngenta Isabion,Syngenta Isabion,Biostimulant,1,Syngenta Isabion,1.5,0,1,0.66,0.66,7.56,204.2,19.0,251.1,42.8,20.3,0.71,0.58,24.5,2,787.3,1592.5,85.2,13.8,15.0,0.641,11.92,11.92,11.29,11.92,0.63,5.58,0.63,1548.0,IND_FIELD_0100,RCBD - 4 Replications,4,ICAR AICRP & Syngenta Multi-Locational Trials,https://icar.org.in
TR-2022-KA-00101,EXP-2022-KA-GRO-0051,ICAR_SYNGENTA_TRIALS,India,Karnataka,Karnataka (Deccan Plateau),Dharwad,15.4589,75.0078,Groundnut (Peanut),Groundnut (Peanut),Kharif,2022,Control (Untreated Check),Untreated Check,Untreated Check,0,Untreated,0.0,1,0,0.78,0.78,6.56,244.3,18.3,293.5,32.8,11.4,0.59,0.72,23.7,7,647.8,1540.5,63.5,9.9,17.3,0.636,9.89,9.89,9.89,9.89,0.0,0.0,0.0,0.0,IND_FIELD_0101,RCBD - 4 Replications,4,ICAR AICRP & Syngenta Multi-Locational Trials,https://icar.org.in
TR-2022-KA-00102,EXP-2022-KA-GRO-0051,ICAR_SYNGENTA_TRIALS,India,Karnataka,Karnataka (Deccan Plateau),Dharwad,15.4589,75.0078,Groundnut (Peanut),Groundnut (Peanut),Kharif,2022,Syngenta Isabion,Syngenta Isabion,Biostimulant,1,Syngenta Isabion,1.5,0,1,0.78,0.78,6.56,244.3,18.3,293.5,32.8,11.4,0.59,0.72,23.7,7,647.8,1540.5,63.5,9.9,17.3,0.636,12.28,12.28,9.89,12.28,2.39,24.17,2.39,9644.0,IND_FIELD_0102,RCBD - 4 Replications,4,ICAR AICRP & Syngenta Multi-Locational Trials,https://icar.org.in
TR-2023-GU-00103,EXP-2023-GU-RIC-0052,ICAR_SYNGENTA_TRIALS,India,Gujarat,Gujarat & Saurashtra Plain,Rajkot,22.3039,70.8022,Rice (Paddy),Rice (Paddy),Kharif,2023,Control (Untreated Check),Untreated Check,Untreated Check,0,Untreated,0.0,1,0,0.54,0.54,7.28,212.6,8.0,371.7,24.5,14.3,0.86,0.56,27.3,2,637.3,1774.5,67.0,9.4,20.2,0.644,21.85,21.85,21.85,21.85,0.0,0.0,0.0,0.0,IND_FIELD_0103,RCBD - 4 Replications,4,ICAR AICRP & Syngenta Multi-Locational Trials,https://icar.org.in
TR-2023-GU-00104,EXP-2023-GU-RIC-0052,ICAR_SYNGENTA_TRIALS,India,Gujarat,Gujarat & Saurashtra Plain,Rajkot,22.3039,70.8022,Rice (Paddy),Rice (Paddy),Kharif,2023,Syngenta Quantis,Syngenta Quantis,Biostimulant,1,Syngenta Quantis,2.0,0,1,0.54,0.54,7.28,212.6,8.0,371.7,24.5,14.3,0.86,0.56,27.3,2,637.3,1774.5,67.0,9.4,20.2,0.644,23.93,23.93,21.85,23.93,2.08,9.52,2.08,7768.0,IND_FIELD_0104,RCBD - 4 Replications,4,ICAR AICRP & Syngenta Multi-Locational Trials,https://icar.org.in
TR-2024-UT-00105,EXP-2024-UT-ONI-0053,ICAR_SYNGENTA_TRIALS,India,Uttar Pradesh,Indo-Gangetic Plain (Central),Varanasi,25.3176,82.9739,Onion,Onion,Rabi,2024,Control (Untreated Check),Untreated Check,Untreated Check,0,Untreated,0.0,1,0,0.51,0.51,8.0,244.4,34.1,180.4,28.9,8.4,1.04,0.51,29.1,3,138.8,1891.5,75.7,11.7,17.5,0.577,115.25,115.25,115.25,115.25,0.0,0.0,0.0,0.0,IND_FIELD_0105,RCBD - 4 Replications,4,ICAR AICRP & Syngenta Multi-Locational Trials,https://icar.org.in
TR-2024-UT-00106,EXP-2024-UT-ONI-0053,ICAR_SYNGENTA_TRIALS,India,Uttar Pradesh,Indo-Gangetic Plain (Central),Varanasi,25.3176,82.9739,Onion,Onion,Rabi,2024,Syngenta Quantis,Syngenta Quantis,Biostimulant,1,Syngenta Quantis,2.0,0,1,0.51,0.51,8.0,244.4,34.1,180.4,28.9,8.4,1.04,0.51,29.1,3,138.8,1891.5,75.7,11.7,17.5,0.577,120.11,120.11,115.25,120.11,4.86,4.22,4.86,20556.0,IND_FIELD_0106,RCBD - 4 Replications,4,ICAR AICRP & Syngenta Multi-Locational Trials,https://icar.org.in
TR-2024-TE-00107,EXP-2024-TE-SOY-0054,ICAR_SYNGENTA_TRIALS,India,Telangana,Telangana & Andhra (Krishna Basin),Warangal,17.9689,79.5941,Soybean,Soybean,Kharif,2024,Control (Untreated Check),Untreated Check,Untreated Check,0,Untreated,0.0,1,0,0.63,0.63,6.39,262.5,30.1,334.5,16.9,20.2,0.86,0.52,29.9,7,575.1,1943.5,68.9,6.2,18.1,0.566,10.42,10.42,10.42,10.42,0.0,0.0,0.0,0.0,IND_FIELD_0107,RCBD - 4 Replications,4,ICAR AICRP & Syngenta Multi-Locational Trials,https://icar.org.in
TR-2024-TE-00108,EXP-2024-TE-SOY-0054,ICAR_SYNGENTA_TRIALS,India,Telangana,Telangana & Andhra (Krishna Basin),Warangal,17.9689,79.5941,Soybean,Soybean,Kharif,2024,Syngenta Quantis,Syngenta Quantis,Biostimulant,1,Syngenta Quantis,2.0,0,1,0.63,0.63,6.39,262.5,30.1,334.5,16.9,20.2,0.86,0.52,29.9,7,575.1,1943.5,68.9,6.2,18.1,0.566,10.73,10.73,10.42,10.73,0.31,2.98,0.31,-374.0,IND_FIELD_0108,RCBD - 4 Replications,4,ICAR AICRP & Syngenta Multi-Locational Trials,https://icar.org.in
TR-2025-TE-00109,EXP-2025-TE-COT-0055,ICAR_SYNGENTA_TRIALS,India,Telangana,Telangana & Andhra (Krishna Basin),Warangal,17.9689,79.5941,Cotton,Cotton,Kharif,2025,Control (Untreated Check),Untreated Check,Untreated Check,0,Untreated,0.0,1,0,0.48,0.48,7.36,218.4,21.8,288.7,25.3,11.0,0.65,0.67,26.6,3,619.7,1729.0,52.1,9.1,18.1,0.612,11.44,11.44,11.44,11.44,0.0,0.0,0.0,0.0,IND_FIELD_0109,RCBD - 4 Replications,4,ICAR AICRP & Syngenta Multi-Locational Trials,https://icar.org.in
TR-2025-TE-00110,EXP-2025-TE-COT-0055,ICAR_SYNGENTA_TRIALS,India,Telangana,Telangana & Andhra (Krishna Basin),Warangal,17.9689,79.5941,Cotton,Cotton,Kharif,2025,Syngenta Isabion,Syngenta Isabion,Biostimulant,1,Syngenta Isabion,1.5,0,1,0.48,0.48,7.36,218.4,21.8,288.7,25.3,11.0,0.65,0.67,26.6,3,619.7,1729.0,52.1,9.1,18.1,0.612,13.65,13.65,11.44,13.65,2.21,19.32,2.21,8816.0,IND_FIELD_0110,RCBD - 4 Replications,4,ICAR AICRP & Syngenta Multi-Locational Trials,https://icar.org.in
TR-2023-MA-00111,EXP-2023-MA-CHI-0056,ICAR_SYNGENTA_TRIALS,India,Maharashtra,Maharashtra & Vidarbha (Deccan),Nagpur,21.1458,79.0882,Chickpea (Gram / Chana),Chickpea (Gram / Chana),Rabi,2023,Control (Untreated Check),Untreated Check,Untreated Check,0,Untreated,0.0,1,0,0.5,0.5,8.36,207.4,15.1,342.5,35.3,14.5,1.09,0.6,27.6,2,190.1,1794.0,55.6,7.6,16.7,0.743,6.92,6.92,6.92,6.92,0.0,0.0,0.0,0.0,IND_FIELD_0111,RCBD - 4 Replications,4,ICAR AICRP & Syngenta Multi-Locational Trials,https://icar.org.in
TR-2023-MA-00112,EXP-2023-MA-CHI-0056,ICAR_SYNGENTA_TRIALS,India,Maharashtra,Maharashtra & Vidarbha (Deccan),Nagpur,21.1458,79.0882,Chickpea (Gram / Chana),Chickpea (Gram / Chana),Rabi,2023,Syngenta Isabion,Syngenta Isabion,Biostimulant,1,Syngenta Isabion,1.5,0,1,0.5,0.5,8.36,207.4,15.1,342.5,35.3,14.5,1.09,0.6,27.6,2,190.1,1794.0,55.6,7.6,16.7,0.743,8.16,8.16,6.92,8.16,1.24,17.92,1.24,4354.0,IND_FIELD_0112,RCBD - 4 Replications,4,ICAR AICRP & Syngenta Multi-Locational Trials,https://icar.org.in
TR-2021-MA-00113,EXP-2021-MA-TOM-0057,ICAR_SYNGENTA_TRIALS,India,Maharashtra,Maharashtra & Vidarbha (Deccan),Nagpur,21.1458,79.0882,Tomato,Tomato,Annual,2021,Control (Untreated Check),Untreated Check,Untreated Check,0,Untreated,0.0,1,0,0.4,0.4,8.66,168.4,19.5,365.4,34.9,13.4,0.82,0.56,28.1,2,295.9,1826.5,51.1,10.4,18.5,0.709,152.96,152.96,152.96,152.96,0.0,0.0,0.0,0.0,IND_FIELD_0113,RCBD - 4 Replications,4,ICAR AICRP & Syngenta Multi-Locational Trials,https://icar.org.in
TR-2021-MA-00114,EXP-2021-MA-TOM-0057,ICAR_SYNGENTA_TRIALS,India,Maharashtra,Maharashtra & Vidarbha (Deccan),Nagpur,21.1458,79.0882,Tomato,Tomato,Annual,2021,Syngenta Isabion,Syngenta Isabion,Biostimulant,1,Syngenta Isabion,2.5,0,1,0.4,0.4,8.66,168.4,19.5,365.4,34.9,13.4,0.82,0.56,28.1,2,295.9,1826.5,51.1,10.4,18.5,0.709,157.18,157.18,152.96,157.18,4.22,2.76,4.22,17162.0,IND_FIELD_0114,RCBD - 4 Replications,4,ICAR AICRP & Syngenta Multi-Locational Trials,https://icar.org.in
TR-2024-MA-00115,EXP-2024-MA-MUS-0058,ICAR_SYNGENTA_TRIALS,India,Maharashtra,Maharashtra & Vidarbha (Deccan),Nagpur,21.1458,79.0882,Mustard / Rapeseed,Mustard / Rapeseed,Rabi,2024,Control (Untreated Check),Untreated Check,Untreated Check,0,Untreated,0.0,1,0,0.29,0.29,7.92,191.3,9.9,362.5,24.3,11.5,0.73,0.53,26.2,6,153.3,1703.0,80.3,6.1,22.7,0.709,5.7,5.7,5.7,5.7,0.0,0.0,0.0,0.0,IND_FIELD_0115,RCBD - 4 Replications,4,ICAR AICRP & Syngenta Multi-Locational Trials,https://icar.org.in
TR-2024-MA-00116,EXP-2024-MA-MUS-0058,ICAR_SYNGENTA_TRIALS,India,Maharashtra,Maharashtra & Vidarbha (Deccan),Nagpur,21.1458,79.0882,Mustard / Rapeseed,Mustard / Rapeseed,Rabi,2024,Syngenta Quantis,Syngenta Quantis,Biostimulant,1,Syngenta Quantis,1.5,0,1,0.29,0.29,7.92,191.3,9.9,362.5,24.3,11.5,0.73,0.53,26.2,6,153.3,1703.0,80.3,6.1,22.7,0.709,6.55,6.55,5.7,6.55,0.85,14.91,0.85,2560.0,IND_FIELD_0116,RCBD - 4 Replications,4,ICAR AICRP & Syngenta Multi-Locational Trials,https://icar.org.in
TR-2025-MA-00117,EXP-2025-MA-SUG-0059,ICAR_SYNGENTA_TRIALS,India,Madhya Pradesh,Madhya Pradesh & Central Belt,Bhopal,23.2599,77.4126,Sugarcane,Sugarcane,Annual,2025,Control (Untreated Check),Untreated Check,Untreated Check,0,Untreated,0.0,1,0,0.59,0.59,7.03,245.9,14.9,305.6,25.7,11.4,1.1,0.68,30.3,3,271.3,1969.5,69.4,16.0,19.5,0.693,325.08,325.08,325.08,325.08,0.0,0.0,0.0,0.0,IND_FIELD_0117,RCBD - 4 Replications,4,ICAR AICRP & Syngenta Multi-Locational Trials,https://icar.org.in
TR-2025-MA-00118,EXP-2025-MA-SUG-0059,ICAR_SYNGENTA_TRIALS,India,Madhya Pradesh,Madhya Pradesh & Central Belt,Bhopal,23.2599,77.4126,Sugarcane,Sugarcane,Annual,2025,Syngenta CropBio+,Syngenta CropBio+,Biostimulant,1,Syngenta CropBio+,3.0,0,1,0.59,0.59,7.03,245.9,14.9,305.6,25.7,11.4,1.1,0.68,30.3,3,271.3,1969.5,69.4,16.0,19.5,0.693,363.29,363.29,325.08,363.29,38.21,11.75,38.21,173066.0,IND_FIELD_0118,RCBD - 4 Replications,4,ICAR AICRP & Syngenta Multi-Locational Trials,https://icar.org.in
TR-2024-TE-00119,EXP-2024-TE-GRO-0060,ICAR_SYNGENTA_TRIALS,India,Telangana,Telangana & Andhra (Krishna Basin),Warangal,17.9689,79.5941,Groundnut (Peanut),Groundnut (Peanut),Kharif,2024,Control (Untreated Check),Untreated Check,Untreated Check,0,Untreated,0.0,1,0,0.49,0.49,6.89,178.4,9.8,310.3,24.3,6.5,0.93,0.85,28.5,5,763.8,1852.5,77.2,8.7,19.2,0.703,9.64,9.64,9.64,9.64,0.0,0.0,0.0,0.0,IND_FIELD_0119,RCBD - 4 Replications,4,ICAR AICRP & Syngenta Multi-Locational Trials,https://icar.org.in
TR-2024-TE-00120,EXP-2024-TE-GRO-0060,ICAR_SYNGENTA_TRIALS,India,Telangana,Telangana & Andhra (Krishna Basin),Warangal,17.9689,79.5941,Groundnut (Peanut),Groundnut (Peanut),Kharif,2024,Syngenta Isabion,Syngenta Isabion,Biostimulant,1,Syngenta Isabion,1.5,0,1,0.49,0.49,6.89,178.4,9.8,310.3,24.3,6.5,0.93,0.85,28.5,5,763.8,1852.5,77.2,8.7,19.2,0.703,11.31,11.31,9.64,11.31,1.67,17.32,1.67,6332.0,IND_FIELD_0120,RCBD - 4 Replications,4,ICAR AICRP & Syngenta Multi-Locational Trials,https://icar.org.in
TR-2023-TA-00121,EXP-2023-TA-TUR-0061,ICAR_SYNGENTA_TRIALS,India,Tamil Nadu,Tamil Nadu & Cauvery Delta,Coimbatore,11.0168,76.9558,Tur / Pigeon Pea (Arhar),Tur / Pigeon Pea (Arhar),Kharif,2023,Control (Untreated Check),Untreated Check,Untreated Check,0,Untreated,0.0,1,0,0.57,0.57,7.24,231.0,20.0,328.4,35.3,13.9,1.01,0.72,30.2,2,642.8,1963.0,58.1,10.9,18.6,0.554,7.53,7.53,7.53,7.53,0.0,0.0,0.0,0.0,IND_FIELD_0121,RCBD - 4 Replications,4,ICAR AICRP & Syngenta Multi-Locational Trials,https://icar.org.in
TR-2023-TA-00122,EXP-2023-TA-TUR-0061,ICAR_SYNGENTA_TRIALS,India,Tamil Nadu,Tamil Nadu & Cauvery Delta,Coimbatore,11.0168,76.9558,Tur / Pigeon Pea (Arhar),Tur / Pigeon Pea (Arhar),Kharif,2023,Syngenta Quantis,Syngenta Quantis,Biostimulant,1,Syngenta Quantis,2.0,0,1,0.57,0.57,7.24,231.0,20.0,328.4,35.3,13.9,1.01,0.72,30.2,2,642.8,1963.0,58.1,10.9,18.6,0.554,6.95,6.95,7.53,6.95,0.0,0.0,0.0,-1800.0,IND_FIELD_0122,RCBD - 4 Replications,4,ICAR AICRP & Syngenta Multi-Locational Trials,https://icar.org.in
TR-2024-TA-00123,EXP-2024-TA-SUG-0062,ICAR_SYNGENTA_TRIALS,India,Tamil Nadu,Tamil Nadu & Cauvery Delta,Coimbatore,11.0168,76.9558,Sugarcane,Sugarcane,Annual,2024,Control (Untreated Check),Untreated Check,Untreated Check,0,Untreated,0.0,1,0,0.55,0.55,7.82,185.1,15.2,301.7,27.2,13.8,0.74,0.5,27.4,2,79.3,1781.0,69.6,9.5,19.6,0.763,314.37,314.37,314.37,314.37,0.0,0.0,0.0,0.0,IND_FIELD_0123,RCBD - 4 Replications,4,ICAR AICRP & Syngenta Multi-Locational Trials,https://icar.org.in
TR-2024-TA-00124,EXP-2024-TA-SUG-0062,ICAR_SYNGENTA_TRIALS,India,Tamil Nadu,Tamil Nadu & Cauvery Delta,Coimbatore,11.0168,76.9558,Sugarcane,Sugarcane,Annual,2024,Syngenta CropBio+,Syngenta CropBio+,Biostimulant,1,Syngenta CropBio+,3.0,0,1,0.55,0.55,7.82,185.1,15.2,301.7,27.2,13.8,0.74,0.5,27.4,2,79.3,1781.0,69.6,9.5,19.6,0.763,325.13,325.13,314.37,325.13,10.76,3.42,10.76,46796.0,IND_FIELD_0124,RCBD - 4 Replications,4,ICAR AICRP & Syngenta Multi-Locational Trials,https://icar.org.in
TR-2023-KA-00125,EXP-2023-KA-SUG-0063,ICAR_SYNGENTA_TRIALS,India,Karnataka,Karnataka (Deccan Plateau),Dharwad,15.4589,75.0078,Sugarcane,Sugarcane,Annual,2023,Control (Untreated Check),Untreated Check,Untreated Check,0,Untreated,0.0,1,0,0.44,0.44,6.71,209.0,15.0,291.7,37.3,12.0,0.33,0.48,29.7,2,50.6,1930.5,67.7,4.0,23.7,0.596,294.12,294.12,294.12,294.12,0.0,0.0,0.0,0.0,IND_FIELD_0125,RCBD - 4 Replications,4,ICAR AICRP & Syngenta Multi-Locational Trials,https://icar.org.in
TR-2023-KA-00126,EXP-2023-KA-SUG-0063,ICAR_SYNGENTA_TRIALS,India,Karnataka,Karnataka (Deccan Plateau),Dharwad,15.4589,75.0078,Sugarcane,Sugarcane,Annual,2023,Syngenta CropBio+,Syngenta CropBio+,Biostimulant,1,Syngenta CropBio+,3.0,0,1,0.44,0.44,6.71,209.0,15.0,291.7,37.3,12.0,0.33,0.48,29.7,2,50.6,1930.5,67.7,4.0,23.7,0.596,338.71,338.71,294.12,338.71,44.59,15.16,44.59,202414.0,IND_FIELD_0126,RCBD - 4 Replications,4,ICAR AICRP & Syngenta Multi-Locational Trials,https://icar.org.in
TR-2023-PU-00127,EXP-2023-PU-CHI-0064,ICAR_SYNGENTA_TRIALS,India,Punjab,Punjab & Haryana (Indo-Gangetic),Ludhiana,30.901,75.8573,Chickpea (Gram / Chana),Chickpea (Gram / Chana),Rabi,2023,Control (Untreated Check),Untreated Check,Untreated Check,0,Untreated,0.0,1,0,0.33,0.33,7.75,120.0,33.4,203.3,40.0,10.1,0.53,0.5,28.2,5,242.1,1833.0,56.1,9.7,18.7,0.801,6.64,6.64,6.64,6.64,0.0,0.0,0.0,0.0,IND_FIELD_0127,RCBD - 4 Replications,4,ICAR AICRP & Syngenta Multi-Locational Trials,https://icar.org.in
TR-2023-PU-00128,EXP-2023-PU-CHI-0064,ICAR_SYNGENTA_TRIALS,India,Punjab,Punjab & Haryana (Indo-Gangetic),Ludhiana,30.901,75.8573,Chickpea (Gram / Chana),Chickpea (Gram / Chana),Rabi,2023,Syngenta Isabion,Syngenta Isabion,Biostimulant,1,Syngenta Isabion,1.5,0,1,0.33,0.33,7.75,120.0,33.4,203.3,40.0,10.1,0.53,0.5,28.2,5,242.1,1833.0,56.1,9.7,18.7,0.801,7.61,7.61,6.64,7.61,0.97,14.61,0.97,3112.0,IND_FIELD_0128,RCBD - 4 Replications,4,ICAR AICRP & Syngenta Multi-Locational Trials,https://icar.org.in
TR-2024-TA-00129,EXP-2024-TA-TUR-0065,ICAR_SYNGENTA_TRIALS,India,Tamil Nadu,Tamil Nadu & Cauvery Delta,Coimbatore,11.0168,76.9558,Tur / Pigeon Pea (Arhar),Tur / Pigeon Pea (Arhar),Kharif,2024,Control (Untreated Check),Untreated Check,Untreated Check,0,Untreated,0.0,1,0,0.44,0.44,8.12,195.7,13.4,312.2,40.1,12.4,0.76,0.58,26.4,2,779.6,1716.0,60.4,5.5,22.3,0.657,7.37,7.37,7.37,7.37,0.0,0.0,0.0,0.0,IND_FIELD_0129,RCBD - 4 Replications,4,ICAR AICRP & Syngenta Multi-Locational Trials,https://icar.org.in
TR-2024-TA-00130,EXP-2024-TA-TUR-0065,ICAR_SYNGENTA_TRIALS,India,Tamil Nadu,Tamil Nadu & Cauvery Delta,Coimbatore,11.0168,76.9558,Tur / Pigeon Pea (Arhar),Tur / Pigeon Pea (Arhar),Kharif,2024,Syngenta Quantis,Syngenta Quantis,Biostimulant,1,Syngenta Quantis,2.0,0,1,0.44,0.44,8.12,195.7,13.4,312.2,40.1,12.4,0.76,0.58,26.4,2,779.6,1716.0,60.4,5.5,22.3,0.657,8.43,8.43,7.37,8.43,1.06,14.38,1.06,3076.0,IND_FIELD_0130,RCBD - 4 Replications,4,ICAR AICRP & Syngenta Multi-Locational Trials,https://icar.org.in
TR-2023-MA-00131,EXP-2023-MA-TUR-0066,ICAR_SYNGENTA_TRIALS,India,Maharashtra,Maharashtra & Vidarbha (Deccan),Nagpur,21.1458,79.0882,Tur / Pigeon Pea (Arhar),Tur / Pigeon Pea (Arhar),Kharif,2023,Control (Untreated Check),Untreated Check,Untreated Check,0,Untreated,0.0,1,0,0.54,0.54,7.54,242.5,18.3,350.7,42.7,15.8,0.96,0.68,27.4,2,596.1,1781.0,50.6,4.0,19.9,0.69,7.49,7.49,7.49,7.49,0.0,0.0,0.0,0.0,IND_FIELD_0131,RCBD - 4 Replications,4,ICAR AICRP & Syngenta Multi-Locational Trials,https://icar.org.in
TR-2023-MA-00132,EXP-2023-MA-TUR-0066,ICAR_SYNGENTA_TRIALS,India,Maharashtra,Maharashtra & Vidarbha (Deccan),Nagpur,21.1458,79.0882,Tur / Pigeon Pea (Arhar),Tur / Pigeon Pea (Arhar),Kharif,2023,Syngenta Quantis,Syngenta Quantis,Biostimulant,1,Syngenta Quantis,2.0,0,1,0.54,0.54,7.54,242.5,18.3,350.7,42.7,15.8,0.96,0.68,27.4,2,596.1,1781.0,50.6,4.0,19.9,0.69,7.91,7.91,7.49,7.91,0.42,5.61,0.42,132.0,IND_FIELD_0132,RCBD - 4 Replications,4,ICAR AICRP & Syngenta Multi-Locational Trials,https://icar.org.in
TR-2021-KA-00133,EXP-2021-KA-WHE-0067,ICAR_SYNGENTA_TRIALS,India,Karnataka,Karnataka (Deccan Plateau),Dharwad,15.4589,75.0078,Wheat,Wheat,Rabi,2021,Control (Untreated Check),Untreated Check,Untreated Check,0,Untreated,0.0,1,0,0.65,0.65,6.66,260.6,15.7,220.3,36.2,9.5,0.9,0.53,27.4,3,182.2,1781.0,61.2,6.2,18.4,0.612,14.56,14.56,14.56,14.56,0.0,0.0,0.0,0.0,IND_FIELD_0133,RCBD - 4 Replications,4,ICAR AICRP & Syngenta Multi-Locational Trials,https://icar.org.in
TR-2021-KA-00134,EXP-2021-KA-WHE-0067,ICAR_SYNGENTA_TRIALS,India,Karnataka,Karnataka (Deccan Plateau),Dharwad,15.4589,75.0078,Wheat,Wheat,Rabi,2021,Syngenta Quantis,Syngenta Quantis,Biostimulant,1,Syngenta Quantis,1.5,0,1,0.65,0.65,6.66,260.6,15.7,220.3,36.2,9.5,0.9,0.53,27.4,3,182.2,1781.0,61.2,6.2,18.4,0.612,16.87,16.87,14.56,16.87,2.31,15.87,2.31,9276.0,IND_FIELD_0134,RCBD - 4 Replications,4,ICAR AICRP & Syngenta Multi-Locational Trials,https://icar.org.in
TR-2021-TA-00135,EXP-2021-TA-WHE-0068,ICAR_SYNGENTA_TRIALS,India,Tamil Nadu,Tamil Nadu & Cauvery Delta,Coimbatore,11.0168,76.9558,Wheat,Wheat,Rabi,2021,Control (Untreated Check),Untreated Check,Untreated Check,0,Untreated,0.0,1,0,0.61,0.61,8.0,237.2,14.0,275.7,41.3,14.9,0.96,0.59,25.9,5,87.9,1683.5,58.1,13.7,22.6,0.864,15.05,15.05,15.05,15.05,0.0,0.0,0.0,0.0,IND_FIELD_0135,RCBD - 4 Replications,4,ICAR AICRP & Syngenta Multi-Locational Trials,https://icar.org.in
TR-2021-TA-00136,EXP-2021-TA-WHE-0068,ICAR_SYNGENTA_TRIALS,India,Tamil Nadu,Tamil Nadu & Cauvery Delta,Coimbatore,11.0168,76.9558,Wheat,Wheat,Rabi,2021,Syngenta Quantis,Syngenta Quantis,Biostimulant,1,Syngenta Quantis,1.5,0,1,0.61,0.61,8.0,237.2,14.0,275.7,41.3,14.9,0.96,0.59,25.9,5,87.9,1683.5,58.1,13.7,22.6,0.864,17.36,17.36,15.05,17.36,2.31,15.35,2.31,9276.0,IND_FIELD_0136,RCBD - 4 Replications,4,ICAR AICRP & Syngenta Multi-Locational Trials,https://icar.org.in
TR-2021-MA-00137,EXP-2021-MA-SUG-0069,ICAR_SYNGENTA_TRIALS,India,Maharashtra,Maharashtra & Vidarbha (Deccan),Nagpur,21.1458,79.0882,Sugarcane,Sugarcane,Annual,2021,Control (Untreated Check),Untreated Check,Untreated Check,0,Untreated,0.0,1,0,0.56,0.56,8.12,249.4,21.9,335.8,40.6,10.3,0.85,0.74,24.7,2,110.6,1605.5,63.9,5.5,14.3,0.682,332.24,332.24,332.24,332.24,0.0,0.0,0.0,0.0,IND_FIELD_0137,RCBD - 4 Replications,4,ICAR AICRP & Syngenta Multi-Locational Trials,https://icar.org.in
TR-2021-MA-00138,EXP-2021-MA-SUG-0069,ICAR_SYNGENTA_TRIALS,India,Maharashtra,Maharashtra & Vidarbha (Deccan),Nagpur,21.1458,79.0882,Sugarcane,Sugarcane,Annual,2021,Syngenta CropBio+,Syngenta CropBio+,Biostimulant,1,Syngenta CropBio+,3.0,0,1,0.56,0.56,8.12,249.4,21.9,335.8,40.6,10.3,0.85,0.74,24.7,2,110.6,1605.5,63.9,5.5,14.3,0.682,357.54,357.54,332.24,357.54,25.3,7.61,25.3,113680.0,IND_FIELD_0138,RCBD - 4 Replications,4,ICAR AICRP & Syngenta Multi-Locational Trials,https://icar.org.in
TR-2024-TA-00139,EXP-2024-TA-TOM-0070,ICAR_SYNGENTA_TRIALS,India,Tamil Nadu,Tamil Nadu & Cauvery Delta,Coimbatore,11.0168,76.9558,Tomato,Tomato,Annual,2024,Control (Untreated Check),Untreated Check,Untreated Check,0,Untreated,0.0,1,0,0.55,0.55,7.59,206.7,28.0,347.5,25.1,15.4,1.06,0.65,28.7,3,280.7,1865.5,62.2,9.0,20.0,0.729,156.93,156.93,156.93,156.93,0.0,0.0,0.0,0.0,IND_FIELD_0139,RCBD - 4 Replications,4,ICAR AICRP & Syngenta Multi-Locational Trials,https://icar.org.in
TR-2024-TA-00140,EXP-2024-TA-TOM-0070,ICAR_SYNGENTA_TRIALS,India,Tamil Nadu,Tamil Nadu & Cauvery Delta,Coimbatore,11.0168,76.9558,Tomato,Tomato,Annual,2024,Syngenta Isabion,Syngenta Isabion,Biostimulant,1,Syngenta Isabion,2.5,0,1,0.55,0.55,7.59,206.7,28.0,347.5,25.1,15.4,1.06,0.65,28.7,3,280.7,1865.5,62.2,9.0,20.0,0.729,182.43,182.43,156.93,182.43,25.5,16.25,25.5,115050.0,IND_FIELD_0140,RCBD - 4 Replications,4,ICAR AICRP & Syngenta Multi-Locational Trials,https://icar.org.in
TR-2024-MA-00141,EXP-2024-MA-SOY-0071,ICAR_SYNGENTA_TRIALS,India,Maharashtra,Maharashtra & Vidarbha (Deccan),Nagpur,21.1458,79.0882,Soybean,Soybean,Kharif,2024,Control (Untreated Check),Untreated Check,Untreated Check,0,Untreated,0.0,1,0,0.35,0.35,7.79,239.8,22.4,354.2,32.3,15.8,0.68,0.75,33.5,5,610.9,2177.5,45.8,2.5,16.5,0.691,10.16,10.16,10.16,10.16,0.0,0.0,0.0,0.0,IND_FIELD_0141,RCBD - 4 Replications,4,ICAR AICRP & Syngenta Multi-Locational Trials,https://icar.org.in
TR-2024-MA-00142,EXP-2024-MA-SOY-0071,ICAR_SYNGENTA_TRIALS,India,Maharashtra,Maharashtra & Vidarbha (Deccan),Nagpur,21.1458,79.0882,Soybean,Soybean,Kharif,2024,Syngenta Quantis,Syngenta Quantis,Biostimulant,1,Syngenta Quantis,2.0,0,1,0.35,0.35,7.79,239.8,22.4,354.2,32.3,15.8,0.68,0.75,33.5,5,610.9,2177.5,45.8,2.5,16.5,0.691,11.07,11.07,10.16,11.07,0.91,8.96,0.91,2386.0,IND_FIELD_0142,RCBD - 4 Replications,4,ICAR AICRP & Syngenta Multi-Locational Trials,https://icar.org.in
TR-2025-MA-00143,EXP-2025-MA-MUS-0072,ICAR_SYNGENTA_TRIALS,India,Madhya Pradesh,Madhya Pradesh & Central Belt,Bhopal,23.2599,77.4126,Mustard / Rapeseed,Mustard / Rapeseed,Rabi,2025,Control (Untreated Check),Untreated Check,Untreated Check,0,Untreated,0.0,1,0,0.55,0.55,7.29,205.0,21.7,342.5,25.3,10.7,0.64,0.32,27.1,2,221.4,1761.5,78.5,15.2,15.2,0.603,6.95,6.95,6.95,6.95,0.0,0.0,0.0,0.0,IND_FIELD_0143,RCBD - 4 Replications,4,ICAR AICRP & Syngenta Multi-Locational Trials,https://icar.org.in
TR-2025-MA-00144,EXP-2025-MA-MUS-0072,ICAR_SYNGENTA_TRIALS,India,Madhya Pradesh,Madhya Pradesh & Central Belt,Bhopal,23.2599,77.4126,Mustard / Rapeseed,Mustard / Rapeseed,Rabi,2025,Syngenta Quantis,Syngenta Quantis,Biostimulant,1,Syngenta Quantis,1.5,0,1,0.55,0.55,7.29,205.0,21.7,342.5,25.3,10.7,0.64,0.32,27.1,2,221.4,1761.5,78.5,15.2,15.2,0.603,7.68,7.68,6.95,7.68,0.73,10.5,0.73,2008.0,IND_FIELD_0144,RCBD - 4 Replications,4,ICAR AICRP & Syngenta Multi-Locational Trials,https://icar.org.in
TR-2024-UT-00145,EXP-2024-UT-COT-0073,ICAR_SYNGENTA_TRIALS,India,Uttar Pradesh,Indo-Gangetic Plain (Central),Varanasi,25.3176,82.9739,Cotton,Cotton,Kharif,2024,Control (Untreated Check),Untreated Check,Untreated Check,0,Untreated,0.0,1,0,0.5,0.5,7.91,160.3,22.4,251.8,23.2,15.0,0.58,0.61,28.4,3,606.5,1846.0,59.9,10.1,21.4,0.609,10.81,10.81,10.81,10.81,0.0,0.0,0.0,0.0,IND_FIELD_0145,RCBD - 4 Replications,4,ICAR AICRP & Syngenta Multi-Locational Trials,https://icar.org.in
TR-2024-UT-00146,EXP-2024-UT-COT-0073,ICAR_SYNGENTA_TRIALS,India,Uttar Pradesh,Indo-Gangetic Plain (Central),Varanasi,25.3176,82.9739,Cotton,Cotton,Kharif,2024,Syngenta Isabion,Syngenta Isabion,Biostimulant,1,Syngenta Isabion,1.5,0,1,0.5,0.5,7.91,160.3,22.4,251.8,23.2,15.0,0.58,0.61,28.4,3,606.5,1846.0,59.9,10.1,21.4,0.609,12.03,12.03,10.81,12.03,1.22,11.29,1.22,4262.0,IND_FIELD_0146,RCBD - 4 Replications,4,ICAR AICRP & Syngenta Multi-Locational Trials,https://icar.org.in
TR-2024-TA-00147,EXP-2024-TA-TUR-0074,ICAR_SYNGENTA_TRIALS,India,Tamil Nadu,Tamil Nadu & Cauvery Delta,Coimbatore,11.0168,76.9558,Tur / Pigeon Pea (Arhar),Tur / Pigeon Pea (Arhar),Kharif,2024,Control (Untreated Check),Untreated Check,Untreated Check,0,Untreated,0.0,1,0,0.59,0.59,7.27,233.0,14.6,168.1,35.1,17.2,0.38,0.43,30.4,3,885.7,1976.0,61.5,7.3,17.3,0.613,7.28,7.28,7.28,7.28,0.0,0.0,0.0,0.0,IND_FIELD_0147,RCBD - 4 Replications,4,ICAR AICRP & Syngenta Multi-Locational Trials,https://icar.org.in
TR-2024-TA-00148,EXP-2024-TA-TUR-0074,ICAR_SYNGENTA_TRIALS,India,Tamil Nadu,Tamil Nadu & Cauvery Delta,Coimbatore,11.0168,76.9558,Tur / Pigeon Pea (Arhar),Tur / Pigeon Pea (Arhar),Kharif,2024,Syngenta Quantis,Syngenta Quantis,Biostimulant,1,Syngenta Quantis,2.0,0,1,0.59,0.59,7.27,233.0,14.6,168.1,35.1,17.2,0.38,0.43,30.4,3,885.7,1976.0,61.5,7.3,17.3,0.613,8.55,8.55,7.28,8.55,1.27,17.45,1.27,4042.0,IND_FIELD_0148,RCBD - 4 Replications,4,ICAR AICRP & Syngenta Multi-Locational Trials,https://icar.org.in
TR-2025-UT-00149,EXP-2025-UT-CHI-0075,ICAR_SYNGENTA_TRIALS,India,Uttar Pradesh,Indo-Gangetic Plain (Central),Varanasi,25.3176,82.9739,Chickpea (Gram / Chana),Chickpea (Gram / Chana),Rabi,2025,Control (Untreated Check),Untreated Check,Untreated Check,0,Untreated,0.0,1,0,0.46,0.46,7.07,245.9,24.6,212.8,54.4,15.0,0.7,0.5,31.9,3,241.9,2073.5,61.3,14.7,21.2,0.649,7.96,7.96,7.96,7.96,0.0,0.0,0.0,0.0,IND_FIELD_0149,RCBD - 4 Replications,4,ICAR AICRP & Syngenta Multi-Locational Trials,https://icar.org.in
TR-2025-UT-00150,EXP-2025-UT-CHI-0075,ICAR_SYNGENTA_TRIALS,India,Uttar Pradesh,Indo-Gangetic Plain (Central),Varanasi,25.3176,82.9739,Chickpea (Gram / Chana),Chickpea (Gram / Chana),Rabi,2025,Syngenta Isabion,Syngenta Isabion,Biostimulant,1,Syngenta Isabion,1.5,0,1,0.46,0.46,7.07,245.9,24.6,212.8,54.4,15.0,0.7,0.5,31.9,3,241.9,2073.5,61.3,14.7,21.2,0.649,8.88,8.88,7.96,8.88,0.92,11.56,0.92,2882.0,IND_FIELD_0150,RCBD - 4 Replications,4,ICAR AICRP & Syngenta Multi-Locational Trials,https://icar.org.in
TR-2024-TE-00151,EXP-2024-TE-TOM-0076,ICAR_SYNGENTA_TRIALS,India,Telangana,Telangana & Andhra (Krishna Basin),Warangal,17.9689,79.5941,Tomato,Tomato,Annual,2024,Control (Untreated Check),Untreated Check,Untreated Check,0,Untreated,0.0,1,0,0.6,0.6,6.94,261.0,17.3,273.9,25.3,15.5,1.26,0.42,28.6,7,291.2,1859.0,79.9,16.8,19.9,0.703,149.37,149.37,149.37,149.37,0.0,0.0,0.0,0.0,IND_FIELD_0151,RCBD - 4 Replications,4,ICAR AICRP & Syngenta Multi-Locational Trials,https://icar.org.in
TR-2024-TE-00152,EXP-2024-TE-TOM-0076,ICAR_SYNGENTA_TRIALS,India,Telangana,Telangana & Andhra (Krishna Basin),Warangal,17.9689,79.5941,Tomato,Tomato,Annual,2024,Syngenta Isabion,Syngenta Isabion,Biostimulant,1,Syngenta Isabion,2.5,0,1,0.6,0.6,6.94,261.0,17.3,273.9,25.3,15.5,1.26,0.42,28.6,7,291.2,1859.0,79.9,16.8,19.9,0.703,171.82,171.82,149.37,171.82,22.45,15.03,22.45,101020.0,IND_FIELD_0152,RCBD - 4 Replications,4,ICAR AICRP & Syngenta Multi-Locational Trials,https://icar.org.in
TR-2022-GU-00153,EXP-2022-GU-SUG-0077,ICAR_SYNGENTA_TRIALS,India,Gujarat,Gujarat & Saurashtra Plain,Rajkot,22.3039,70.8022,Sugarcane,Sugarcane,Annual,2022,Control (Untreated Check),Untreated Check,Untreated Check,0,Untreated,0.0,1,0,0.49,0.49,8.19,156.2,11.8,365.4,32.8,8.3,0.88,0.48,33.4,6,192.9,2171.0,71.8,8.1,19.2,0.615,296.02,296.02,296.02,296.02,0.0,0.0,0.0,0.0,IND_FIELD_0153,RCBD - 4 Replications,4,ICAR AICRP & Syngenta Multi-Locational Trials,https://icar.org.in
TR-2022-GU-00154,EXP-2022-GU-SUG-0077,ICAR_SYNGENTA_TRIALS,India,Gujarat,Gujarat & Saurashtra Plain,Rajkot,22.3039,70.8022,Sugarcane,Sugarcane,Annual,2022,Syngenta CropBio+,Syngenta CropBio+,Biostimulant,1,Syngenta CropBio+,3.0,0,1,0.49,0.49,8.19,156.2,11.8,365.4,32.8,8.3,0.88,0.48,33.4,6,192.9,2171.0,71.8,8.1,19.2,0.615,353.32,353.32,296.02,353.32,57.3,19.36,57.3,260880.0,IND_FIELD_0154,RCBD - 4 Replications,4,ICAR AICRP & Syngenta Multi-Locational Trials,https://icar.org.in
TR-2022-TA-00155,EXP-2022-TA-GRO-0078,ICAR_SYNGENTA_TRIALS,India,Tamil Nadu,Tamil Nadu & Cauvery Delta,Coimbatore,11.0168,76.9558,Groundnut (Peanut),Groundnut (Peanut),Kharif,2022,Control (Untreated Check),Untreated Check,Untreated Check,0,Untreated,0.0,1,0,0.48,0.48,7.81,236.3,21.8,304.6,36.4,17.9,0.93,0.52,30.5,4,870.0,1982.5,70.5,9.3,18.0,0.614,10.19,10.19,10.19,10.19,0.0,0.0,0.0,0.0,IND_FIELD_0155,RCBD - 4 Replications,4,ICAR AICRP & Syngenta Multi-Locational Trials,https://icar.org.in
TR-2022-TA-00156,EXP-2022-TA-GRO-0078,ICAR_SYNGENTA_TRIALS,India,Tamil Nadu,Tamil Nadu & Cauvery Delta,Coimbatore,11.0168,76.9558,Groundnut (Peanut),Groundnut (Peanut),Kharif,2022,Syngenta Isabion,Syngenta Isabion,Biostimulant,1,Syngenta Isabion,1.5,0,1,0.48,0.48,7.81,236.3,21.8,304.6,36.4,17.9,0.93,0.52,30.5,4,870.0,1982.5,70.5,9.3,18.0,0.614,11.46,11.46,10.19,11.46,1.27,12.46,1.27,4492.0,IND_FIELD_0156,RCBD - 4 Replications,4,ICAR AICRP & Syngenta Multi-Locational Trials,https://icar.org.in
TR-2025-PU-00157,EXP-2025-PU-TUR-0079,ICAR_SYNGENTA_TRIALS,India,Punjab,Punjab & Haryana (Indo-Gangetic),Ludhiana,30.901,75.8573,Tur / Pigeon Pea (Arhar),Tur / Pigeon Pea (Arhar),Kharif,2025,Control (Untreated Check),Untreated Check,Untreated Check,0,Untreated,0.0,1,0,0.47,0.47,8.45,215.1,42.3,217.8,47.6,11.3,1.27,0.5,27.7,0,510.0,1800.5,73.3,11.6,16.3,0.634,7.7,7.7,7.7,7.7,0.0,0.0,0.0,0.0,IND_FIELD_0157,RCBD - 4 Replications,4,ICAR AICRP & Syngenta Multi-Locational Trials,https://icar.org.in
TR-2025-PU-00158,EXP-2025-PU-TUR-0079,ICAR_SYNGENTA_TRIALS,India,Punjab,Punjab & Haryana (Indo-Gangetic),Ludhiana,30.901,75.8573,Tur / Pigeon Pea (Arhar),Tur / Pigeon Pea (Arhar),Kharif,2025,Syngenta Quantis,Syngenta Quantis,Biostimulant,1,Syngenta Quantis,2.0,0,1,0.47,0.47,8.45,215.1,42.3,217.8,47.6,11.3,1.27,0.5,27.7,0,510.0,1800.5,73.3,11.6,16.3,0.634,7.58,7.58,7.7,7.58,0.0,0.0,0.0,-1800.0,IND_FIELD_0158,RCBD - 4 Replications,4,ICAR AICRP & Syngenta Multi-Locational Trials,https://icar.org.in
TR-2024-TA-00159,EXP-2024-TA-CHI-0080,ICAR_SYNGENTA_TRIALS,India,Tamil Nadu,Tamil Nadu & Cauvery Delta,Coimbatore,11.0168,76.9558,Chickpea (Gram / Chana),Chickpea (Gram / Chana),Rabi,2024,Control (Untreated Check),Untreated Check,Untreated Check,0,Untreated,0.0,1,0,0.39,0.39,8.1,234.0,17.2,217.3,38.0,11.6,1.22,0.65,26.1,3,78.5,1696.5,62.8,10.2,18.3,0.741,6.44,6.44,6.44,6.44,0.0,0.0,0.0,0.0,IND_FIELD_0159,RCBD - 4 Replications,4,ICAR AICRP & Syngenta Multi-Locational Trials,https://icar.org.in
TR-2024-TA-00160,EXP-2024-TA-CHI-0080,ICAR_SYNGENTA_TRIALS,India,Tamil Nadu,Tamil Nadu & Cauvery Delta,Coimbatore,11.0168,76.9558,Chickpea (Gram / Chana),Chickpea (Gram / Chana),Rabi,2024,Syngenta Isabion,Syngenta Isabion,Biostimulant,1,Syngenta Isabion,1.5,0,1,0.39,0.39,8.1,234.0,17.2,217.3,38.0,11.6,1.22,0.65,26.1,3,78.5,1696.5,62.8,10.2,18.3,0.741,6.76,6.76,6.44,6.76,0.32,4.97,0.32,122.0,IND_FIELD_0160,RCBD - 4 Replications,4,ICAR AICRP & Syngenta Multi-Locational Trials,https://icar.org.in
TR-2022-GU-00161,EXP-2022-GU-RIC-0081,ICAR_SYNGENTA_TRIALS,India,Gujarat,Gujarat & Saurashtra Plain,Rajkot,22.3039,70.8022,Rice (Paddy),Rice (Paddy),Kharif,2022,Control (Untreated Check),Untreated Check,Untreated Check,0,Untreated,0.0,1,0,0.45,0.45,8.15,215.3,22.0,327.5,34.7,16.5,0.72,0.53,23.3,4,690.6,1514.5,63.3,9.0,19.3,0.505,20.08,20.08,20.08,20.08,0.0,0.0,0.0,0.0,IND_FIELD_0161,RCBD - 4 Replications,4,ICAR AICRP & Syngenta Multi-Locational Trials,https://icar.org.in
TR-2022-GU-00162,EXP-2022-GU-RIC-0081,ICAR_SYNGENTA_TRIALS,India,Gujarat,Gujarat & Saurashtra Plain,Rajkot,22.3039,70.8022,Rice (Paddy),Rice (Paddy),Kharif,2022,Syngenta Quantis,Syngenta Quantis,Biostimulant,1,Syngenta Quantis,2.0,0,1,0.45,0.45,8.15,215.3,22.0,327.5,34.7,16.5,0.72,0.53,23.3,4,690.6,1514.5,63.3,9.0,19.3,0.505,24.31,24.31,20.08,24.31,4.23,21.07,4.23,17658.0,IND_FIELD_0162,RCBD - 4 Replications,4,ICAR AICRP & Syngenta Multi-Locational Trials,https://icar.org.in
TR-2022-UT-00163,EXP-2022-UT-WHE-0082,ICAR_SYNGENTA_TRIALS,India,Uttar Pradesh,Indo-Gangetic Plain (Central),Varanasi,25.3176,82.9739,Wheat,Wheat,Rabi,2022,Control (Untreated Check),Untreated Check,Untreated Check,0,Untreated,0.0,1,0,0.44,0.44,7.73,164.0,23.5,189.9,34.2,18.7,0.47,0.56,28.0,2,217.1,1820.0,69.0,3.4,18.5,0.755,15.66,15.66,15.66,15.66,0.0,0.0,0.0,0.0,IND_FIELD_0163,RCBD - 4 Replications,4,ICAR AICRP & Syngenta Multi-Locational Trials,https://icar.org.in
TR-2022-UT-00164,EXP-2022-UT-WHE-0082,ICAR_SYNGENTA_TRIALS,India,Uttar Pradesh,Indo-Gangetic Plain (Central),Varanasi,25.3176,82.9739,Wheat,Wheat,Rabi,2022,Syngenta Quantis,Syngenta Quantis,Biostimulant,1,Syngenta Quantis,1.5,0,1,0.44,0.44,7.73,164.0,23.5,189.9,34.2,18.7,0.47,0.56,28.0,2,217.1,1820.0,69.0,3.4,18.5,0.755,16.65,16.65,15.66,16.65,0.99,6.32,0.99,3204.0,IND_FIELD_0164,RCBD - 4 Replications,4,ICAR AICRP & Syngenta Multi-Locational Trials,https://icar.org.in
TR-2023-UT-00165,EXP-2023-UT-SOY-0083,ICAR_SYNGENTA_TRIALS,India,Uttar Pradesh,Indo-Gangetic Plain (Central),Varanasi,25.3176,82.9739,Soybean,Soybean,Kharif,2023,Control (Untreated Check),Untreated Check,Untreated Check,0,Untreated,0.0,1,0,0.57,0.57,7.63,242.0,32.7,256.8,28.2,14.5,0.73,0.47,29.5,2,658.9,1917.5,58.1,9.1,18.7,0.664,10.4,10.4,10.4,10.4,0.0,0.0,0.0,0.0,IND_FIELD_0165,RCBD - 4 Replications,4,ICAR AICRP & Syngenta Multi-Locational Trials,https://icar.org.in
TR-2023-UT-00166,EXP-2023-UT-SOY-0083,ICAR_SYNGENTA_TRIALS,India,Uttar Pradesh,Indo-Gangetic Plain (Central),Varanasi,25.3176,82.9739,Soybean,Soybean,Kharif,2023,Syngenta Quantis,Syngenta Quantis,Biostimulant,1,Syngenta Quantis,2.0,0,1,0.57,0.57,7.63,242.0,32.7,256.8,28.2,14.5,0.73,0.47,29.5,2,658.9,1917.5,58.1,9.1,18.7,0.664,11.25,11.25,10.4,11.25,0.85,8.17,0.85,2110.0,IND_FIELD_0166,RCBD - 4 Replications,4,ICAR AICRP & Syngenta Multi-Locational Trials,https://icar.org.in
TR-2023-MA-00167,EXP-2023-MA-TUR-0084,ICAR_SYNGENTA_TRIALS,India,Madhya Pradesh,Madhya Pradesh & Central Belt,Bhopal,23.2599,77.4126,Tur / Pigeon Pea (Arhar),Tur / Pigeon Pea (Arhar),Kharif,2023,Control (Untreated Check),Untreated Check,Untreated Check,0,Untreated,0.0,1,0,0.58,0.58,7.36,240.7,25.5,319.3,38.7,15.0,0.73,0.59,25.1,0,690.9,1631.5,51.0,7.7,25.0,0.646,7.18,7.18,7.18,7.18,0.0,0.0,0.0,0.0,IND_FIELD_0167,RCBD - 4 Replications,4,ICAR AICRP & Syngenta Multi-Locational Trials,https://icar.org.in
TR-2023-MA-00168,EXP-2023-MA-TUR-0084,ICAR_SYNGENTA_TRIALS,India,Madhya Pradesh,Madhya Pradesh & Central Belt,Bhopal,23.2599,77.4126,Tur / Pigeon Pea (Arhar),Tur / Pigeon Pea (Arhar),Kharif,2023,Syngenta Quantis,Syngenta Quantis,Biostimulant,1,Syngenta Quantis,2.0,0,1,0.58,0.58,7.36,240.7,25.5,319.3,38.7,15.0,0.73,0.59,25.1,0,690.9,1631.5,51.0,7.7,25.0,0.646,7.79,7.79,7.18,7.79,0.61,8.5,0.61,1006.0,IND_FIELD_0168,RCBD - 4 Replications,4,ICAR AICRP & Syngenta Multi-Locational Trials,https://icar.org.in
TR-2024-UT-00169,EXP-2024-UT-MUS-0085,ICAR_SYNGENTA_TRIALS,India,Uttar Pradesh,Indo-Gangetic Plain (Central),Varanasi,25.3176,82.9739,Mustard / Rapeseed,Mustard / Rapeseed,Rabi,2024,Control (Untreated Check),Untreated Check,Untreated Check,0,Untreated,0.0,1,0,0.54,0.54,8.04,279.4,21.3,182.2,24.3,13.1,1.14,0.61,30.0,6,253.3,1950.0,79.3,6.4,17.5,0.603,6.47,6.47,6.47,6.47,0.0,0.0,0.0,0.0,IND_FIELD_0169,RCBD - 4 Replications,4,ICAR AICRP & Syngenta Multi-Locational Trials,https://icar.org.in
TR-2024-UT-00170,EXP-2024-UT-MUS-0085,ICAR_SYNGENTA_TRIALS,India,Uttar Pradesh,Indo-Gangetic Plain (Central),Varanasi,25.3176,82.9739,Mustard / Rapeseed,Mustard / Rapeseed,Rabi,2024,Syngenta Quantis,Syngenta Quantis,Biostimulant,1,Syngenta Quantis,1.5,0,1,0.54,0.54,8.04,279.4,21.3,182.2,24.3,13.1,1.14,0.61,30.0,6,253.3,1950.0,79.3,6.4,17.5,0.603,7.34,7.34,6.47,7.34,0.87,13.45,0.87,2652.0,IND_FIELD_0170,RCBD - 4 Replications,4,ICAR AICRP & Syngenta Multi-Locational Trials,https://icar.org.in
TR-2021-PU-00171,EXP-2021-PU-RIC-0086,ICAR_SYNGENTA_TRIALS,India,Punjab,Punjab & Haryana (Indo-Gangetic),Ludhiana,30.901,75.8573,Rice (Paddy),Rice (Paddy),Kharif,2021,Control (Untreated Check),Untreated Check,Untreated Check,0,Untreated,0.0,1,0,0.5,0.5,8.62,228.8,29.2,186.6,20.2,11.2,1.04,0.74,24.8,3,620.8,1612.0,63.3,9.5,19.9,0.68,21.27,21.27,21.27,21.27,0.0,0.0,0.0,0.0,IND_FIELD_0171,RCBD - 4 Replications,4,ICAR AICRP & Syngenta Multi-Locational Trials,https://icar.org.in
TR-2021-PU-00172,EXP-2021-PU-RIC-0086,ICAR_SYNGENTA_TRIALS,India,Punjab,Punjab & Haryana (Indo-Gangetic),Ludhiana,30.901,75.8573,Rice (Paddy),Rice (Paddy),Kharif,2021,Syngenta Quantis,Syngenta Quantis,Biostimulant,1,Syngenta Quantis,2.0,0,1,0.5,0.5,8.62,228.8,29.2,186.6,20.2,11.2,1.04,0.74,24.8,3,620.8,1612.0,63.3,9.5,19.9,0.68,23.02,23.02,21.27,23.02,1.75,8.23,1.75,6250.0,IND_FIELD_0172,RCBD - 4 Replications,4,ICAR AICRP & Syngenta Multi-Locational Trials,https://icar.org.in
TR-2023-PU-00173,EXP-2023-PU-GRO-0087,ICAR_SYNGENTA_TRIALS,India,Punjab,Punjab & Haryana (Indo-Gangetic),Ludhiana,30.901,75.8573,Groundnut (Peanut),Groundnut (Peanut),Kharif,2023,Control (Untreated Check),Untreated Check,Untreated Check,0,Untreated,0.0,1,0,0.39,0.39,8.74,199.6,30.5,222.9,29.7,18.1,0.92,0.54,29.8,2,698.3,1937.0,56.2,13.9,19.1,0.665,11.9,11.9,11.9,11.9,0.0,0.0,0.0,0.0,IND_FIELD_0173,RCBD - 4 Replications,4,ICAR AICRP & Syngenta Multi-Locational Trials,https://icar.org.in
TR-2023-PU-00174,EXP-2023-PU-GRO-0087,ICAR_SYNGENTA_TRIALS,India,Punjab,Punjab & Haryana (Indo-Gangetic),Ludhiana,30.901,75.8573,Groundnut (Peanut),Groundnut (Peanut),Kharif,2023,Syngenta Isabion,Syngenta Isabion,Biostimulant,1,Syngenta Isabion,1.5,0,1,0.39,0.39,8.74,199.6,30.5,222.9,29.7,18.1,0.92,0.54,29.8,2,698.3,1937.0,56.2,13.9,19.1,0.665,12.16,12.16,11.9,12.16,0.26,2.18,0.26,-154.0,IND_FIELD_0174,RCBD - 4 Replications,4,ICAR AICRP & Syngenta Multi-Locational Trials,https://icar.org.in
TR-2021-MA-00175,EXP-2021-MA-WHE-0088,ICAR_SYNGENTA_TRIALS,India,Madhya Pradesh,Madhya Pradesh & Central Belt,Bhopal,23.2599,77.4126,Wheat,Wheat,Rabi,2021,Control (Untreated Check),Untreated Check,Untreated Check,0,Untreated,0.0,1,0,0.45,0.45,6.9,209.7,22.3,329.8,38.7,7.6,0.82,0.42,27.9,5,383.4,1813.5,63.5,5.9,18.4,0.64,15.39,15.39,15.39,15.39,0.0,0.0,0.0,0.0,IND_FIELD_0175,RCBD - 4 Replications,4,ICAR AICRP & Syngenta Multi-Locational Trials,https://icar.org.in
TR-2021-MA-00176,EXP-2021-MA-WHE-0088,ICAR_SYNGENTA_TRIALS,India,Madhya Pradesh,Madhya Pradesh & Central Belt,Bhopal,23.2599,77.4126,Wheat,Wheat,Rabi,2021,Syngenta Quantis,Syngenta Quantis,Biostimulant,1,Syngenta Quantis,1.5,0,1,0.45,0.45,6.9,209.7,22.3,329.8,38.7,7.6,0.82,0.42,27.9,5,383.4,1813.5,63.5,5.9,18.4,0.64,17.75,17.75,15.39,17.75,2.36,15.33,2.36,9506.0,IND_FIELD_0176,RCBD - 4 Replications,4,ICAR AICRP & Syngenta Multi-Locational Trials,https://icar.org.in
TR-2023-GU-00177,EXP-2023-GU-ONI-0089,ICAR_SYNGENTA_TRIALS,India,Gujarat,Gujarat & Saurashtra Plain,Rajkot,22.3039,70.8022,Onion,Onion,Rabi,2023,Control (Untreated Check),Untreated Check,Untreated Check,0,Untreated,0.0,1,0,0.4,0.4,7.06,171.3,16.4,345.5,45.8,14.1,0.98,0.58,27.5,2,417.4,1787.5,77.6,15.3,15.6,0.664,134.53,134.53,134.53,134.53,0.0,0.0,0.0,0.0,IND_FIELD_0177,RCBD - 4 Replications,4,ICAR AICRP & Syngenta Multi-Locational Trials,https://icar.org.in
TR-2023-GU-00178,EXP-2023-GU-ONI-0089,ICAR_SYNGENTA_TRIALS,India,Gujarat,Gujarat & Saurashtra Plain,Rajkot,22.3039,70.8022,Onion,Onion,Rabi,2023,Syngenta Quantis,Syngenta Quantis,Biostimulant,1,Syngenta Quantis,2.0,0,1,0.4,0.4,7.06,171.3,16.4,345.5,45.8,14.1,0.98,0.58,27.5,2,417.4,1787.5,77.6,15.3,15.6,0.664,150.93,150.93,134.53,150.93,16.4,12.19,16.4,73640.0,IND_FIELD_0178,RCBD - 4 Replications,4,ICAR AICRP & Syngenta Multi-Locational Trials,https://icar.org.in
TR-2023-MA-00179,EXP-2023-MA-ONI-0090,ICAR_SYNGENTA_TRIALS,India,Madhya Pradesh,Madhya Pradesh & Central Belt,Bhopal,23.2599,77.4126,Onion,Onion,Rabi,2023,Control (Untreated Check),Untreated Check,Untreated Check,0,Untreated,0.0,1,0,0.57,0.57,8.01,299.3,21.5,365.6,24.8,11.2,0.63,0.45,30.7,2,63.8,1995.5,68.8,12.5,22.1,0.772,116.36,116.36,116.36,116.36,0.0,0.0,0.0,0.0,IND_FIELD_0179,RCBD - 4 Replications,4,ICAR AICRP & Syngenta Multi-Locational Trials,https://icar.org.in
TR-2023-MA-00180,EXP-2023-MA-ONI-0090,ICAR_SYNGENTA_TRIALS,India,Madhya Pradesh,Madhya Pradesh & Central Belt,Bhopal,23.2599,77.4126,Onion,Onion,Rabi,2023,Syngenta Quantis,Syngenta Quantis,Biostimulant,1,Syngenta Quantis,2.0,0,1,0.57,0.57,8.01,299.3,21.5,365.6,24.8,11.2,0.63,0.45,30.7,2,63.8,1995.5,68.8,12.5,22.1,0.772,133.85,133.85,116.36,133.85,17.49,15.03,17.49,78654.0,IND_FIELD_0180,RCBD - 4 Replications,4,ICAR AICRP & Syngenta Multi-Locational Trials,https://icar.org.in
TR-2023-UT-00181,EXP-2023-UT-WHE-0091,ICAR_SYNGENTA_TRIALS,India,Uttar Pradesh,Indo-Gangetic Plain (Central),Varanasi,25.3176,82.9739,Wheat,Wheat,Rabi,2023,Control (Untreated Check),Untreated Check,Untreated Check,0,Untreated,0.0,1,0,0.48,0.48,7.56,193.5,25.9,238.7,35.4,15.2,0.98,0.52,25.9,3,197.0,1683.5,49.4,12.6,23.2,0.63,16.65,16.65,16.65,16.65,0.0,0.0,0.0,0.0,IND_FIELD_0181,RCBD - 4 Replications,4,ICAR AICRP & Syngenta Multi-Locational Trials,https://icar.org.in
TR-2023-UT-00182,EXP-2023-UT-WHE-0091,ICAR_SYNGENTA_TRIALS,India,Uttar Pradesh,Indo-Gangetic Plain (Central),Varanasi,25.3176,82.9739,Wheat,Wheat,Rabi,2023,Syngenta Quantis,Syngenta Quantis,Biostimulant,1,Syngenta Quantis,1.5,0,1,0.48,0.48,7.56,193.5,25.9,238.7,35.4,15.2,0.98,0.52,25.9,3,197.0,1683.5,49.4,12.6,23.2,0.63,18.12,18.12,16.65,18.12,1.47,8.83,1.47,5412.0,IND_FIELD_0182,RCBD - 4 Replications,4,ICAR AICRP & Syngenta Multi-Locational Trials,https://icar.org.in
TR-2021-TE-00183,EXP-2021-TE-GRO-0092,ICAR_SYNGENTA_TRIALS,India,Telangana,Telangana & Andhra (Krishna Basin),Warangal,17.9689,79.5941,Groundnut (Peanut),Groundnut (Peanut),Kharif,2021,Control (Untreated Check),Untreated Check,Untreated Check,0,Untreated,0.0,1,0,0.57,0.57,7.59,268.2,21.1,276.4,20.9,11.3,0.76,0.47,28.7,3,645.8,1865.5,63.9,5.6,16.7,0.721,11.55,11.55,11.55,11.55,0.0,0.0,0.0,0.0,IND_FIELD_0183,RCBD - 4 Replications,4,ICAR AICRP & Syngenta Multi-Locational Trials,https://icar.org.in
TR-2021-TE-00184,EXP-2021-TE-GRO-0092,ICAR_SYNGENTA_TRIALS,India,Telangana,Telangana & Andhra (Krishna Basin),Warangal,17.9689,79.5941,Groundnut (Peanut),Groundnut (Peanut),Kharif,2021,Syngenta Isabion,Syngenta Isabion,Biostimulant,1,Syngenta Isabion,1.5,0,1,0.57,0.57,7.59,268.2,21.1,276.4,20.9,11.3,0.76,0.47,28.7,3,645.8,1865.5,63.9,5.6,16.7,0.721,12.79,12.79,11.55,12.79,1.24,10.74,1.24,4354.0,IND_FIELD_0184,RCBD - 4 Replications,4,ICAR AICRP & Syngenta Multi-Locational Trials,https://icar.org.in
TR-2024-MA-00185,EXP-2024-MA-TOM-0093,ICAR_SYNGENTA_TRIALS,India,Madhya Pradesh,Madhya Pradesh & Central Belt,Bhopal,23.2599,77.4126,Tomato,Tomato,Annual,2024,Control (Untreated Check),Untreated Check,Untreated Check,0,Untreated,0.0,1,0,0.75,0.75,7.73,151.7,31.0,279.3,24.8,15.8,0.5,0.47,33.2,5,220.7,2158.0,77.3,12.0,19.0,0.612,174.06,174.06,174.06,174.06,0.0,0.0,0.0,0.0,IND_FIELD_0185,RCBD - 4 Replications,4,ICAR AICRP & Syngenta Multi-Locational Trials,https://icar.org.in
TR-2024-MA-00186,EXP-2024-MA-TOM-0093,ICAR_SYNGENTA_TRIALS,India,Madhya Pradesh,Madhya Pradesh & Central Belt,Bhopal,23.2599,77.4126,Tomato,Tomato,Annual,2024,Syngenta Isabion,Syngenta Isabion,Biostimulant,1,Syngenta Isabion,2.5,0,1,0.75,0.75,7.73,151.7,31.0,279.3,24.8,15.8,0.5,0.47,33.2,5,220.7,2158.0,77.3,12.0,19.0,0.612,202.03,202.03,174.06,202.03,27.97,16.07,27.97,126412.0,IND_FIELD_0186,RCBD - 4 Replications,4,ICAR AICRP & Syngenta Multi-Locational Trials,https://icar.org.in
TR-2024-PU-00187,EXP-2024-PU-SUG-0094,ICAR_SYNGENTA_TRIALS,India,Punjab,Punjab & Haryana (Indo-Gangetic),Ludhiana,30.901,75.8573,Sugarcane,Sugarcane,Annual,2024,Control (Untreated Check),Untreated Check,Untreated Check,0,Untreated,0.0,1,0,0.4,0.4,8.17,143.1,33.0,237.4,18.8,9.8,0.89,0.61,30.7,4,161.1,1995.5,62.2,7.2,19.5,0.624,339.93,339.93,339.93,339.93,0.0,0.0,0.0,0.0,IND_FIELD_0187,RCBD - 4 Replications,4,ICAR AICRP & Syngenta Multi-Locational Trials,https://icar.org.in
TR-2024-PU-00188,EXP-2024-PU-SUG-0094,ICAR_SYNGENTA_TRIALS,India,Punjab,Punjab & Haryana (Indo-Gangetic),Ludhiana,30.901,75.8573,Sugarcane,Sugarcane,Annual,2024,Syngenta CropBio+,Syngenta CropBio+,Biostimulant,1,Syngenta CropBio+,3.0,0,1,0.4,0.4,8.17,143.1,33.0,237.4,18.8,9.8,0.89,0.61,30.7,4,161.1,1995.5,62.2,7.2,19.5,0.624,377.22,377.22,339.93,377.22,37.29,10.97,37.29,168834.0,IND_FIELD_0188,RCBD - 4 Replications,4,ICAR AICRP & Syngenta Multi-Locational Trials,https://icar.org.in
TR-2021-MA-00189,EXP-2021-MA-MAI-0095,ICAR_SYNGENTA_TRIALS,India,Madhya Pradesh,Madhya Pradesh & Central Belt,Bhopal,23.2599,77.4126,Maize,Maize,Kharif,2021,Control (Untreated Check),Untreated Check,Untreated Check,0,Untreated,0.0,1,0,0.3,0.3,7.39,237.4,27.6,321.5,26.2,13.0,0.92,0.29,32.5,6,670.2,2112.5,63.7,9.9,17.7,0.853,22.05,22.05,22.05,22.05,0.0,0.0,0.0,0.0,IND_FIELD_0189,RCBD - 4 Replications,4,ICAR AICRP & Syngenta Multi-Locational Trials,https://icar.org.in
TR-2021-MA-00190,EXP-2021-MA-MAI-0095,ICAR_SYNGENTA_TRIALS,India,Madhya Pradesh,Madhya Pradesh & Central Belt,Bhopal,23.2599,77.4126,Maize,Maize,Kharif,2021,Syngenta Isabion,Syngenta Isabion,Biostimulant,1,Syngenta Isabion,2.0,0,1,0.3,0.3,7.39,237.4,27.6,321.5,26.2,13.0,0.92,0.29,32.5,6,670.2,2112.5,63.7,9.9,17.7,0.853,25.95,25.95,22.05,25.95,3.9,17.69,3.9,16140.0,IND_FIELD_0190,RCBD - 4 Replications,4,ICAR AICRP & Syngenta Multi-Locational Trials,https://icar.org.in
TR-2023-MA-00191,EXP-2023-MA-GRO-0096,ICAR_SYNGENTA_TRIALS,India,Madhya Pradesh,Madhya Pradesh & Central Belt,Bhopal,23.2599,77.4126,Groundnut (Peanut),Groundnut (Peanut),Kharif,2023,Control (Untreated Check),Untreated Check,Untreated Check,0,Untreated,0.0,1,0,0.59,0.59,7.52,217.8,23.5,302.7,35.5,16.8,0.68,0.69,27.7,2,724.4,1800.5,82.1,8.0,14.3,0.657,10.88,10.88,10.88,10.88,0.0,0.0,0.0,0.0,IND_FIELD_0191,RCBD - 4 Replications,4,ICAR AICRP & Syngenta Multi-Locational Trials,https://icar.org.in
TR-2023-MA-00192,EXP-2023-MA-GRO-0096,ICAR_SYNGENTA_TRIALS,India,Madhya Pradesh,Madhya Pradesh & Central Belt,Bhopal,23.2599,77.4126,Groundnut (Peanut),Groundnut (Peanut),Kharif,2023,Syngenta Isabion,Syngenta Isabion,Biostimulant,1,Syngenta Isabion,1.5,0,1,0.59,0.59,7.52,217.8,23.5,302.7,35.5,16.8,0.68,0.69,27.7,2,724.4,1800.5,82.1,8.0,14.3,0.657,11.48,11.48,10.88,11.48,0.6,5.51,0.6,1410.0,IND_FIELD_0192,RCBD - 4 Replications,4,ICAR AICRP & Syngenta Multi-Locational Trials,https://icar.org.in
TR-2023-PU-00193,EXP-2023-PU-SUG-0097,ICAR_SYNGENTA_TRIALS,India,Punjab,Punjab & Haryana (Indo-Gangetic),Ludhiana,30.901,75.8573,Sugarcane,Sugarcane,Annual,2023,Control (Untreated Check),Untreated Check,Untreated Check,0,Untreated,0.0,1,0,0.4,0.4,7.82,140.6,29.7,119.5,26.9,18.4,0.69,0.63,24.8,5,276.2,1612.0,69.8,5.2,20.5,0.647,297.03,297.03,297.03,297.03,0.0,0.0,0.0,0.0,IND_FIELD_0193,RCBD - 4 Replications,4,ICAR AICRP & Syngenta Multi-Locational Trials,https://icar.org.in
TR-2023-PU-00194,EXP-2023-PU-SUG-0097,ICAR_SYNGENTA_TRIALS,India,Punjab,Punjab & Haryana (Indo-Gangetic),Ludhiana,30.901,75.8573,Sugarcane,Sugarcane,Annual,2023,Syngenta CropBio+,Syngenta CropBio+,Biostimulant,1,Syngenta CropBio+,3.0,0,1,0.4,0.4,7.82,140.6,29.7,119.5,26.9,18.4,0.69,0.63,24.8,5,276.2,1612.0,69.8,5.2,20.5,0.647,342.64,342.64,297.03,342.64,45.61,15.36,45.61,207106.0,IND_FIELD_0194,RCBD - 4 Replications,4,ICAR AICRP & Syngenta Multi-Locational Trials,https://icar.org.in
TR-2023-MA-00195,EXP-2023-MA-COT-0098,ICAR_SYNGENTA_TRIALS,India,Madhya Pradesh,Madhya Pradesh & Central Belt,Bhopal,23.2599,77.4126,Cotton,Cotton,Kharif,2023,Control (Untreated Check),Untreated Check,Untreated Check,0,Untreated,0.0,1,0,0.6,0.6,7.33,298.2,22.1,319.2,23.2,11.8,0.77,0.51,32.3,2,735.8,2099.5,55.0,13.9,15.6,0.739,12.08,12.08,12.08,12.08,0.0,0.0,0.0,0.0,IND_FIELD_0195,RCBD - 4 Replications,4,ICAR AICRP & Syngenta Multi-Locational Trials,https://icar.org.in
TR-2023-MA-00196,EXP-2023-MA-COT-0098,ICAR_SYNGENTA_TRIALS,India,Madhya Pradesh,Madhya Pradesh & Central Belt,Bhopal,23.2599,77.4126,Cotton,Cotton,Kharif,2023,Syngenta Isabion,Syngenta Isabion,Biostimulant,1,Syngenta Isabion,1.5,0,1,0.6,0.6,7.33,298.2,22.1,319.2,23.2,11.8,0.77,0.51,32.3,2,735.8,2099.5,55.0,13.9,15.6,0.739,12.81,12.81,12.08,12.81,0.73,6.04,0.73,2008.0,IND_FIELD_0196,RCBD - 4 Replications,4,ICAR AICRP & Syngenta Multi-Locational Trials,https://icar.org.in
TR-2023-KA-00197,EXP-2023-KA-CHI-0099,ICAR_SYNGENTA_TRIALS,India,Karnataka,Karnataka (Deccan Plateau),Dharwad,15.4589,75.0078,Chickpea (Gram / Chana),Chickpea (Gram / Chana),Rabi,2023,Control (Untreated Check),Untreated Check,Untreated Check,0,Untreated,0.0,1,0,0.61,0.61,7.05,211.9,23.2,271.5,36.1,14.0,0.52,0.49,29.2,3,93.6,1898.0,67.2,8.9,15.4,0.711,7.1,7.1,7.1,7.1,0.0,0.0,0.0,0.0,IND_FIELD_0197,RCBD - 4 Replications,4,ICAR AICRP & Syngenta Multi-Locational Trials,https://icar.org.in
TR-2023-KA-00198,EXP-2023-KA-CHI-0099,ICAR_SYNGENTA_TRIALS,India,Karnataka,Karnataka (Deccan Plateau),Dharwad,15.4589,75.0078,Chickpea (Gram / Chana),Chickpea (Gram / Chana),Rabi,2023,Syngenta Isabion,Syngenta Isabion,Biostimulant,1,Syngenta Isabion,1.5,0,1,0.61,0.61,7.05,211.9,23.2,271.5,36.1,14.0,0.52,0.49,29.2,3,93.6,1898.0,67.2,8.9,15.4,0.711,7.92,7.92,7.1,7.92,0.82,11.55,0.82,2422.0,IND_FIELD_0198,RCBD - 4 Replications,4,ICAR AICRP & Syngenta Multi-Locational Trials,https://icar.org.in
TR-2023-GU-00199,EXP-2023-GU-ONI-0100,ICAR_SYNGENTA_TRIALS,India,Gujarat,Gujarat & Saurashtra Plain,Rajkot,22.3039,70.8022,Onion,Onion,Rabi,2023,Control (Untreated Check),Untreated Check,Untreated Check,0,Untreated,0.0,1,0,0.49,0.49,7.61,200.5,16.8,361.7,35.8,12.0,0.86,0.62,28.2,3,30.0,1833.0,70.3,6.1,18.5,0.789,117.67,117.67,117.67,117.67,0.0,0.0,0.0,0.0,IND_FIELD_0199,RCBD - 4 Replications,4,ICAR AICRP & Syngenta Multi-Locational Trials,https://icar.org.in
TR-2023-GU-00200,EXP-2023-GU-ONI-0100,ICAR_SYNGENTA_TRIALS,India,Gujarat,Gujarat & Saurashtra Plain,Rajkot,22.3039,70.8022,Onion,Onion,Rabi,2023,Syngenta Quantis,Syngenta Quantis,Biostimulant,1,Syngenta Quantis,2.0,0,1,0.49,0.49,7.61,200.5,16.8,361.7,35.8,12.0,0.86,0.62,28.2,3,30.0,1833.0,70.3,6.1,18.5,0.789,129.6,129.6,117.67,129.6,11.93,10.14,11.93,53078.0,IND_FIELD_0200,RCBD - 4 Replications,4,ICAR AICRP & Syngenta Multi-Locational Trials,https://icar.org.in
TR-2024-TA-00201,EXP-2024-TA-TOM-0101,ICAR_SYNGENTA_TRIALS,India,Tamil Nadu,Tamil Nadu & Cauvery Delta,Coimbatore,11.0168,76.9558,Tomato,Tomato,Annual,2024,Control (Untreated Check),Untreated Check,Untreated Check,0,Untreated,0.0,1,0,0.45,0.45,7.17,246.4,23.6,278.8,25.9,13.9,0.75,0.45,29.5,4,85.1,1917.5,81.2,13.5,17.0,0.549,154.87,154.87,154.87,154.87,0.0,0.0,0.0,0.0,IND_FIELD_0201,RCBD - 4 Replications,4,ICAR AICRP & Syngenta Multi-Locational Trials,https://icar.org.in
TR-2024-TA-00202,EXP-2024-TA-TOM-0101,ICAR_SYNGENTA_TRIALS,India,Tamil Nadu,Tamil Nadu & Cauvery Delta,Coimbatore,11.0168,76.9558,Tomato,Tomato,Annual,2024,Syngenta Isabion,Syngenta Isabion,Biostimulant,1,Syngenta Isabion,2.5,0,1,0.45,0.45,7.17,246.4,23.6,278.8,25.9,13.9,0.75,0.45,29.5,4,85.1,1917.5,81.2,13.5,17.0,0.549,169.25,169.25,154.87,169.25,14.38,9.29,14.38,63898.0,IND_FIELD_0202,RCBD - 4 Replications,4,ICAR AICRP & Syngenta Multi-Locational Trials,https://icar.org.in
TR-2023-GU-00203,EXP-2023-GU-RIC-0102,ICAR_SYNGENTA_TRIALS,India,Gujarat,Gujarat & Saurashtra Plain,Rajkot,22.3039,70.8022,Rice (Paddy),Rice (Paddy),Kharif,2023,Control (Untreated Check),Untreated Check,Untreated Check,0,Untreated,0.0,1,0,0.54,0.54,7.42,220.6,16.1,321.8,29.2,16.4,0.87,0.62,34.4,3,523.6,2236.0,66.1,12.1,18.2,0.786,19.24,19.24,19.24,19.24,0.0,0.0,0.0,0.0,IND_FIELD_0203,RCBD - 4 Replications,4,ICAR AICRP & Syngenta Multi-Locational Trials,https://icar.org.in
TR-2023-GU-00204,EXP-2023-GU-RIC-0102,ICAR_SYNGENTA_TRIALS,India,Gujarat,Gujarat & Saurashtra Plain,Rajkot,22.3039,70.8022,Rice (Paddy),Rice (Paddy),Kharif,2023,Syngenta Quantis,Syngenta Quantis,Biostimulant,1,Syngenta Quantis,2.0,0,1,0.54,0.54,7.42,220.6,16.1,321.8,29.2,16.4,0.87,0.62,34.4,3,523.6,2236.0,66.1,12.1,18.2,0.786,20.9,20.9,19.24,20.9,1.66,8.63,1.66,5836.0,IND_FIELD_0204,RCBD - 4 Replications,4,ICAR AICRP & Syngenta Multi-Locational Trials,https://icar.org.in
TR-2022-MA-00205,EXP-2022-MA-CHI-0103,ICAR_SYNGENTA_TRIALS,India,Maharashtra,Maharashtra & Vidarbha (Deccan),Nagpur,21.1458,79.0882,Chickpea (Gram / Chana),Chickpea (Gram / Chana),Rabi,2022,Control (Untreated Check),Untreated Check,Untreated Check,0,Untreated,0.0,1,0,0.44,0.44,7.83,161.7,24.9,367.1,29.4,10.8,0.83,0.66,30.7,4,186.8,1995.5,66.2,12.2,13.0,0.85,7.41,7.41,7.41,7.41,0.0,0.0,0.0,0.0,IND_FIELD_0205,RCBD - 4 Replications,4,ICAR AICRP & Syngenta Multi-Locational Trials,https://icar.org.in
TR-2022-MA-00206,EXP-2022-MA-CHI-0103,ICAR_SYNGENTA_TRIALS,India,Maharashtra,Maharashtra & Vidarbha (Deccan),Nagpur,21.1458,79.0882,Chickpea (Gram / Chana),Chickpea (Gram / Chana),Rabi,2022,Syngenta Isabion,Syngenta Isabion,Biostimulant,1,Syngenta Isabion,1.5,0,1,0.44,0.44,7.83,161.7,24.9,367.1,29.4,10.8,0.83,0.66,30.7,4,186.8,1995.5,66.2,12.2,13.0,0.85,8.27,8.27,7.41,8.27,0.86,11.61,0.86,2606.0,IND_FIELD_0206,RCBD - 4 Replications,4,ICAR AICRP & Syngenta Multi-Locational Trials,https://icar.org.in
TR-2022-MA-00207,EXP-2022-MA-TUR-0104,ICAR_SYNGENTA_TRIALS,India,Madhya Pradesh,Madhya Pradesh & Central Belt,Bhopal,23.2599,77.4126,Tur / Pigeon Pea (Arhar),Tur / Pigeon Pea (Arhar),Kharif,2022,Control (Untreated Check),Untreated Check,Untreated Check,0,Untreated,0.0,1,0,0.48,0.48,7.8,234.3,27.5,273.7,24.4,20.3,0.97,0.72,25.9,3,587.6,1683.5,75.1,7.4,15.6,0.69,7.11,7.11,7.11,7.11,0.0,0.0,0.0,0.0,IND_FIELD_0207,RCBD - 4 Replications,4,ICAR AICRP & Syngenta Multi-Locational Trials,https://icar.org.in
TR-2022-MA-00208,EXP-2022-MA-TUR-0104,ICAR_SYNGENTA_TRIALS,India,Madhya Pradesh,Madhya Pradesh & Central Belt,Bhopal,23.2599,77.4126,Tur / Pigeon Pea (Arhar),Tur / Pigeon Pea (Arhar),Kharif,2022,Syngenta Quantis,Syngenta Quantis,Biostimulant,1,Syngenta Quantis,2.0,0,1,0.48,0.48,7.8,234.3,27.5,273.7,24.4,20.3,0.97,0.72,25.9,3,587.6,1683.5,75.1,7.4,15.6,0.69,7.03,7.03,7.11,7.03,0.0,0.0,0.0,-1800.0,IND_FIELD_0208,RCBD - 4 Replications,4,ICAR AICRP & Syngenta Multi-Locational Trials,https://icar.org.in
TR-2021-MA-00209,EXP-2021-MA-TOM-0105,ICAR_SYNGENTA_TRIALS,India,Madhya Pradesh,Madhya Pradesh & Central Belt,Bhopal,23.2599,77.4126,Tomato,Tomato,Annual,2021,Control (Untreated Check),Untreated Check,Untreated Check,0,Untreated,0.0,1,0,0.55,0.55,6.7,267.1,15.0,220.4,29.9,14.5,0.95,0.57,25.3,4,114.5,1644.5,64.2,8.3,20.9,0.654,141.58,141.58,141.58,141.58,0.0,0.0,0.0,0.0,IND_FIELD_0209,RCBD - 4 Replications,4,ICAR AICRP & Syngenta Multi-Locational Trials,https://icar.org.in
TR-2021-MA-00210,EXP-2021-MA-TOM-0105,ICAR_SYNGENTA_TRIALS,India,Madhya Pradesh,Madhya Pradesh & Central Belt,Bhopal,23.2599,77.4126,Tomato,Tomato,Annual,2021,Syngenta Isabion,Syngenta Isabion,Biostimulant,1,Syngenta Isabion,2.5,0,1,0.55,0.55,6.7,267.1,15.0,220.4,29.9,14.5,0.95,0.57,25.3,4,114.5,1644.5,64.2,8.3,20.9,0.654,152.35,152.35,141.58,152.35,10.77,7.61,10.77,47292.0,IND_FIELD_0210,RCBD - 4 Replications,4,ICAR AICRP & Syngenta Multi-Locational Trials,https://icar.org.in
TR-2024-TA-00211,EXP-2024-TA-SOY-0106,ICAR_SYNGENTA_TRIALS,India,Tamil Nadu,Tamil Nadu & Cauvery Delta,Coimbatore,11.0168,76.9558,Soybean,Soybean,Kharif,2024,Control (Untreated Check),Untreated Check,Untreated Check,0,Untreated,0.0,1,0,0.57,0.57,7.32,295.7,10.6,304.7,41.0,5.0,1.01,0.52,29.3,4,647.7,1904.5,71.1,14.7,12.7,0.774,10.15,10.15,10.15,10.15,0.0,0.0,0.0,0.0,IND_FIELD_0211,RCBD - 4 Replications,4,ICAR AICRP & Syngenta Multi-Locational Trials,https://icar.org.in
TR-2024-TA-00212,EXP-2024-TA-SOY-0106,ICAR_SYNGENTA_TRIALS,India,Tamil Nadu,Tamil Nadu & Cauvery Delta,Coimbatore,11.0168,76.9558,Soybean,Soybean,Kharif,2024,Syngenta Quantis,Syngenta Quantis,Biostimulant,1,Syngenta Quantis,2.0,0,1,0.57,0.57,7.32,295.7,10.6,304.7,41.0,5.0,1.01,0.52,29.3,4,647.7,1904.5,71.1,14.7,12.7,0.774,10.12,10.12,10.15,10.12,0.0,0.0,0.0,-1800.0,IND_FIELD_0212,RCBD - 4 Replications,4,ICAR AICRP & Syngenta Multi-Locational Trials,https://icar.org.in
TR-2025-GU-00213,EXP-2025-GU-CHI-0107,ICAR_SYNGENTA_TRIALS,India,Gujarat,Gujarat & Saurashtra Plain,Rajkot,22.3039,70.8022,Chickpea (Gram / Chana),Chickpea (Gram / Chana),Rabi,2025,Control (Untreated Check),Untreated Check,Untreated Check,0,Untreated,0.0,1,0,0.5,0.5,7.78,215.3,21.1,300.4,39.1,14.0,1.12,0.53,27.1,5,30.0,1761.5,63.7,11.4,18.2,0.751,6.24,6.24,6.24,6.24,0.0,0.0,0.0,0.0,IND_FIELD_0213,RCBD - 4 Replications,4,ICAR AICRP & Syngenta Multi-Locational Trials,https://icar.org.in
TR-2025-GU-00214,EXP-2025-GU-CHI-0107,ICAR_SYNGENTA_TRIALS,India,Gujarat,Gujarat & Saurashtra Plain,Rajkot,22.3039,70.8022,Chickpea (Gram / Chana),Chickpea (Gram / Chana),Rabi,2025,Syngenta Isabion,Syngenta Isabion,Biostimulant,1,Syngenta Isabion,1.5,0,1,0.5,0.5,7.78,215.3,21.1,300.4,39.1,14.0,1.12,0.53,27.1,5,30.0,1761.5,63.7,11.4,18.2,0.751,6.47,6.47,6.24,6.47,0.23,3.69,0.23,-292.0,IND_FIELD_0214,RCBD - 4 Replications,4,ICAR AICRP & Syngenta Multi-Locational Trials,https://icar.org.in
TR-2021-KA-00215,EXP-2021-KA-SOY-0108,ICAR_SYNGENTA_TRIALS,India,Karnataka,Karnataka (Deccan Plateau),Dharwad,15.4589,75.0078,Soybean,Soybean,Kharif,2021,Control (Untreated Check),Untreated Check,Untreated Check,0,Untreated,0.0,1,0,0.64,0.64,7.3,209.4,24.8,268.4,36.9,17.0,0.9,0.51,29.9,4,813.6,1943.5,72.0,9.4,18.8,0.614,10.15,10.15,10.15,10.15,0.0,0.0,0.0,0.0,IND_FIELD_0215,RCBD - 4 Replications,4,ICAR AICRP & Syngenta Multi-Locational Trials,https://icar.org.in
TR-2021-KA-00216,EXP-2021-KA-SOY-0108,ICAR_SYNGENTA_TRIALS,India,Karnataka,Karnataka (Deccan Plateau),Dharwad,15.4589,75.0078,Soybean,Soybean,Kharif,2021,Syngenta Quantis,Syngenta Quantis,Biostimulant,1,Syngenta Quantis,2.0,0,1,0.64,0.64,7.3,209.4,24.8,268.4,36.9,17.0,0.9,0.51,29.9,4,813.6,1943.5,72.0,9.4,18.8,0.614,11.38,11.38,10.15,11.38,1.23,12.12,1.23,3858.0,IND_FIELD_0216,RCBD - 4 Replications,4,ICAR AICRP & Syngenta Multi-Locational Trials,https://icar.org.in
TR-2023-MA-00217,EXP-2023-MA-COT-0109,ICAR_SYNGENTA_TRIALS,India,Madhya Pradesh,Madhya Pradesh & Central Belt,Bhopal,23.2599,77.4126,Cotton,Cotton,Kharif,2023,Control (Untreated Check),Untreated Check,Untreated Check,0,Untreated,0.0,1,0,0.55,0.55,6.82,246.1,18.5,378.2,32.8,16.8,1.27,0.45,29.8,3,856.6,1937.0,61.7,7.0,18.3,0.823,11.53,11.53,11.53,11.53,0.0,0.0,0.0,0.0,IND_FIELD_0217,RCBD - 4 Replications,4,ICAR AICRP & Syngenta Multi-Locational Trials,https://icar.org.in
TR-2023-MA-00218,EXP-2023-MA-COT-0109,ICAR_SYNGENTA_TRIALS,India,Madhya Pradesh,Madhya Pradesh & Central Belt,Bhopal,23.2599,77.4126,Cotton,Cotton,Kharif,2023,Syngenta Isabion,Syngenta Isabion,Biostimulant,1,Syngenta Isabion,1.5,0,1,0.55,0.55,6.82,246.1,18.5,378.2,32.8,16.8,1.27,0.45,29.8,3,856.6,1937.0,61.7,7.0,18.3,0.823,11.94,11.94,11.53,11.94,0.41,3.56,0.41,536.0,IND_FIELD_0218,RCBD - 4 Replications,4,ICAR AICRP & Syngenta Multi-Locational Trials,https://icar.org.in
TR-2023-MA-00219,EXP-2023-MA-ONI-0110,ICAR_SYNGENTA_TRIALS,India,Madhya Pradesh,Madhya Pradesh & Central Belt,Bhopal,23.2599,77.4126,Onion,Onion,Rabi,2023,Control (Untreated Check),Untreated Check,Untreated Check,0,Untreated,0.0,1,0,0.69,0.69,7.74,301.7,13.8,316.8,31.1,10.5,0.59,0.61,30.3,1,280.0,1969.5,54.2,13.8,18.7,0.731,134.37,134.37,134.37,134.37,0.0,0.0,0.0,0.0,IND_FIELD_0219,RCBD - 4 Replications,4,ICAR AICRP & Syngenta Multi-Locational Trials,https://icar.org.in
TR-2023-MA-00220,EXP-2023-MA-ONI-0110,ICAR_SYNGENTA_TRIALS,India,Madhya Pradesh,Madhya Pradesh & Central Belt,Bhopal,23.2599,77.4126,Onion,Onion,Rabi,2023,Syngenta Quantis,Syngenta Quantis,Biostimulant,1,Syngenta Quantis,2.0,0,1,0.69,0.69,7.74,301.7,13.8,316.8,31.1,10.5,0.59,0.61,30.3,1,280.0,1969.5,54.2,13.8,18.7,0.731,154.41,154.41,134.37,154.41,20.04,14.91,20.04,90384.0,IND_FIELD_0220,RCBD - 4 Replications,4,ICAR AICRP & Syngenta Multi-Locational Trials,https://icar.org.in
TR-2024-UT-00221,EXP-2024-UT-GRO-0111,ICAR_SYNGENTA_TRIALS,India,Uttar Pradesh,Indo-Gangetic Plain (Central),Varanasi,25.3176,82.9739,Groundnut (Peanut),Groundnut (Peanut),Kharif,2024,Control (Untreated Check),Untreated Check,Untreated Check,0,Untreated,0.0,1,0,0.66,0.66,7.69,240.5,23.4,230.4,34.1,5.0,0.97,0.79,30.1,4,582.7,1956.5,49.2,10.8,15.1,0.56,11.45,11.45,11.45,11.45,0.0,0.0,0.0,0.0,IND_FIELD_0221,RCBD - 4 Replications,4,ICAR AICRP & Syngenta Multi-Locational Trials,https://icar.org.in
TR-2024-UT-00222,EXP-2024-UT-GRO-0111,ICAR_SYNGENTA_TRIALS,India,Uttar Pradesh,Indo-Gangetic Plain (Central),Varanasi,25.3176,82.9739,Groundnut (Peanut),Groundnut (Peanut),Kharif,2024,Syngenta Isabion,Syngenta Isabion,Biostimulant,1,Syngenta Isabion,1.5,0,1,0.66,0.66,7.69,240.5,23.4,230.4,34.1,5.0,0.97,0.79,30.1,4,582.7,1956.5,49.2,10.8,15.1,0.56,13.04,13.04,11.45,13.04,1.59,13.89,1.59,5964.0,IND_FIELD_0222,RCBD - 4 Replications,4,ICAR AICRP & Syngenta Multi-Locational Trials,https://icar.org.in
TR-2025-TE-00223,EXP-2025-TE-WHE-0112,ICAR_SYNGENTA_TRIALS,India,Telangana,Telangana & Andhra (Krishna Basin),Warangal,17.9689,79.5941,Wheat,Wheat,Rabi,2025,Control (Untreated Check),Untreated Check,Untreated Check,0,Untreated,0.0,1,0,0.48,0.48,6.64,232.2,26.1,317.3,33.1,20.0,0.81,0.48,29.0,2,226.6,1885.0,71.0,11.5,17.9,0.782,15.58,15.58,15.58,15.58,0.0,0.0,0.0,0.0,IND_FIELD_0223,RCBD - 4 Replications,4,ICAR AICRP & Syngenta Multi-Locational Trials,https://icar.org.in
TR-2025-TE-00224,EXP-2025-TE-WHE-0112,ICAR_SYNGENTA_TRIALS,India,Telangana,Telangana & Andhra (Krishna Basin),Warangal,17.9689,79.5941,Wheat,Wheat,Rabi,2025,Syngenta Quantis,Syngenta Quantis,Biostimulant,1,Syngenta Quantis,1.5,0,1,0.48,0.48,6.64,232.2,26.1,317.3,33.1,20.0,0.81,0.48,29.0,2,226.6,1885.0,71.0,11.5,17.9,0.782,17.69,17.69,15.58,17.69,2.11,13.54,2.11,8356.0,IND_FIELD_0224,RCBD - 4 Replications,4,ICAR AICRP & Syngenta Multi-Locational Trials,https://icar.org.in
TR-2023-KA-00225,EXP-2023-KA-SUG-0113,ICAR_SYNGENTA_TRIALS,India,Karnataka,Karnataka (Deccan Plateau),Dharwad,15.4589,75.0078,Sugarcane,Sugarcane,Annual,2023,Control (Untreated Check),Untreated Check,Untreated Check,0,Untreated,0.0,1,0,0.78,0.78,6.49,230.8,28.3,254.5,31.7,14.1,0.47,0.55,26.4,2,324.9,1716.0,57.8,7.5,17.3,0.718,331.26,331.26,331.26,331.26,0.0,0.0,0.0,0.0,IND_FIELD_0225,RCBD - 4 Replications,4,ICAR AICRP & Syngenta Multi-Locational Trials,https://icar.org.in
TR-2023-KA-00226,EXP-2023-KA-SUG-0113,ICAR_SYNGENTA_TRIALS,India,Karnataka,Karnataka (Deccan Plateau),Dharwad,15.4589,75.0078,Sugarcane,Sugarcane,Annual,2023,Syngenta CropBio+,Syngenta CropBio+,Biostimulant,1,Syngenta CropBio+,3.0,0,1,0.78,0.78,6.49,230.8,28.3,254.5,31.7,14.1,0.47,0.55,26.4,2,324.9,1716.0,57.8,7.5,17.3,0.718,365.56,365.56,331.26,365.56,34.3,10.35,34.3,155080.0,IND_FIELD_0226,RCBD - 4 Replications,4,ICAR AICRP & Syngenta Multi-Locational Trials,https://icar.org.in
TR-2021-PU-00227,EXP-2021-PU-RIC-0114,ICAR_SYNGENTA_TRIALS,India,Punjab,Punjab & Haryana (Indo-Gangetic),Ludhiana,30.901,75.8573,Rice (Paddy),Rice (Paddy),Kharif,2021,Control (Untreated Check),Untreated Check,Untreated Check,0,Untreated,0.0,1,0,0.44,0.44,7.7,140.9,32.5,128.6,17.0,15.9,1.06,0.49,26.5,4,780.6,1722.5,65.7,7.1,18.9,0.889,21.08,21.08,21.08,21.08,0.0,0.0,0.0,0.0,IND_FIELD_0227,RCBD - 4 Replications,4,ICAR AICRP & Syngenta Multi-Locational Trials,https://icar.org.in
TR-2021-PU-00228,EXP-2021-PU-RIC-0114,ICAR_SYNGENTA_TRIALS,India,Punjab,Punjab & Haryana (Indo-Gangetic),Ludhiana,30.901,75.8573,Rice (Paddy),Rice (Paddy),Kharif,2021,Syngenta Quantis,Syngenta Quantis,Biostimulant,1,Syngenta Quantis,2.0,0,1,0.44,0.44,7.7,140.9,32.5,128.6,17.0,15.9,1.06,0.49,26.5,4,780.6,1722.5,65.7,7.1,18.9,0.889,22.91,22.91,21.08,22.91,1.83,8.68,1.83,6618.0,IND_FIELD_0228,RCBD - 4 Replications,4,ICAR AICRP & Syngenta Multi-Locational Trials,https://icar.org.in
TR-2024-TA-00229,EXP-2024-TA-TOM-0115,ICAR_SYNGENTA_TRIALS,India,Tamil Nadu,Tamil Nadu & Cauvery Delta,Coimbatore,11.0168,76.9558,Tomato,Tomato,Annual,2024,Control (Untreated Check),Untreated Check,Untreated Check,0,Untreated,0.0,1,0,0.56,0.56,7.84,302.0,14.3,303.9,25.5,15.9,0.67,0.5,27.6,1,247.6,1794.0,77.2,6.0,18.6,0.63,149.96,149.96,149.96,149.96,0.0,0.0,0.0,0.0,IND_FIELD_0229,RCBD - 4 Replications,4,ICAR AICRP & Syngenta Multi-Locational Trials,https://icar.org.in
TR-2024-TA-00230,EXP-2024-TA-TOM-0115,ICAR_SYNGENTA_TRIALS,India,Tamil Nadu,Tamil Nadu & Cauvery Delta,Coimbatore,11.0168,76.9558,Tomato,Tomato,Annual,2024,Syngenta Isabion,Syngenta Isabion,Biostimulant,1,Syngenta Isabion,2.5,0,1,0.56,0.56,7.84,302.0,14.3,303.9,25.5,15.9,0.67,0.5,27.6,1,247.6,1794.0,77.2,6.0,18.6,0.63,160.93,160.93,149.96,160.93,10.97,7.32,10.97,48212.0,IND_FIELD_0230,RCBD - 4 Replications,4,ICAR AICRP & Syngenta Multi-Locational Trials,https://icar.org.in
TR-2024-MA-00231,EXP-2024-MA-TUR-0116,ICAR_SYNGENTA_TRIALS,India,Madhya Pradesh,Madhya Pradesh & Central Belt,Bhopal,23.2599,77.4126,Tur / Pigeon Pea (Arhar),Tur / Pigeon Pea (Arhar),Kharif,2024,Control (Untreated Check),Untreated Check,Untreated Check,0,Untreated,0.0,1,0,0.51,0.51,6.85,220.2,27.1,393.5,20.9,7.4,1.22,0.6,25.9,5,733.5,1683.5,58.7,10.2,16.3,0.651,7.26,7.26,7.26,7.26,0.0,0.0,0.0,0.0,IND_FIELD_0231,RCBD - 4 Replications,4,ICAR AICRP & Syngenta Multi-Locational Trials,https://icar.org.in
TR-2024-MA-00232,EXP-2024-MA-TUR-0116,ICAR_SYNGENTA_TRIALS,India,Madhya Pradesh,Madhya Pradesh & Central Belt,Bhopal,23.2599,77.4126,Tur / Pigeon Pea (Arhar),Tur / Pigeon Pea (Arhar),Kharif,2024,Syngenta Quantis,Syngenta Quantis,Biostimulant,1,Syngenta Quantis,2.0,0,1,0.51,0.51,6.85,220.2,27.1,393.5,20.9,7.4,1.22,0.6,25.9,5,733.5,1683.5,58.7,10.2,16.3,0.651,8.35,8.35,7.26,8.35,1.09,15.01,1.09,3214.0,IND_FIELD_0232,RCBD - 4 Replications,4,ICAR AICRP & Syngenta Multi-Locational Trials,https://icar.org.in
TR-2025-MA-00233,EXP-2025-MA-MAI-0117,ICAR_SYNGENTA_TRIALS,India,Madhya Pradesh,Madhya Pradesh & Central Belt,Bhopal,23.2599,77.4126,Maize,Maize,Kharif,2025,Control (Untreated Check),Untreated Check,Untreated Check,0,Untreated,0.0,1,0,0.54,0.54,6.82,229.5,21.7,414.8,24.2,19.1,1.05,0.58,33.8,5,548.1,2197.0,66.0,7.3,18.3,0.767,22.56,22.56,22.56,22.56,0.0,0.0,0.0,0.0,IND_FIELD_0233,RCBD - 4 Replications,4,ICAR AICRP & Syngenta Multi-Locational Trials,https://icar.org.in
TR-2025-MA-00234,EXP-2025-MA-MAI-0117,ICAR_SYNGENTA_TRIALS,India,Madhya Pradesh,Madhya Pradesh & Central Belt,Bhopal,23.2599,77.4126,Maize,Maize,Kharif,2025,Syngenta Isabion,Syngenta Isabion,Biostimulant,1,Syngenta Isabion,2.0,0,1,0.54,0.54,6.82,229.5,21.7,414.8,24.2,19.1,1.05,0.58,33.8,5,548.1,2197.0,66.0,7.3,18.3,0.767,25.11,25.11,22.56,25.11,2.55,11.3,2.55,9930.0,IND_FIELD_0234,RCBD - 4 Replications,4,ICAR AICRP & Syngenta Multi-Locational Trials,https://icar.org.in
TR-2023-KA-00235,EXP-2023-KA-CHI-0118,ICAR_SYNGENTA_TRIALS,India,Karnataka,Karnataka (Deccan Plateau),Dharwad,15.4589,75.0078,Chickpea (Gram / Chana),Chickpea (Gram / Chana),Rabi,2023,Control (Untreated Check),Untreated Check,Untreated Check,0,Untreated,0.0,1,0,0.59,0.59,7.03,223.8,24.8,317.2,31.7,15.2,0.91,0.55,28.3,0,92.9,1839.5,75.0,13.7,16.3,0.782,6.76,6.76,6.76,6.76,0.0,0.0,0.0,0.0,IND_FIELD_0235,RCBD - 4 Replications,4,ICAR AICRP & Syngenta Multi-Locational Trials,https://icar.org.in
TR-2023-KA-00236,EXP-2023-KA-CHI-0118,ICAR_SYNGENTA_TRIALS,India,Karnataka,Karnataka (Deccan Plateau),Dharwad,15.4589,75.0078,Chickpea (Gram / Chana),Chickpea (Gram / Chana),Rabi,2023,Syngenta Isabion,Syngenta Isabion,Biostimulant,1,Syngenta Isabion,1.5,0,1,0.59,0.59,7.03,223.8,24.8,317.2,31.7,15.2,0.91,0.55,28.3,0,92.9,1839.5,75.0,13.7,16.3,0.782,7.17,7.17,6.76,7.17,0.41,6.07,0.41,536.0,IND_FIELD_0236,RCBD - 4 Replications,4,ICAR AICRP & Syngenta Multi-Locational Trials,https://icar.org.in
TR-2021-UT-00237,EXP-2021-UT-ONI-0119,ICAR_SYNGENTA_TRIALS,India,Uttar Pradesh,Indo-Gangetic Plain (Central),Varanasi,25.3176,82.9739,Onion,Onion,Rabi,2021,Control (Untreated Check),Untreated Check,Untreated Check,0,Untreated,0.0,1,0,0.56,0.56,7.24,207.9,25.0,244.0,36.7,11.4,0.87,0.6,32.9,4,257.4,2138.5,83.3,7.5,19.8,0.691,121.56,121.56,121.56,121.56,0.0,0.0,0.0,0.0,IND_FIELD_0237,RCBD - 4 Replications,4,ICAR AICRP & Syngenta Multi-Locational Trials,https://icar.org.in
TR-2021-UT-00238,EXP-2021-UT-ONI-0119,ICAR_SYNGENTA_TRIALS,India,Uttar Pradesh,Indo-Gangetic Plain (Central),Varanasi,25.3176,82.9739,Onion,Onion,Rabi,2021,Syngenta Quantis,Syngenta Quantis,Biostimulant,1,Syngenta Quantis,2.0,0,1,0.56,0.56,7.24,207.9,25.0,244.0,36.7,11.4,0.87,0.6,32.9,4,257.4,2138.5,83.3,7.5,19.8,0.691,139.01,139.01,121.56,139.01,17.45,14.36,17.45,78470.0,IND_FIELD_0238,RCBD - 4 Replications,4,ICAR AICRP & Syngenta Multi-Locational Trials,https://icar.org.in
TR-2023-TA-00239,EXP-2023-TA-MUS-0120,ICAR_SYNGENTA_TRIALS,India,Tamil Nadu,Tamil Nadu & Cauvery Delta,Coimbatore,11.0168,76.9558,Mustard / Rapeseed,Mustard / Rapeseed,Rabi,2023,Control (Untreated Check),Untreated Check,Untreated Check,0,Untreated,0.0,1,0,0.54,0.54,7.91,240.9,29.3,329.4,31.4,9.7,0.65,0.66,26.6,1,49.2,1729.0,76.5,9.1,15.1,0.682,6.82,6.82,6.82,6.82,0.0,0.0,0.0,0.0,IND_FIELD_0239,RCBD - 4 Replications,4,ICAR AICRP & Syngenta Multi-Locational Trials,https://icar.org.in
TR-2023-TA-00240,EXP-2023-TA-MUS-0120,ICAR_SYNGENTA_TRIALS,India,Tamil Nadu,Tamil Nadu & Cauvery Delta,Coimbatore,11.0168,76.9558,Mustard / Rapeseed,Mustard / Rapeseed,Rabi,2023,Syngenta Quantis,Syngenta Quantis,Biostimulant,1,Syngenta Quantis,1.5,0,1,0.54,0.54,7.91,240.9,29.3,329.4,31.4,9.7,0.65,0.66,26.6,1,49.2,1729.0,76.5,9.1,15.1,0.682,7.19,7.19,6.82,7.19,0.37,5.43,0.37,352.0,IND_FIELD_0240,RCBD - 4 Replications,4,ICAR AICRP & Syngenta Multi-Locational Trials,https://icar.org.in
TR-2024-PU-00241,EXP-2024-PU-SUG-0121,ICAR_SYNGENTA_TRIALS,India,Punjab,Punjab & Haryana (Indo-Gangetic),Ludhiana,30.901,75.8573,Sugarcane,Sugarcane,Annual,2024,Control (Untreated Check),Untreated Check,Untreated Check,0,Untreated,0.0,1,0,0.53,0.53,8.34,212.4,26.5,198.9,31.6,9.0,1.07,0.45,26.7,4,205.2,1735.5,74.3,7.5,20.0,0.698,304.11,304.11,304.11,304.11,0.0,0.0,0.0,0.0,IND_FIELD_0241,RCBD - 4 Replications,4,ICAR AICRP & Syngenta Multi-Locational Trials,https://icar.org.in
TR-2024-PU-00242,EXP-2024-PU-SUG-0121,ICAR_SYNGENTA_TRIALS,India,Punjab,Punjab & Haryana (Indo-Gangetic),Ludhiana,30.901,75.8573,Sugarcane,Sugarcane,Annual,2024,Syngenta CropBio+,Syngenta CropBio+,Biostimulant,1,Syngenta CropBio+,3.0,0,1,0.53,0.53,8.34,212.4,26.5,198.9,31.6,9.0,1.07,0.45,26.7,4,205.2,1735.5,74.3,7.5,20.0,0.698,328.81,328.81,304.11,328.81,24.7,8.12,24.7,110920.0,IND_FIELD_0242,RCBD - 4 Replications,4,ICAR AICRP & Syngenta Multi-Locational Trials,https://icar.org.in
TR-2022-GU-00243,EXP-2022-GU-SOY-0122,ICAR_SYNGENTA_TRIALS,India,Gujarat,Gujarat & Saurashtra Plain,Rajkot,22.3039,70.8022,Soybean,Soybean,Kharif,2022,Control (Untreated Check),Untreated Check,Untreated Check,0,Untreated,0.0,1,0,0.26,0.26,8.04,140.2,16.5,349.5,36.8,12.9,0.78,0.64,29.5,2,711.6,1917.5,79.6,7.2,19.4,0.702,10.09,10.09,10.09,10.09,0.0,0.0,0.0,0.0,IND_FIELD_0243,RCBD - 4 Replications,4,ICAR AICRP & Syngenta Multi-Locational Trials,https://icar.org.in
TR-2022-GU-00244,EXP-2022-GU-SOY-0122,ICAR_SYNGENTA_TRIALS,India,Gujarat,Gujarat & Saurashtra Plain,Rajkot,22.3039,70.8022,Soybean,Soybean,Kharif,2022,Syngenta Quantis,Syngenta Quantis,Biostimulant,1,Syngenta Quantis,2.0,0,1,0.26,0.26,8.04,140.2,16.5,349.5,36.8,12.9,0.78,0.64,29.5,2,711.6,1917.5,79.6,7.2,19.4,0.702,10.55,10.55,10.09,10.55,0.46,4.56,0.46,316.0,IND_FIELD_0244,RCBD - 4 Replications,4,ICAR AICRP & Syngenta Multi-Locational Trials,https://icar.org.in
TR-2021-PU-00245,EXP-2021-PU-SOY-0123,ICAR_SYNGENTA_TRIALS,India,Punjab,Punjab & Haryana (Indo-Gangetic),Ludhiana,30.901,75.8573,Soybean,Soybean,Kharif,2021,Control (Untreated Check),Untreated Check,Untreated Check,0,Untreated,0.0,1,0,0.54,0.54,7.86,120.0,35.2,146.9,36.8,18.7,0.98,0.68,34.6,6,598.2,2249.0,83.3,10.9,15.0,0.706,8.16,8.16,8.16,8.16,0.0,0.0,0.0,0.0,IND_FIELD_0245,RCBD - 4 Replications,4,ICAR AICRP & Syngenta Multi-Locational Trials,https://icar.org.in
TR-2021-PU-00246,EXP-2021-PU-SOY-0123,ICAR_SYNGENTA_TRIALS,India,Punjab,Punjab & Haryana (Indo-Gangetic),Ludhiana,30.901,75.8573,Soybean,Soybean,Kharif,2021,Syngenta Quantis,Syngenta Quantis,Biostimulant,1,Syngenta Quantis,2.0,0,1,0.54,0.54,7.86,120.0,35.2,146.9,36.8,18.7,0.98,0.68,34.6,6,598.2,2249.0,83.3,10.9,15.0,0.706,9.55,9.55,8.16,9.55,1.39,17.03,1.39,4594.0,IND_FIELD_0246,RCBD - 4 Replications,4,ICAR AICRP & Syngenta Multi-Locational Trials,https://icar.org.in
TR-2021-KA-00247,EXP-2021-KA-TUR-0124,ICAR_SYNGENTA_TRIALS,India,Karnataka,Karnataka (Deccan Plateau),Dharwad,15.4589,75.0078,Tur / Pigeon Pea (Arhar),Tur / Pigeon Pea (Arhar),Kharif,2021,Control (Untreated Check),Untreated Check,Untreated Check,0,Untreated,0.0,1,0,0.67,0.67,7.58,232.3,18.7,329.3,45.7,14.0,1.05,0.71,26.3,2,631.5,1709.5,64.0,14.6,20.9,0.713,8.07,8.07,8.07,8.07,0.0,0.0,0.0,0.0,IND_FIELD_0247,RCBD - 4 Replications,4,ICAR AICRP & Syngenta Multi-Locational Trials,https://icar.org.in
TR-2021-KA-00248,EXP-2021-KA-TUR-0124,ICAR_SYNGENTA_TRIALS,India,Karnataka,Karnataka (Deccan Plateau),Dharwad,15.4589,75.0078,Tur / Pigeon Pea (Arhar),Tur / Pigeon Pea (Arhar),Kharif,2021,Syngenta Quantis,Syngenta Quantis,Biostimulant,1,Syngenta Quantis,2.0,0,1,0.67,0.67,7.58,232.3,18.7,329.3,45.7,14.0,1.05,0.71,26.3,2,631.5,1709.5,64.0,14.6,20.9,0.713,9.18,9.18,8.07,9.18,1.11,13.75,1.11,3306.0,IND_FIELD_0248,RCBD - 4 Replications,4,ICAR AICRP & Syngenta Multi-Locational Trials,https://icar.org.in
TR-2024-TA-00249,EXP-2024-TA-ONI-0125,ICAR_SYNGENTA_TRIALS,India,Tamil Nadu,Tamil Nadu & Cauvery Delta,Coimbatore,11.0168,76.9558,Onion,Onion,Rabi,2024,Control (Untreated Check),Untreated Check,Untreated Check,0,Untreated,0.0,1,0,0.42,0.42,8.8,191.4,18.4,218.8,35.8,14.5,1.0,0.34,31.8,1,69.3,2067.0,66.5,12.1,19.2,0.703,117.82,117.82,117.82,117.82,0.0,0.0,0.0,0.0,IND_FIELD_0249,RCBD - 4 Replications,4,ICAR AICRP & Syngenta Multi-Locational Trials,https://icar.org.in
TR-2024-TA-00250,EXP-2024-TA-ONI-0125,ICAR_SYNGENTA_TRIALS,India,Tamil Nadu,Tamil Nadu & Cauvery Delta,Coimbatore,11.0168,76.9558,Onion,Onion,Rabi,2024,Syngenta Quantis,Syngenta Quantis,Biostimulant,1,Syngenta Quantis,2.0,0,1,0.42,0.42,8.8,191.4,18.4,218.8,35.8,14.5,1.0,0.34,31.8,1,69.3,2067.0,66.5,12.1,19.2,0.703,130.29,130.29,117.82,130.29,12.47,10.58,12.47,55562.0,IND_FIELD_0250,RCBD - 4 Replications,4,ICAR AICRP & Syngenta Multi-Locational Trials,https://icar.org.in
TR-2023-UT-00251,EXP-2023-UT-CHI-0126,ICAR_SYNGENTA_TRIALS,India,Uttar Pradesh,Indo-Gangetic Plain (Central),Varanasi,25.3176,82.9739,Chickpea (Gram / Chana),Chickpea (Gram / Chana),Rabi,2023,Control (Untreated Check),Untreated Check,Untreated Check,0,Untreated,0.0,1,0,0.46,0.46,7.8,221.8,23.7,207.3,36.8,10.4,1.18,0.72,27.4,4,63.6,1781.0,82.3,10.2,15.5,0.659,6.18,6.18,6.18,6.18,0.0,0.0,0.0,0.0,IND_FIELD_0251,RCBD - 4 Replications,4,ICAR AICRP & Syngenta Multi-Locational Trials,https://icar.org.in
TR-2023-UT-00252,EXP-2023-UT-CHI-0126,ICAR_SYNGENTA_TRIALS,India,Uttar Pradesh,Indo-Gangetic Plain (Central),Varanasi,25.3176,82.9739,Chickpea (Gram / Chana),Chickpea (Gram / Chana),Rabi,2023,Syngenta Isabion,Syngenta Isabion,Biostimulant,1,Syngenta Isabion,1.5,0,1,0.46,0.46,7.8,221.8,23.7,207.3,36.8,10.4,1.18,0.72,27.4,4,63.6,1781.0,82.3,10.2,15.5,0.659,6.94,6.94,6.18,6.94,0.76,12.3,0.76,2146.0,IND_FIELD_0252,RCBD - 4 Replications,4,ICAR AICRP & Syngenta Multi-Locational Trials,https://icar.org.in
TR-2021-MA-00253,EXP-2021-MA-CHI-0127,ICAR_SYNGENTA_TRIALS,India,Madhya Pradesh,Madhya Pradesh & Central Belt,Bhopal,23.2599,77.4126,Chickpea (Gram / Chana),Chickpea (Gram / Chana),Rabi,2021,Control (Untreated Check),Untreated Check,Untreated Check,0,Untreated,0.0,1,0,0.66,0.66,6.39,225.6,19.6,259.7,36.1,9.0,0.59,0.65,33.0,1,79.4,2145.0,78.1,9.8,18.2,0.702,6.83,6.83,6.83,6.83,0.0,0.0,0.0,0.0,IND_FIELD_0253,RCBD - 4 Replications,4,ICAR AICRP & Syngenta Multi-Locational Trials,https://icar.org.in
TR-2021-MA-00254,EXP-2021-MA-CHI-0127,ICAR_SYNGENTA_TRIALS,India,Madhya Pradesh,Madhya Pradesh & Central Belt,Bhopal,23.2599,77.4126,Chickpea (Gram / Chana),Chickpea (Gram / Chana),Rabi,2021,Syngenta Isabion,Syngenta Isabion,Biostimulant,1,Syngenta Isabion,1.5,0,1,0.66,0.66,6.39,225.6,19.6,259.7,36.1,9.0,0.59,0.65,33.0,1,79.4,2145.0,78.1,9.8,18.2,0.702,8.1,8.1,6.83,8.1,1.27,18.59,1.27,4492.0,IND_FIELD_0254,RCBD - 4 Replications,4,ICAR AICRP & Syngenta Multi-Locational Trials,https://icar.org.in
TR-2023-UT-00255,EXP-2023-UT-MAI-0128,ICAR_SYNGENTA_TRIALS,India,Uttar Pradesh,Indo-Gangetic Plain (Central),Varanasi,25.3176,82.9739,Maize,Maize,Kharif,2023,Control (Untreated Check),Untreated Check,Untreated Check,0,Untreated,0.0,1,0,0.42,0.42,7.48,176.8,26.1,220.8,24.4,16.1,1.15,0.59,20.9,4,878.7,1358.5,65.0,10.2,16.7,0.798,23.55,23.55,23.55,23.55,0.0,0.0,0.0,0.0,IND_FIELD_0255,RCBD - 4 Replications,4,ICAR AICRP & Syngenta Multi-Locational Trials,https://icar.org.in
TR-2023-UT-00256,EXP-2023-UT-MAI-0128,ICAR_SYNGENTA_TRIALS,India,Uttar Pradesh,Indo-Gangetic Plain (Central),Varanasi,25.3176,82.9739,Maize,Maize,Kharif,2023,Syngenta Isabion,Syngenta Isabion,Biostimulant,1,Syngenta Isabion,2.0,0,1,0.42,0.42,7.48,176.8,26.1,220.8,24.4,16.1,1.15,0.59,20.9,4,878.7,1358.5,65.0,10.2,16.7,0.798,25.96,25.96,23.55,25.96,2.41,10.23,2.41,9286.0,IND_FIELD_0256,RCBD - 4 Replications,4,ICAR AICRP & Syngenta Multi-Locational Trials,https://icar.org.in
TR-2022-MA-00257,EXP-2022-MA-SOY-0129,ICAR_SYNGENTA_TRIALS,India,Maharashtra,Maharashtra & Vidarbha (Deccan),Nagpur,21.1458,79.0882,Soybean,Soybean,Kharif,2022,Control (Untreated Check),Untreated Check,Untreated Check,0,Untreated,0.0,1,0,0.67,0.67,8.45,287.7,17.2,351.8,21.4,19.2,0.62,0.58,25.2,2,724.2,1638.0,63.7,10.6,18.0,0.685,11.14,11.14,11.14,11.14,0.0,0.0,0.0,0.0,IND_FIELD_0257,RCBD - 4 Replications,4,ICAR AICRP & Syngenta Multi-Locational Trials,https://icar.org.in
TR-2022-MA-00258,EXP-2022-MA-SOY-0129,ICAR_SYNGENTA_TRIALS,India,Maharashtra,Maharashtra & Vidarbha (Deccan),Nagpur,21.1458,79.0882,Soybean,Soybean,Kharif,2022,Syngenta Quantis,Syngenta Quantis,Biostimulant,1,Syngenta Quantis,2.0,0,1,0.67,0.67,8.45,287.7,17.2,351.8,21.4,19.2,0.62,0.58,25.2,2,724.2,1638.0,63.7,10.6,18.0,0.685,11.76,11.76,11.14,11.76,0.62,5.57,0.62,1052.0,IND_FIELD_0258,RCBD - 4 Replications,4,ICAR AICRP & Syngenta Multi-Locational Trials,https://icar.org.in
TR-2023-MA-00259,EXP-2023-MA-WHE-0130,ICAR_SYNGENTA_TRIALS,India,Madhya Pradesh,Madhya Pradesh & Central Belt,Bhopal,23.2599,77.4126,Wheat,Wheat,Rabi,2023,Control (Untreated Check),Untreated Check,Untreated Check,0,Untreated,0.0,1,0,0.44,0.44,7.45,210.4,24.0,328.7,35.6,10.6,0.71,0.47,27.4,1,203.9,1781.0,71.0,10.6,21.9,0.728,16.41,16.41,16.41,16.41,0.0,0.0,0.0,0.0,IND_FIELD_0259,RCBD - 4 Replications,4,ICAR AICRP & Syngenta Multi-Locational Trials,https://icar.org.in
TR-2023-MA-00260,EXP-2023-MA-WHE-0130,ICAR_SYNGENTA_TRIALS,India,Madhya Pradesh,Madhya Pradesh & Central Belt,Bhopal,23.2599,77.4126,Wheat,Wheat,Rabi,2023,Syngenta Quantis,Syngenta Quantis,Biostimulant,1,Syngenta Quantis,1.5,0,1,0.44,0.44,7.45,210.4,24.0,328.7,35.6,10.6,0.71,0.47,27.4,1,203.9,1781.0,71.0,10.6,21.9,0.728,16.79,16.79,16.41,16.79,0.38,2.32,0.38,398.0,IND_FIELD_0260,RCBD - 4 Replications,4,ICAR AICRP & Syngenta Multi-Locational Trials,https://icar.org.in
TR-2023-UT-00261,EXP-2023-UT-SOY-0131,ICAR_SYNGENTA_TRIALS,India,Uttar Pradesh,Indo-Gangetic Plain (Central),Varanasi,25.3176,82.9739,Soybean,Soybean,Kharif,2023,Control (Untreated Check),Untreated Check,Untreated Check,0,Untreated,0.0,1,0,0.4,0.4,7.43,225.2,24.1,130.5,17.2,11.9,0.94,0.22,27.0,5,694.1,1755.0,46.7,11.7,19.0,0.716,12.4,12.4,12.4,12.4,0.0,0.0,0.0,0.0,IND_FIELD_0261,RCBD - 4 Replications,4,ICAR AICRP & Syngenta Multi-Locational Trials,https://icar.org.in
TR-2023-UT-00262,EXP-2023-UT-SOY-0131,ICAR_SYNGENTA_TRIALS,India,Uttar Pradesh,Indo-Gangetic Plain (Central),Varanasi,25.3176,82.9739,Soybean,Soybean,Kharif,2023,Syngenta Quantis,Syngenta Quantis,Biostimulant,1,Syngenta Quantis,2.0,0,1,0.4,0.4,7.43,225.2,24.1,130.5,17.2,11.9,0.94,0.22,27.0,5,694.1,1755.0,46.7,11.7,19.0,0.716,12.7,12.7,12.4,12.7,0.3,2.42,0.3,-420.0,IND_FIELD_0262,RCBD - 4 Replications,4,ICAR AICRP & Syngenta Multi-Locational Trials,https://icar.org.in
TR-2022-TA-00263,EXP-2022-TA-GRO-0132,ICAR_SYNGENTA_TRIALS,India,Tamil Nadu,Tamil Nadu & Cauvery Delta,Coimbatore,11.0168,76.9558,Groundnut (Peanut),Groundnut (Peanut),Kharif,2022,Control (Untreated Check),Untreated Check,Untreated Check,0,Untreated,0.0,1,0,0.69,0.69,7.58,215.2,17.2,298.2,21.4,16.6,0.77,0.41,27.1,3,805.7,1761.5,74.9,14.7,18.1,0.727,10.85,10.85,10.85,10.85,0.0,0.0,0.0,0.0,IND_FIELD_0263,RCBD - 4 Replications,4,ICAR AICRP & Syngenta Multi-Locational Trials,https://icar.org.in
TR-2022-TA-00264,EXP-2022-TA-GRO-0132,ICAR_SYNGENTA_TRIALS,India,Tamil Nadu,Tamil Nadu & Cauvery Delta,Coimbatore,11.0168,76.9558,Groundnut (Peanut),Groundnut (Peanut),Kharif,2022,Syngenta Isabion,Syngenta Isabion,Biostimulant,1,Syngenta Isabion,1.5,0,1,0.69,0.69,7.58,215.2,17.2,298.2,21.4,16.6,0.77,0.41,27.1,3,805.7,1761.5,74.9,14.7,18.1,0.727,12.53,12.53,10.85,12.53,1.68,15.48,1.68,6378.0,IND_FIELD_0264,RCBD - 4 Replications,4,ICAR AICRP & Syngenta Multi-Locational Trials,https://icar.org.in
TR-2022-MA-00265,EXP-2022-MA-TUR-0133,ICAR_SYNGENTA_TRIALS,India,Maharashtra,Maharashtra & Vidarbha (Deccan),Nagpur,21.1458,79.0882,Tur / Pigeon Pea (Arhar),Tur / Pigeon Pea (Arhar),Kharif,2022,Control (Untreated Check),Untreated Check,Untreated Check,0,Untreated,0.0,1,0,0.46,0.46,7.77,213.2,19.3,335.4,33.5,19.5,1.05,0.65,27.1,6,779.1,1761.5,78.4,6.5,15.3,0.672,6.83,6.83,6.83,6.83,0.0,0.0,0.0,0.0,IND_FIELD_0265,RCBD - 4 Replications,4,ICAR AICRP & Syngenta Multi-Locational Trials,https://icar.org.in
TR-2022-MA-00266,EXP-2022-MA-TUR-0133,ICAR_SYNGENTA_TRIALS,India,Maharashtra,Maharashtra & Vidarbha (Deccan),Nagpur,21.1458,79.0882,Tur / Pigeon Pea (Arhar),Tur / Pigeon Pea (Arhar),Kharif,2022,Syngenta Quantis,Syngenta Quantis,Biostimulant,1,Syngenta Quantis,2.0,0,1,0.46,0.46,7.77,213.2,19.3,335.4,33.5,19.5,1.05,0.65,27.1,6,779.1,1761.5,78.4,6.5,15.3,0.672,7.39,7.39,6.83,7.39,0.56,8.2,0.56,776.0,IND_FIELD_0266,RCBD - 4 Replications,4,ICAR AICRP & Syngenta Multi-Locational Trials,https://icar.org.in
TR-2025-MA-00267,EXP-2025-MA-CHI-0134,ICAR_SYNGENTA_TRIALS,India,Maharashtra,Maharashtra & Vidarbha (Deccan),Nagpur,21.1458,79.0882,Chickpea (Gram / Chana),Chickpea (Gram / Chana),Rabi,2025,Control (Untreated Check),Untreated Check,Untreated Check,0,Untreated,0.0,1,0,0.35,0.35,7.61,169.6,12.5,351.9,31.6,15.7,0.52,0.55,34.7,6,112.8,2255.5,58.5,14.4,20.8,0.663,6.77,6.77,6.77,6.77,0.0,0.0,0.0,0.0,IND_FIELD_0267,RCBD - 4 Replications,4,ICAR AICRP & Syngenta Multi-Locational Trials,https://icar.org.in
TR-2025-MA-00268,EXP-2025-MA-CHI-0134,ICAR_SYNGENTA_TRIALS,India,Maharashtra,Maharashtra & Vidarbha (Deccan),Nagpur,21.1458,79.0882,Chickpea (Gram / Chana),Chickpea (Gram / Chana),Rabi,2025,Syngenta Isabion,Syngenta Isabion,Biostimulant,1,Syngenta Isabion,1.5,0,1,0.35,0.35,7.61,169.6,12.5,351.9,31.6,15.7,0.52,0.55,34.7,6,112.8,2255.5,58.5,14.4,20.8,0.663,7.31,7.31,6.77,7.31,0.54,7.98,0.54,1134.0,IND_FIELD_0268,RCBD - 4 Replications,4,ICAR AICRP & Syngenta Multi-Locational Trials,https://icar.org.in
TR-2022-KA-00269,EXP-2022-KA-SOY-0135,ICAR_SYNGENTA_TRIALS,India,Karnataka,Karnataka (Deccan Plateau),Dharwad,15.4589,75.0078,Soybean,Soybean,Kharif,2022,Control (Untreated Check),Untreated Check,Untreated Check,0,Untreated,0.0,1,0,0.53,0.53,6.38,292.8,22.7,284.1,28.0,7.6,0.9,0.32,28.3,3,771.1,1839.5,69.1,13.0,16.4,0.718,10.75,10.75,10.75,10.75,0.0,0.0,0.0,0.0,IND_FIELD_0269,RCBD - 4 Replications,4,ICAR AICRP & Syngenta Multi-Locational Trials,https://icar.org.in
TR-2022-KA-00270,EXP-2022-KA-SOY-0135,ICAR_SYNGENTA_TRIALS,India,Karnataka,Karnataka (Deccan Plateau),Dharwad,15.4589,75.0078,Soybean,Soybean,Kharif,2022,Syngenta Quantis,Syngenta Quantis,Biostimulant,1,Syngenta Quantis,2.0,0,1,0.53,0.53,6.38,292.8,22.7,284.1,28.0,7.6,0.9,0.32,28.3,3,771.1,1839.5,69.1,13.0,16.4,0.718,11.83,11.83,10.75,11.83,1.08,10.05,1.08,3168.0,IND_FIELD_0270,RCBD - 4 Replications,4,ICAR AICRP & Syngenta Multi-Locational Trials,https://icar.org.in
TR-2025-UT-00271,EXP-2025-UT-MUS-0136,ICAR_SYNGENTA_TRIALS,India,Uttar Pradesh,Indo-Gangetic Plain (Central),Varanasi,25.3176,82.9739,Mustard / Rapeseed,Mustard / Rapeseed,Rabi,2025,Control (Untreated Check),Untreated Check,Untreated Check,0,Untreated,0.0,1,0,0.62,0.62,7.04,181.4,24.4,223.7,24.1,22.4,1.15,0.62,28.7,1,128.8,1865.5,70.6,6.0,19.3,0.669,5.75,5.75,5.75,5.75,0.0,0.0,0.0,0.0,IND_FIELD_0271,RCBD - 4 Replications,4,ICAR AICRP & Syngenta Multi-Locational Trials,https://icar.org.in
TR-2025-UT-00272,EXP-2025-UT-MUS-0136,ICAR_SYNGENTA_TRIALS,India,Uttar Pradesh,Indo-Gangetic Plain (Central),Varanasi,25.3176,82.9739,Mustard / Rapeseed,Mustard / Rapeseed,Rabi,2025,Syngenta Quantis,Syngenta Quantis,Biostimulant,1,Syngenta Quantis,1.5,0,1,0.62,0.62,7.04,181.4,24.4,223.7,24.1,22.4,1.15,0.62,28.7,1,128.8,1865.5,70.6,6.0,19.3,0.669,5.87,5.87,5.75,5.87,0.12,2.09,0.12,-798.0,IND_FIELD_0272,RCBD - 4 Replications,4,ICAR AICRP & Syngenta Multi-Locational Trials,https://icar.org.in
TR-2021-TA-00273,EXP-2021-TA-MUS-0137,ICAR_SYNGENTA_TRIALS,India,Tamil Nadu,Tamil Nadu & Cauvery Delta,Coimbatore,11.0168,76.9558,Mustard / Rapeseed,Mustard / Rapeseed,Rabi,2021,Control (Untreated Check),Untreated Check,Untreated Check,0,Untreated,0.0,1,0,0.48,0.48,8.36,249.5,13.3,304.4,21.2,17.8,0.76,0.54,32.5,3,30.0,2112.5,39.7,8.2,19.9,0.764,6.16,6.16,6.16,6.16,0.0,0.0,0.0,0.0,IND_FIELD_0273,RCBD - 4 Replications,4,ICAR AICRP & Syngenta Multi-Locational Trials,https://icar.org.in
TR-2021-TA-00274,EXP-2021-TA-MUS-0137,ICAR_SYNGENTA_TRIALS,India,Tamil Nadu,Tamil Nadu & Cauvery Delta,Coimbatore,11.0168,76.9558,Mustard / Rapeseed,Mustard / Rapeseed,Rabi,2021,Syngenta Quantis,Syngenta Quantis,Biostimulant,1,Syngenta Quantis,1.5,0,1,0.48,0.48,8.36,249.5,13.3,304.4,21.2,17.8,0.76,0.54,32.5,3,30.0,2112.5,39.7,8.2,19.9,0.764,6.68,6.68,6.16,6.68,0.52,8.44,0.52,1042.0,IND_FIELD_0274,RCBD - 4 Replications,4,ICAR AICRP & Syngenta Multi-Locational Trials,https://icar.org.in
TR-2022-TA-00275,EXP-2022-TA-SOY-0138,ICAR_SYNGENTA_TRIALS,India,Tamil Nadu,Tamil Nadu & Cauvery Delta,Coimbatore,11.0168,76.9558,Soybean,Soybean,Kharif,2022,Control (Untreated Check),Untreated Check,Untreated Check,0,Untreated,0.0,1,0,0.64,0.64,7.68,245.7,17.5,286.4,14.6,11.7,0.94,0.43,28.7,3,724.7,1865.5,74.1,9.9,17.0,0.696,11.07,11.07,11.07,11.07,0.0,0.0,0.0,0.0,IND_FIELD_0275,RCBD - 4 Replications,4,ICAR AICRP & Syngenta Multi-Locational Trials,https://icar.org.in
TR-2022-TA-00276,EXP-2022-TA-SOY-0138,ICAR_SYNGENTA_TRIALS,India,Tamil Nadu,Tamil Nadu & Cauvery Delta,Coimbatore,11.0168,76.9558,Soybean,Soybean,Kharif,2022,Syngenta Quantis,Syngenta Quantis,Biostimulant,1,Syngenta Quantis,2.0,0,1,0.64,0.64,7.68,245.7,17.5,286.4,14.6,11.7,0.94,0.43,28.7,3,724.7,1865.5,74.1,9.9,17.0,0.696,10.93,10.93,11.07,10.93,0.0,0.0,0.0,-1800.0,IND_FIELD_0276,RCBD - 4 Replications,4,ICAR AICRP & Syngenta Multi-Locational Trials,https://icar.org.in
TR-2021-UT-00277,EXP-2021-UT-TOM-0139,ICAR_SYNGENTA_TRIALS,India,Uttar Pradesh,Indo-Gangetic Plain (Central),Varanasi,25.3176,82.9739,Tomato,Tomato,Annual,2021,Control (Untreated Check),Untreated Check,Untreated Check,0,Untreated,0.0,1,0,0.43,0.43,6.96,270.9,23.2,313.3,45.7,10.8,0.71,0.61,23.2,0,159.9,1508.0,52.8,8.0,19.2,0.619,146.25,146.25,146.25,146.25,0.0,0.0,0.0,0.0,IND_FIELD_0277,RCBD - 4 Replications,4,ICAR AICRP & Syngenta Multi-Locational Trials,https://icar.org.in
TR-2021-UT-00278,EXP-2021-UT-TOM-0139,ICAR_SYNGENTA_TRIALS,India,Uttar Pradesh,Indo-Gangetic Plain (Central),Varanasi,25.3176,82.9739,Tomato,Tomato,Annual,2021,Syngenta Isabion,Syngenta Isabion,Biostimulant,1,Syngenta Isabion,2.5,0,1,0.43,0.43,6.96,270.9,23.2,313.3,45.7,10.8,0.71,0.61,23.2,0,159.9,1508.0,52.8,8.0,19.2,0.619,139.57,139.57,146.25,139.57,0.0,0.0,0.0,-2250.0,IND_FIELD_0278,RCBD - 4 Replications,4,ICAR AICRP & Syngenta Multi-Locational Trials,https://icar.org.in
TR-2023-UT-00279,EXP-2023-UT-TUR-0140,ICAR_SYNGENTA_TRIALS,India,Uttar Pradesh,Indo-Gangetic Plain (Central),Varanasi,25.3176,82.9739,Tur / Pigeon Pea (Arhar),Tur / Pigeon Pea (Arhar),Kharif,2023,Control (Untreated Check),Untreated Check,Untreated Check,0,Untreated,0.0,1,0,0.42,0.42,7.78,272.1,21.3,292.7,37.4,15.9,0.9,0.52,32.1,3,694.0,2086.5,67.4,12.9,13.6,0.69,7.12,7.12,7.12,7.12,0.0,0.0,0.0,0.0,IND_FIELD_0279,RCBD - 4 Replications,4,ICAR AICRP & Syngenta Multi-Locational Trials,https://icar.org.in
TR-2023-UT-00280,EXP-2023-UT-TUR-0140,ICAR_SYNGENTA_TRIALS,India,Uttar Pradesh,Indo-Gangetic Plain (Central),Varanasi,25.3176,82.9739,Tur / Pigeon Pea (Arhar),Tur / Pigeon Pea (Arhar),Kharif,2023,Syngenta Quantis,Syngenta Quantis,Biostimulant,1,Syngenta Quantis,2.0,0,1,0.42,0.42,7.78,272.1,21.3,292.7,37.4,15.9,0.9,0.52,32.1,3,694.0,2086.5,67.4,12.9,13.6,0.69,8.04,8.04,7.12,8.04,0.92,12.92,0.92,2432.0,IND_FIELD_0280,RCBD - 4 Replications,4,ICAR AICRP & Syngenta Multi-Locational Trials,https://icar.org.in
TR-2022-TA-00281,EXP-2022-TA-ONI-0141,ICAR_SYNGENTA_TRIALS,India,Tamil Nadu,Tamil Nadu & Cauvery Delta,Coimbatore,11.0168,76.9558,Onion,Onion,Rabi,2022,Control (Untreated Check),Untreated Check,Untreated Check,0,Untreated,0.0,1,0,0.51,0.51,7.77,199.8,26.4,326.7,36.1,13.5,0.97,0.47,31.1,2,278.2,2021.5,78.9,10.7,15.6,0.63,120.43,120.43,120.43,120.43,0.0,0.0,0.0,0.0,IND_FIELD_0281,RCBD - 4 Replications,4,ICAR AICRP & Syngenta Multi-Locational Trials,https://icar.org.in
TR-2022-TA-00282,EXP-2022-TA-ONI-0141,ICAR_SYNGENTA_TRIALS,India,Tamil Nadu,Tamil Nadu & Cauvery Delta,Coimbatore,11.0168,76.9558,Onion,Onion,Rabi,2022,Syngenta Quantis,Syngenta Quantis,Biostimulant,1,Syngenta Quantis,2.0,0,1,0.51,0.51,7.77,199.8,26.4,326.7,36.1,13.5,0.97,0.47,31.1,2,278.2,2021.5,78.9,10.7,15.6,0.63,118.74,118.74,120.43,118.74,0.0,0.0,0.0,-1800.0,IND_FIELD_0282,RCBD - 4 Replications,4,ICAR AICRP & Syngenta Multi-Locational Trials,https://icar.org.in
TR-2022-MA-00283,EXP-2022-MA-SUG-0142,ICAR_SYNGENTA_TRIALS,India,Madhya Pradesh,Madhya Pradesh & Central Belt,Bhopal,23.2599,77.4126,Sugarcane,Sugarcane,Annual,2022,Control (Untreated Check),Untreated Check,Untreated Check,0,Untreated,0.0,1,0,0.67,0.67,8.0,223.3,17.8,301.0,24.1,15.2,0.78,0.49,26.7,2,139.4,1735.5,68.7,8.3,18.3,0.677,287.48,287.48,287.48,287.48,0.0,0.0,0.0,0.0,IND_FIELD_0283,RCBD - 4 Replications,4,ICAR AICRP & Syngenta Multi-Locational Trials,https://icar.org.in
TR-2022-MA-00284,EXP-2022-MA-SUG-0142,ICAR_SYNGENTA_TRIALS,India,Madhya Pradesh,Madhya Pradesh & Central Belt,Bhopal,23.2599,77.4126,Sugarcane,Sugarcane,Annual,2022,Syngenta CropBio+,Syngenta CropBio+,Biostimulant,1,Syngenta CropBio+,3.0,0,1,0.67,0.67,8.0,223.3,17.8,301.0,24.1,15.2,0.78,0.49,26.7,2,139.4,1735.5,68.7,8.3,18.3,0.677,335.83,335.83,287.48,335.83,48.35,16.82,48.35,219710.0,IND_FIELD_0284,RCBD - 4 Replications,4,ICAR AICRP & Syngenta Multi-Locational Trials,https://icar.org.in
TR-2023-KA-00285,EXP-2023-KA-MUS-0143,ICAR_SYNGENTA_TRIALS,India,Karnataka,Karnataka (Deccan Plateau),Dharwad,15.4589,75.0078,Mustard / Rapeseed,Mustard / Rapeseed,Rabi,2023,Control (Untreated Check),Untreated Check,Untreated Check,0,Untreated,0.0,1,0,0.68,0.68,6.39,266.6,22.7,303.9,17.1,13.7,0.73,0.6,29.9,1,138.9,1943.5,59.0,11.9,17.6,0.477,6.77,6.77,6.77,6.77,0.0,0.0,0.0,0.0,IND_FIELD_0285,RCBD - 4 Replications,4,ICAR AICRP & Syngenta Multi-Locational Trials,https://icar.org.in
TR-2023-KA-00286,EXP-2023-KA-MUS-0143,ICAR_SYNGENTA_TRIALS,India,Karnataka,Karnataka (Deccan Plateau),Dharwad,15.4589,75.0078,Mustard / Rapeseed,Mustard / Rapeseed,Rabi,2023,Syngenta Quantis,Syngenta Quantis,Biostimulant,1,Syngenta Quantis,1.5,0,1,0.68,0.68,6.39,266.6,22.7,303.9,17.1,13.7,0.73,0.6,29.9,1,138.9,1943.5,59.0,11.9,17.6,0.477,6.9,6.9,6.77,6.9,0.13,1.92,0.13,-752.0,IND_FIELD_0286,RCBD - 4 Replications,4,ICAR AICRP & Syngenta Multi-Locational Trials,https://icar.org.in
TR-2022-PU-00287,EXP-2022-PU-RIC-0144,ICAR_SYNGENTA_TRIALS,India,Punjab,Punjab & Haryana (Indo-Gangetic),Ludhiana,30.901,75.8573,Rice (Paddy),Rice (Paddy),Kharif,2022,Control (Untreated Check),Untreated Check,Untreated Check,0,Untreated,0.0,1,0,0.26,0.26,7.83,146.5,32.5,229.6,26.1,18.5,0.65,0.52,29.7,5,641.2,1930.5,55.4,6.4,20.7,0.704,19.99,19.99,19.99,19.99,0.0,0.0,0.0,0.0,IND_FIELD_0287,RCBD - 4 Replications,4,ICAR AICRP & Syngenta Multi-Locational Trials,https://icar.org.in
TR-2022-PU-00288,EXP-2022-PU-RIC-0144,ICAR_SYNGENTA_TRIALS,India,Punjab,Punjab & Haryana (Indo-Gangetic),Ludhiana,30.901,75.8573,Rice (Paddy),Rice (Paddy),Kharif,2022,Syngenta Quantis,Syngenta Quantis,Biostimulant,1,Syngenta Quantis,2.0,0,1,0.26,0.26,7.83,146.5,32.5,229.6,26.1,18.5,0.65,0.52,29.7,5,641.2,1930.5,55.4,6.4,20.7,0.704,22.63,22.63,19.99,22.63,2.64,13.21,2.64,10344.0,IND_FIELD_0288,RCBD - 4 Replications,4,ICAR AICRP & Syngenta Multi-Locational Trials,https://icar.org.in
TR-2023-MA-00289,EXP-2023-MA-RIC-0145,ICAR_SYNGENTA_TRIALS,India,Madhya Pradesh,Madhya Pradesh & Central Belt,Bhopal,23.2599,77.4126,Rice (Paddy),Rice (Paddy),Kharif,2023,Control (Untreated Check),Untreated Check,Untreated Check,0,Untreated,0.0,1,0,0.59,0.59,7.12,289.1,16.3,294.9,30.6,16.1,1.07,0.68,29.2,3,496.4,1898.0,60.2,12.7,19.0,0.745,21.66,21.66,21.66,21.66,0.0,0.0,0.0,0.0,IND_FIELD_0289,RCBD - 4 Replications,4,ICAR AICRP & Syngenta Multi-Locational Trials,https://icar.org.in
TR-2023-MA-00290,EXP-2023-MA-RIC-0145,ICAR_SYNGENTA_TRIALS,India,Madhya Pradesh,Madhya Pradesh & Central Belt,Bhopal,23.2599,77.4126,Rice (Paddy),Rice (Paddy),Kharif,2023,Syngenta Quantis,Syngenta Quantis,Biostimulant,1,Syngenta Quantis,2.0,0,1,0.59,0.59,7.12,289.1,16.3,294.9,30.6,16.1,1.07,0.68,29.2,3,496.4,1898.0,60.2,12.7,19.0,0.745,24.96,24.96,21.66,24.96,3.3,15.24,3.3,13380.0,IND_FIELD_0290,RCBD - 4 Replications,4,ICAR AICRP & Syngenta Multi-Locational Trials,https://icar.org.in
TR-2024-TA-00291,EXP-2024-TA-TOM-0146,ICAR_SYNGENTA_TRIALS,India,Tamil Nadu,Tamil Nadu & Cauvery Delta,Coimbatore,11.0168,76.9558,Tomato,Tomato,Annual,2024,Control (Untreated Check),Untreated Check,Untreated Check,0,Untreated,0.0,1,0,0.55,0.55,7.87,204.7,22.9,269.2,28.8,17.1,1.03,0.75,33.4,4,241.7,2171.0,57.5,11.6,21.9,0.729,157.27,157.27,157.27,157.27,0.0,0.0,0.0,0.0,IND_FIELD_0291,RCBD - 4 Replications,4,ICAR AICRP & Syngenta Multi-Locational Trials,https://icar.org.in
TR-2024-TA-00292,EXP-2024-TA-TOM-0146,ICAR_SYNGENTA_TRIALS,India,Tamil Nadu,Tamil Nadu & Cauvery Delta,Coimbatore,11.0168,76.9558,Tomato,Tomato,Annual,2024,Syngenta Isabion,Syngenta Isabion,Biostimulant,1,Syngenta Isabion,2.5,0,1,0.55,0.55,7.87,204.7,22.9,269.2,28.8,17.1,1.03,0.75,33.4,4,241.7,2171.0,57.5,11.6,21.9,0.729,169.68,169.68,157.27,169.68,12.41,7.89,12.41,54836.0,IND_FIELD_0292,RCBD - 4 Replications,4,ICAR AICRP & Syngenta Multi-Locational Trials,https://icar.org.in
TR-2021-MA-00293,EXP-2021-MA-RIC-0147,ICAR_SYNGENTA_TRIALS,India,Madhya Pradesh,Madhya Pradesh & Central Belt,Bhopal,23.2599,77.4126,Rice (Paddy),Rice (Paddy),Kharif,2021,Control (Untreated Check),Untreated Check,Untreated Check,0,Untreated,0.0,1,0,0.46,0.46,7.9,267.3,21.8,293.3,17.8,10.3,1.23,0.4,29.1,3,698.5,1891.5,77.4,9.5,25.0,0.563,23.69,23.69,23.69,23.69,0.0,0.0,0.0,0.0,IND_FIELD_0293,RCBD - 4 Replications,4,ICAR AICRP & Syngenta Multi-Locational Trials,https://icar.org.in
TR-2021-MA-00294,EXP-2021-MA-RIC-0147,ICAR_SYNGENTA_TRIALS,India,Madhya Pradesh,Madhya Pradesh & Central Belt,Bhopal,23.2599,77.4126,Rice (Paddy),Rice (Paddy),Kharif,2021,Syngenta Quantis,Syngenta Quantis,Biostimulant,1,Syngenta Quantis,2.0,0,1,0.46,0.46,7.9,267.3,21.8,293.3,17.8,10.3,1.23,0.4,29.1,3,698.5,1891.5,77.4,9.5,25.0,0.563,25.59,25.59,23.69,25.59,1.9,8.02,1.9,6940.0,IND_FIELD_0294,RCBD - 4 Replications,4,ICAR AICRP & Syngenta Multi-Locational Trials,https://icar.org.in
TR-2024-KA-00295,EXP-2024-KA-CHI-0148,ICAR_SYNGENTA_TRIALS,India,Karnataka,Karnataka (Deccan Plateau),Dharwad,15.4589,75.0078,Chickpea (Gram / Chana),Chickpea (Gram / Chana),Rabi,2024,Control (Untreated Check),Untreated Check,Untreated Check,0,Untreated,0.0,1,0,0.66,0.66,6.89,185.0,27.0,281.9,36.5,17.7,0.92,0.57,25.9,3,78.8,1683.5,59.0,12.8,20.2,0.816,6.45,6.45,6.45,6.45,0.0,0.0,0.0,0.0,IND_FIELD_0295,RCBD - 4 Replications,4,ICAR AICRP & Syngenta Multi-Locational Trials,https://icar.org.in
TR-2024-KA-00296,EXP-2024-KA-CHI-0148,ICAR_SYNGENTA_TRIALS,India,Karnataka,Karnataka (Deccan Plateau),Dharwad,15.4589,75.0078,Chickpea (Gram / Chana),Chickpea (Gram / Chana),Rabi,2024,Syngenta Isabion,Syngenta Isabion,Biostimulant,1,Syngenta Isabion,1.5,0,1,0.66,0.66,6.89,185.0,27.0,281.9,36.5,17.7,0.92,0.57,25.9,3,78.8,1683.5,59.0,12.8,20.2,0.816,7.0,7.0,6.45,7.0,0.55,8.53,0.55,1180.0,IND_FIELD_0296,RCBD - 4 Replications,4,ICAR AICRP & Syngenta Multi-Locational Trials,https://icar.org.in
TR-2024-MA-00297,EXP-2024-MA-SUG-0149,ICAR_SYNGENTA_TRIALS,India,Maharashtra,Maharashtra & Vidarbha (Deccan),Nagpur,21.1458,79.0882,Sugarcane,Sugarcane,Annual,2024,Control (Untreated Check),Untreated Check,Untreated Check,0,Untreated,0.0,1,0,0.5,0.5,8.06,202.5,13.6,375.3,37.0,10.8,1.12,0.69,28.9,4,291.8,1878.5,52.1,5.6,17.0,0.66,311.74,311.74,311.74,311.74,0.0,0.0,0.0,0.0,IND_FIELD_0297,RCBD - 4 Replications,4,ICAR AICRP & Syngenta Multi-Locational Trials,https://icar.org.in
TR-2024-MA-00298,EXP-2024-MA-SUG-0149,ICAR_SYNGENTA_TRIALS,India,Maharashtra,Maharashtra & Vidarbha (Deccan),Nagpur,21.1458,79.0882,Sugarcane,Sugarcane,Annual,2024,Syngenta CropBio+,Syngenta CropBio+,Biostimulant,1,Syngenta CropBio+,3.0,0,1,0.5,0.5,8.06,202.5,13.6,375.3,37.0,10.8,1.12,0.69,28.9,4,291.8,1878.5,52.1,5.6,17.0,0.66,350.59,350.59,311.74,350.59,38.85,12.46,38.85,176010.0,IND_FIELD_0298,RCBD - 4 Replications,4,ICAR AICRP & Syngenta Multi-Locational Trials,https://icar.org.in
TR-2021-MA-00299,EXP-2021-MA-GRO-0150,ICAR_SYNGENTA_TRIALS,India,Madhya Pradesh,Madhya Pradesh & Central Belt,Bhopal,23.2599,77.4126,Groundnut (Peanut),Groundnut (Peanut),Kharif,2021,Control (Untreated Check),Untreated Check,Untreated Check,0,Untreated,0.0,1,0,0.57,0.57,7.36,274.2,20.7,230.1,31.2,7.0,0.9,0.68,25.5,2,821.9,1657.5,52.2,10.8,17.7,0.773,11.22,11.22,11.22,11.22,0.0,0.0,0.0,0.0,IND_FIELD_0299,RCBD - 4 Replications,4,ICAR AICRP & Syngenta Multi-Locational Trials,https://icar.org.in
TR-2021-MA-00300,EXP-2021-MA-GRO-0150,ICAR_SYNGENTA_TRIALS,India,Madhya Pradesh,Madhya Pradesh & Central Belt,Bhopal,23.2599,77.4126,Groundnut (Peanut),Groundnut (Peanut),Kharif,2021,Syngenta Isabion,Syngenta Isabion,Biostimulant,1,Syngenta Isabion,1.5,0,1,0.57,0.57,7.36,274.2,20.7,230.1,31.2,7.0,0.9,0.68,25.5,2,821.9,1657.5,52.2,10.8,17.7,0.773,12.66,12.66,11.22,12.66,1.44,12.83,1.44,5274.0,IND_FIELD_0300,RCBD - 4 Replications,4,ICAR AICRP & Syngenta Multi-Locational Trials,https://icar.org.in
TR-2022-KA-00301,EXP-2022-KA-TUR-0151,ICAR_SYNGENTA_TRIALS,India,Karnataka,Karnataka (Deccan Plateau),Dharwad,15.4589,75.0078,Tur / Pigeon Pea (Arhar),Tur / Pigeon Pea (Arhar),Kharif,2022,Control (Untreated Check),Untreated Check,Untreated Check,0,Untreated,0.0,1,0,0.72,0.72,6.78,224.1,20.4,319.6,50.8,10.6,0.64,0.66,26.2,4,672.6,1703.0,66.4,9.6,20.4,0.633,7.12,7.12,7.12,7.12,0.0,0.0,0.0,0.0,IND_FIELD_0301,RCBD - 4 Replications,4,ICAR AICRP & Syngenta Multi-Locational Trials,https://icar.org.in
TR-2022-KA-00302,EXP-2022-KA-TUR-0151,ICAR_SYNGENTA_TRIALS,India,Karnataka,Karnataka (Deccan Plateau),Dharwad,15.4589,75.0078,Tur / Pigeon Pea (Arhar),Tur / Pigeon Pea (Arhar),Kharif,2022,Syngenta Quantis,Syngenta Quantis,Biostimulant,1,Syngenta Quantis,2.0,0,1,0.72,0.72,6.78,224.1,20.4,319.6,50.8,10.6,0.64,0.66,26.2,4,672.6,1703.0,66.4,9.6,20.4,0.633,8.5,8.5,7.12,8.5,1.38,19.38,1.38,4548.0,IND_FIELD_0302,RCBD - 4 Replications,4,ICAR AICRP & Syngenta Multi-Locational Trials,https://icar.org.in
TR-2025-MA-00303,EXP-2025-MA-SUG-0152,ICAR_SYNGENTA_TRIALS,India,Maharashtra,Maharashtra & Vidarbha (Deccan),Nagpur,21.1458,79.0882,Sugarcane,Sugarcane,Annual,2025,Control (Untreated Check),Untreated Check,Untreated Check,0,Untreated,0.0,1,0,0.59,0.59,7.36,214.7,23.1,370.0,35.2,13.4,1.2,0.58,27.0,5,237.1,1755.0,82.3,10.2,20.4,0.557,333.19,333.19,333.19,333.19,0.0,0.0,0.0,0.0,IND_FIELD_0303,RCBD - 4 Replications,4,ICAR AICRP & Syngenta Multi-Locational Trials,https://icar.org.in
TR-2025-MA-00304,EXP-2025-MA-SUG-0152,ICAR_SYNGENTA_TRIALS,India,Maharashtra,Maharashtra & Vidarbha (Deccan),Nagpur,21.1458,79.0882,Sugarcane,Sugarcane,Annual,2025,Syngenta CropBio+,Syngenta CropBio+,Biostimulant,1,Syngenta CropBio+,3.0,0,1,0.59,0.59,7.36,214.7,23.1,370.0,35.2,13.4,1.2,0.58,27.0,5,237.1,1755.0,82.3,10.2,20.4,0.557,372.8,372.8,333.19,372.8,39.61,11.89,39.61,179506.0,IND_FIELD_0304,RCBD - 4 Replications,4,ICAR AICRP & Syngenta Multi-Locational Trials,https://icar.org.in
TR-2023-MA-00305,EXP-2023-MA-WHE-0153,ICAR_SYNGENTA_TRIALS,India,Maharashtra,Maharashtra & Vidarbha (Deccan),Nagpur,21.1458,79.0882,Wheat,Wheat,Rabi,2023,Control (Untreated Check),Untreated Check,Untreated Check,0,Untreated,0.0,1,0,0.53,0.53,7.41,169.6,9.6,268.2,22.5,11.5,1.24,0.49,29.0,4,394.5,1885.0,62.6,4.5,22.2,0.622,16.25,16.25,16.25,16.25,0.0,0.0,0.0,0.0,IND_FIELD_0305,RCBD - 4 Replications,4,ICAR AICRP & Syngenta Multi-Locational Trials,https://icar.org.in
TR-2023-MA-00306,EXP-2023-MA-WHE-0153,ICAR_SYNGENTA_TRIALS,India,Maharashtra,Maharashtra & Vidarbha (Deccan),Nagpur,21.1458,79.0882,Wheat,Wheat,Rabi,2023,Syngenta Quantis,Syngenta Quantis,Biostimulant,1,Syngenta Quantis,1.5,0,1,0.53,0.53,7.41,169.6,9.6,268.2,22.5,11.5,1.24,0.49,29.0,4,394.5,1885.0,62.6,4.5,22.2,0.622,17.36,17.36,16.25,17.36,1.11,6.83,1.11,3756.0,IND_FIELD_0306,RCBD - 4 Replications,4,ICAR AICRP & Syngenta Multi-Locational Trials,https://icar.org.in
TR-2022-TE-00307,EXP-2022-TE-SOY-0154,ICAR_SYNGENTA_TRIALS,India,Telangana,Telangana & Andhra (Krishna Basin),Warangal,17.9689,79.5941,Soybean,Soybean,Kharif,2022,Control (Untreated Check),Untreated Check,Untreated Check,0,Untreated,0.0,1,0,0.47,0.47,7.23,201.2,24.0,300.2,19.1,17.2,0.89,0.72,28.9,3,600.8,1878.5,65.8,6.3,16.6,0.692,11.03,11.03,11.03,11.03,0.0,0.0,0.0,0.0,IND_FIELD_0307,RCBD - 4 Replications,4,ICAR AICRP & Syngenta Multi-Locational Trials,https://icar.org.in
TR-2022-TE-00308,EXP-2022-TE-SOY-0154,ICAR_SYNGENTA_TRIALS,India,Telangana,Telangana & Andhra (Krishna Basin),Warangal,17.9689,79.5941,Soybean,Soybean,Kharif,2022,Syngenta Quantis,Syngenta Quantis,Biostimulant,1,Syngenta Quantis,2.0,0,1,0.47,0.47,7.23,201.2,24.0,300.2,19.1,17.2,0.89,0.72,28.9,3,600.8,1878.5,65.8,6.3,16.6,0.692,12.16,12.16,11.03,12.16,1.13,10.24,1.13,3398.0,IND_FIELD_0308,RCBD - 4 Replications,4,ICAR AICRP & Syngenta Multi-Locational Trials,https://icar.org.in
TR-2024-PU-00309,EXP-2024-PU-GRO-0155,ICAR_SYNGENTA_TRIALS,India,Punjab,Punjab & Haryana (Indo-Gangetic),Ludhiana,30.901,75.8573,Groundnut (Peanut),Groundnut (Peanut),Kharif,2024,Control (Untreated Check),Untreated Check,Untreated Check,0,Untreated,0.0,1,0,0.4,0.4,8.37,146.2,28.9,148.3,40.2,19.4,0.53,0.53,32.7,2,732.9,2125.5,80.8,11.9,17.6,0.545,11.23,11.23,11.23,11.23,0.0,0.0,0.0,0.0,IND_FIELD_0309,RCBD - 4 Replications,4,ICAR AICRP & Syngenta Multi-Locational Trials,https://icar.org.in
TR-2024-PU-00310,EXP-2024-PU-GRO-0155,ICAR_SYNGENTA_TRIALS,India,Punjab,Punjab & Haryana (Indo-Gangetic),Ludhiana,30.901,75.8573,Groundnut (Peanut),Groundnut (Peanut),Kharif,2024,Syngenta Isabion,Syngenta Isabion,Biostimulant,1,Syngenta Isabion,1.5,0,1,0.4,0.4,8.37,146.2,28.9,148.3,40.2,19.4,0.53,0.53,32.7,2,732.9,2125.5,80.8,11.9,17.6,0.545,11.88,11.88,11.23,11.88,0.65,5.79,0.65,1640.0,IND_FIELD_0310,RCBD - 4 Replications,4,ICAR AICRP & Syngenta Multi-Locational Trials,https://icar.org.in
TR-2021-KA-00311,EXP-2021-KA-SUG-0156,ICAR_SYNGENTA_TRIALS,India,Karnataka,Karnataka (Deccan Plateau),Dharwad,15.4589,75.0078,Sugarcane,Sugarcane,Annual,2021,Control (Untreated Check),Untreated Check,Untreated Check,0,Untreated,0.0,1,0,0.59,0.59,6.73,202.6,25.8,279.1,29.0,15.6,0.58,0.52,28.6,0,30.0,1859.0,43.7,5.3,18.2,0.688,297.94,297.94,297.94,297.94,0.0,0.0,0.0,0.0,IND_FIELD_0311,RCBD - 4 Replications,4,ICAR AICRP & Syngenta Multi-Locational Trials,https://icar.org.in
TR-2021-KA-00312,EXP-2021-KA-SUG-0156,ICAR_SYNGENTA_TRIALS,India,Karnataka,Karnataka (Deccan Plateau),Dharwad,15.4589,75.0078,Sugarcane,Sugarcane,Annual,2021,Syngenta CropBio+,Syngenta CropBio+,Biostimulant,1,Syngenta CropBio+,3.0,0,1,0.59,0.59,6.73,202.6,25.8,279.1,29.0,15.6,0.58,0.52,28.6,0,30.0,1859.0,43.7,5.3,18.2,0.688,318.25,318.25,297.94,318.25,20.31,6.82,20.31,90726.0,IND_FIELD_0312,RCBD - 4 Replications,4,ICAR AICRP & Syngenta Multi-Locational Trials,https://icar.org.in
TR-2021-MA-00313,EXP-2021-MA-SOY-0157,ICAR_SYNGENTA_TRIALS,India,Maharashtra,Maharashtra & Vidarbha (Deccan),Nagpur,21.1458,79.0882,Soybean,Soybean,Kharif,2021,Control (Untreated Check),Untreated Check,Untreated Check,0,Untreated,0.0,1,0,0.52,0.52,7.97,185.9,22.6,346.3,40.6,19.0,0.56,0.45,30.9,5,668.4,2008.5,54.1,12.5,25.0,0.644,9.92,9.92,9.92,9.92,0.0,0.0,0.0,0.0,IND_FIELD_0313,RCBD - 4 Replications,4,ICAR AICRP & Syngenta Multi-Locational Trials,https://icar.org.in
TR-2021-MA-00314,EXP-2021-MA-SOY-0157,ICAR_SYNGENTA_TRIALS,India,Maharashtra,Maharashtra & Vidarbha (Deccan),Nagpur,21.1458,79.0882,Soybean,Soybean,Kharif,2021,Syngenta Quantis,Syngenta Quantis,Biostimulant,1,Syngenta Quantis,2.0,0,1,0.52,0.52,7.97,185.9,22.6,346.3,40.6,19.0,0.56,0.45,30.9,5,668.4,2008.5,54.1,12.5,25.0,0.644,9.63,9.63,9.92,9.63,0.0,0.0,0.0,-1800.0,IND_FIELD_0314,RCBD - 4 Replications,4,ICAR AICRP & Syngenta Multi-Locational Trials,https://icar.org.in
TR-2023-PU-00315,EXP-2023-PU-TOM-0158,ICAR_SYNGENTA_TRIALS,India,Punjab,Punjab & Haryana (Indo-Gangetic),Ludhiana,30.901,75.8573,Tomato,Tomato,Annual,2023,Control (Untreated Check),Untreated Check,Untreated Check,0,Untreated,0.0,1,0,0.56,0.56,7.27,120.0,35.2,224.8,25.5,15.7,0.88,0.51,31.4,1,30.0,2041.0,79.5,7.5,23.0,0.61,142.05,142.05,142.05,142.05,0.0,0.0,0.0,0.0,IND_FIELD_0315,RCBD - 4 Replications,4,ICAR AICRP & Syngenta Multi-Locational Trials,https://icar.org.in
TR-2023-PU-00316,EXP-2023-PU-TOM-0158,ICAR_SYNGENTA_TRIALS,India,Punjab,Punjab & Haryana (Indo-Gangetic),Ludhiana,30.901,75.8573,Tomato,Tomato,Annual,2023,Syngenta Isabion,Syngenta Isabion,Biostimulant,1,Syngenta Isabion,2.5,0,1,0.56,0.56,7.27,120.0,35.2,224.8,25.5,15.7,0.88,0.51,31.4,1,30.0,2041.0,79.5,7.5,23.0,0.61,154.42,154.42,142.05,154.42,12.37,8.71,12.37,54652.0,IND_FIELD_0316,RCBD - 4 Replications,4,ICAR AICRP & Syngenta Multi-Locational Trials,https://icar.org.in
TR-2021-MA-00317,EXP-2021-MA-TUR-0159,ICAR_SYNGENTA_TRIALS,India,Madhya Pradesh,Madhya Pradesh & Central Belt,Bhopal,23.2599,77.4126,Tur / Pigeon Pea (Arhar),Tur / Pigeon Pea (Arhar),Kharif,2021,Control (Untreated Check),Untreated Check,Untreated Check,0,Untreated,0.0,1,0,0.55,0.55,7.6,195.0,21.8,315.5,28.3,15.4,0.58,0.51,26.2,5,691.2,1703.0,68.5,9.3,22.9,0.776,7.9,7.9,7.9,7.9,0.0,0.0,0.0,0.0,IND_FIELD_0317,RCBD - 4 Replications,4,ICAR AICRP & Syngenta Multi-Locational Trials,https://icar.org.in
TR-2021-MA-00318,EXP-2021-MA-TUR-0159,ICAR_SYNGENTA_TRIALS,India,Madhya Pradesh,Madhya Pradesh & Central Belt,Bhopal,23.2599,77.4126,Tur / Pigeon Pea (Arhar),Tur / Pigeon Pea (Arhar),Kharif,2021,Syngenta Quantis,Syngenta Quantis,Biostimulant,1,Syngenta Quantis,2.0,0,1,0.55,0.55,7.6,195.0,21.8,315.5,28.3,15.4,0.58,0.51,26.2,5,691.2,1703.0,68.5,9.3,22.9,0.776,8.74,8.74,7.9,8.74,0.84,10.63,0.84,2064.0,IND_FIELD_0318,RCBD - 4 Replications,4,ICAR AICRP & Syngenta Multi-Locational Trials,https://icar.org.in
TR-2024-MA-00319,EXP-2024-MA-WHE-0160,ICAR_SYNGENTA_TRIALS,India,Madhya Pradesh,Madhya Pradesh & Central Belt,Bhopal,23.2599,77.4126,Wheat,Wheat,Rabi,2024,Control (Untreated Check),Untreated Check,Untreated Check,0,Untreated,0.0,1,0,0.54,0.54,7.78,207.8,24.0,218.4,28.1,21.3,1.06,0.73,26.5,3,160.4,1722.5,73.1,14.1,15.9,0.667,14.37,14.37,14.37,14.37,0.0,0.0,0.0,0.0,IND_FIELD_0319,RCBD - 4 Replications,4,ICAR AICRP & Syngenta Multi-Locational Trials,https://icar.org.in
TR-2024-MA-00320,EXP-2024-MA-WHE-0160,ICAR_SYNGENTA_TRIALS,India,Madhya Pradesh,Madhya Pradesh & Central Belt,Bhopal,23.2599,77.4126,Wheat,Wheat,Rabi,2024,Syngenta Quantis,Syngenta Quantis,Biostimulant,1,Syngenta Quantis,1.5,0,1,0.54,0.54,7.78,207.8,24.0,218.4,28.1,21.3,1.06,0.73,26.5,3,160.4,1722.5,73.1,14.1,15.9,0.667,15.06,15.06,14.37,15.06,0.69,4.8,0.69,1824.0,IND_FIELD_0320,RCBD - 4 Replications,4,ICAR AICRP & Syngenta Multi-Locational Trials,https://icar.org.in
TR-2024-UT-00321,EXP-2024-UT-WHE-0161,ICAR_SYNGENTA_TRIALS,India,Uttar Pradesh,Indo-Gangetic Plain (Central),Varanasi,25.3176,82.9739,Wheat,Wheat,Rabi,2024,Control (Untreated Check),Untreated Check,Untreated Check,0,Untreated,0.0,1,0,0.56,0.56,8.36,208.8,27.6,249.7,23.4,11.8,0.65,0.49,30.6,2,268.4,1989.0,59.8,5.9,17.6,0.603,17.08,17.08,17.08,17.08,0.0,0.0,0.0,0.0,IND_FIELD_0321,RCBD - 4 Replications,4,ICAR AICRP & Syngenta Multi-Locational Trials,https://icar.org.in
TR-2024-UT-00322,EXP-2024-UT-WHE-0161,ICAR_SYNGENTA_TRIALS,India,Uttar Pradesh,Indo-Gangetic Plain (Central),Varanasi,25.3176,82.9739,Wheat,Wheat,Rabi,2024,Syngenta Quantis,Syngenta Quantis,Biostimulant,1,Syngenta Quantis,1.5,0,1,0.56,0.56,8.36,208.8,27.6,249.7,23.4,11.8,0.65,0.49,30.6,2,268.4,1989.0,59.8,5.9,17.6,0.603,17.19,17.19,17.08,17.19,0.11,0.64,0.11,-844.0,IND_FIELD_0322,RCBD - 4 Replications,4,ICAR AICRP & Syngenta Multi-Locational Trials,https://icar.org.in
TR-2021-GU-00323,EXP-2021-GU-GRO-0162,ICAR_SYNGENTA_TRIALS,India,Gujarat,Gujarat & Saurashtra Plain,Rajkot,22.3039,70.8022,Groundnut (Peanut),Groundnut (Peanut),Kharif,2021,Control (Untreated Check),Untreated Check,Untreated Check,0,Untreated,0.0,1,0,0.4,0.4,7.53,214.9,11.9,290.6,30.6,15.1,0.8,0.48,26.5,0,691.3,1722.5,59.1,13.4,17.6,0.641,9.87,9.87,9.87,9.87,0.0,0.0,0.0,0.0,IND_FIELD_0323,RCBD - 4 Replications,4,ICAR AICRP & Syngenta Multi-Locational Trials,https://icar.org.in
TR-2021-GU-00324,EXP-2021-GU-GRO-0162,ICAR_SYNGENTA_TRIALS,India,Gujarat,Gujarat & Saurashtra Plain,Rajkot,22.3039,70.8022,Groundnut (Peanut),Groundnut (Peanut),Kharif,2021,Syngenta Isabion,Syngenta Isabion,Biostimulant,1,Syngenta Isabion,1.5,0,1,0.4,0.4,7.53,214.9,11.9,290.6,30.6,15.1,0.8,0.48,26.5,0,691.3,1722.5,59.1,13.4,17.6,0.641,10.8,10.8,9.87,10.8,0.93,9.42,0.93,2928.0,IND_FIELD_0324,RCBD - 4 Replications,4,ICAR AICRP & Syngenta Multi-Locational Trials,https://icar.org.in
TR-2021-TE-00325,EXP-2021-TE-SOY-0163,ICAR_SYNGENTA_TRIALS,India,Telangana,Telangana & Andhra (Krishna Basin),Warangal,17.9689,79.5941,Soybean,Soybean,Kharif,2021,Control (Untreated Check),Untreated Check,Untreated Check,0,Untreated,0.0,1,0,0.34,0.34,7.53,266.2,21.4,228.6,37.9,11.1,0.62,0.5,27.3,3,611.1,1774.5,69.4,8.4,19.5,0.744,10.69,10.69,10.69,10.69,0.0,0.0,0.0,0.0,IND_FIELD_0325,RCBD - 4 Replications,4,ICAR AICRP & Syngenta Multi-Locational Trials,https://icar.org.in
TR-2021-TE-00326,EXP-2021-TE-SOY-0163,ICAR_SYNGENTA_TRIALS,India,Telangana,Telangana & Andhra (Krishna Basin),Warangal,17.9689,79.5941,Soybean,Soybean,Kharif,2021,Syngenta Quantis,Syngenta Quantis,Biostimulant,1,Syngenta Quantis,2.0,0,1,0.34,0.34,7.53,266.2,21.4,228.6,37.9,11.1,0.62,0.5,27.3,3,611.1,1774.5,69.4,8.4,19.5,0.744,11.95,11.95,10.69,11.95,1.26,11.79,1.26,3996.0,IND_FIELD_0326,RCBD - 4 Replications,4,ICAR AICRP & Syngenta Multi-Locational Trials,https://icar.org.in
TR-2023-TE-00327,EXP-2023-TE-CHI-0164,ICAR_SYNGENTA_TRIALS,India,Telangana,Telangana & Andhra (Krishna Basin),Warangal,17.9689,79.5941,Chickpea (Gram / Chana),Chickpea (Gram / Chana),Rabi,2023,Control (Untreated Check),Untreated Check,Untreated Check,0,Untreated,0.0,1,0,0.68,0.68,6.56,276.8,16.9,321.4,24.8,10.8,0.98,0.32,31.5,3,276.0,2047.5,59.7,11.4,19.4,0.615,7.35,7.35,7.35,7.35,0.0,0.0,0.0,0.0,IND_FIELD_0327,RCBD - 4 Replications,4,ICAR AICRP & Syngenta Multi-Locational Trials,https://icar.org.in
TR-2023-TE-00328,EXP-2023-TE-CHI-0164,ICAR_SYNGENTA_TRIALS,India,Telangana,Telangana & Andhra (Krishna Basin),Warangal,17.9689,79.5941,Chickpea (Gram / Chana),Chickpea (Gram / Chana),Rabi,2023,Syngenta Isabion,Syngenta Isabion,Biostimulant,1,Syngenta Isabion,1.5,0,1,0.68,0.68,6.56,276.8,16.9,321.4,24.8,10.8,0.98,0.32,31.5,3,276.0,2047.5,59.7,11.4,19.4,0.615,8.1,8.1,7.35,8.1,0.75,10.2,0.75,2100.0,IND_FIELD_0328,RCBD - 4 Replications,4,ICAR AICRP & Syngenta Multi-Locational Trials,https://icar.org.in
TR-2022-PU-00329,EXP-2022-PU-MAI-0165,ICAR_SYNGENTA_TRIALS,India,Punjab,Punjab & Haryana (Indo-Gangetic),Ludhiana,30.901,75.8573,Maize,Maize,Kharif,2022,Control (Untreated Check),Untreated Check,Untreated Check,0,Untreated,0.0,1,0,0.62,0.62,8.1,207.4,28.0,163.8,39.6,9.3,0.77,0.55,28.8,7,799.5,1872.0,76.9,5.7,19.4,0.542,22.05,22.05,22.05,22.05,0.0,0.0,0.0,0.0,IND_FIELD_0329,RCBD - 4 Replications,4,ICAR AICRP & Syngenta Multi-Locational Trials,https://icar.org.in
TR-2022-PU-00330,EXP-2022-PU-MAI-0165,ICAR_SYNGENTA_TRIALS,India,Punjab,Punjab & Haryana (Indo-Gangetic),Ludhiana,30.901,75.8573,Maize,Maize,Kharif,2022,Syngenta Isabion,Syngenta Isabion,Biostimulant,1,Syngenta Isabion,2.0,0,1,0.62,0.62,8.1,207.4,28.0,163.8,39.6,9.3,0.77,0.55,28.8,7,799.5,1872.0,76.9,5.7,19.4,0.542,27.2,27.2,22.05,27.2,5.15,23.36,5.15,21890.0,IND_FIELD_0330,RCBD - 4 Replications,4,ICAR AICRP & Syngenta Multi-Locational Trials,https://icar.org.in
TR-2023-PU-00331,EXP-2023-PU-MAI-0166,ICAR_SYNGENTA_TRIALS,India,Punjab,Punjab & Haryana (Indo-Gangetic),Ludhiana,30.901,75.8573,Maize,Maize,Kharif,2023,Control (Untreated Check),Untreated Check,Untreated Check,0,Untreated,0.0,1,0,0.33,0.33,8.1,172.2,34.4,216.3,39.8,11.4,0.93,0.44,27.9,4,685.7,1813.5,64.4,16.5,20.5,0.686,24.38,24.38,24.38,24.38,0.0,0.0,0.0,0.0,IND_FIELD_0331,RCBD - 4 Replications,4,ICAR AICRP & Syngenta Multi-Locational Trials,https://icar.org.in
TR-2023-PU-00332,EXP-2023-PU-MAI-0166,ICAR_SYNGENTA_TRIALS,India,Punjab,Punjab & Haryana (Indo-Gangetic),Ludhiana,30.901,75.8573,Maize,Maize,Kharif,2023,Syngenta Isabion,Syngenta Isabion,Biostimulant,1,Syngenta Isabion,2.0,0,1,0.33,0.33,8.1,172.2,34.4,216.3,39.8,11.4,0.93,0.44,27.9,4,685.7,1813.5,64.4,16.5,20.5,0.686,27.27,27.27,24.38,27.27,2.89,11.85,2.89,11494.0,IND_FIELD_0332,RCBD - 4 Replications,4,ICAR AICRP & Syngenta Multi-Locational Trials,https://icar.org.in
TR-2025-MA-00333,EXP-2025-MA-RIC-0167,ICAR_SYNGENTA_TRIALS,India,Maharashtra,Maharashtra & Vidarbha (Deccan),Nagpur,21.1458,79.0882,Rice (Paddy),Rice (Paddy),Kharif,2025,Control (Untreated Check),Untreated Check,Untreated Check,0,Untreated,0.0,1,0,0.44,0.44,7.74,170.1,21.6,307.9,24.6,13.9,0.82,0.58,26.8,3,743.1,1742.0,73.9,9.6,18.9,0.696,20.88,20.88,20.88,20.88,0.0,0.0,0.0,0.0,IND_FIELD_0333,RCBD - 4 Replications,4,ICAR AICRP & Syngenta Multi-Locational Trials,https://icar.org.in
TR-2025-MA-00334,EXP-2025-MA-RIC-0167,ICAR_SYNGENTA_TRIALS,India,Maharashtra,Maharashtra & Vidarbha (Deccan),Nagpur,21.1458,79.0882,Rice (Paddy),Rice (Paddy),Kharif,2025,Syngenta Quantis,Syngenta Quantis,Biostimulant,1,Syngenta Quantis,2.0,0,1,0.44,0.44,7.74,170.1,21.6,307.9,24.6,13.9,0.82,0.58,26.8,3,743.1,1742.0,73.9,9.6,18.9,0.696,24.11,24.11,20.88,24.11,3.23,15.47,3.23,13058.0,IND_FIELD_0334,RCBD - 4 Replications,4,ICAR AICRP & Syngenta Multi-Locational Trials,https://icar.org.in
TR-2024-TA-00335,EXP-2024-TA-CHI-0168,ICAR_SYNGENTA_TRIALS,India,Tamil Nadu,Tamil Nadu & Cauvery Delta,Coimbatore,11.0168,76.9558,Chickpea (Gram / Chana),Chickpea (Gram / Chana),Rabi,2024,Control (Untreated Check),Untreated Check,Untreated Check,0,Untreated,0.0,1,0,0.65,0.65,8.08,227.1,14.4,269.3,33.3,18.3,0.97,0.45,36.0,6,176.5,2340.0,58.2,13.4,19.4,0.723,6.43,6.43,6.43,6.43,0.0,0.0,0.0,0.0,IND_FIELD_0335,RCBD - 4 Replications,4,ICAR AICRP & Syngenta Multi-Locational Trials,https://icar.org.in
TR-2024-TA-00336,EXP-2024-TA-CHI-0168,ICAR_SYNGENTA_TRIALS,India,Tamil Nadu,Tamil Nadu & Cauvery Delta,Coimbatore,11.0168,76.9558,Chickpea (Gram / Chana),Chickpea (Gram / Chana),Rabi,2024,Syngenta Isabion,Syngenta Isabion,Biostimulant,1,Syngenta Isabion,1.5,0,1,0.65,0.65,8.08,227.1,14.4,269.3,33.3,18.3,0.97,0.45,36.0,6,176.5,2340.0,58.2,13.4,19.4,0.723,7.0,7.0,6.43,7.0,0.57,8.86,0.57,1272.0,IND_FIELD_0336,RCBD - 4 Replications,4,ICAR AICRP & Syngenta Multi-Locational Trials,https://icar.org.in
TR-2021-TA-00337,EXP-2021-TA-COT-0169,ICAR_SYNGENTA_TRIALS,India,Tamil Nadu,Tamil Nadu & Cauvery Delta,Coimbatore,11.0168,76.9558,Cotton,Cotton,Kharif,2021,Control (Untreated Check),Untreated Check,Untreated Check,0,Untreated,0.0,1,0,0.61,0.61,7.45,256.6,14.8,323.3,34.4,13.7,0.88,0.4,28.8,1,612.9,1872.0,66.7,7.8,12.5,0.755,10.98,10.98,10.98,10.98,0.0,0.0,0.0,0.0,IND_FIELD_0337,RCBD - 4 Replications,4,ICAR AICRP & Syngenta Multi-Locational Trials,https://icar.org.in
TR-2021-TA-00338,EXP-2021-TA-COT-0169,ICAR_SYNGENTA_TRIALS,India,Tamil Nadu,Tamil Nadu & Cauvery Delta,Coimbatore,11.0168,76.9558,Cotton,Cotton,Kharif,2021,Syngenta Isabion,Syngenta Isabion,Biostimulant,1,Syngenta Isabion,1.5,0,1,0.61,0.61,7.45,256.6,14.8,323.3,34.4,13.7,0.88,0.4,28.8,1,612.9,1872.0,66.7,7.8,12.5,0.755,10.13,10.13,10.98,10.13,0.0,0.0,0.0,-1350.0,IND_FIELD_0338,RCBD - 4 Replications,4,ICAR AICRP & Syngenta Multi-Locational Trials,https://icar.org.in
TR-2022-KA-00339,EXP-2022-KA-MAI-0170,ICAR_SYNGENTA_TRIALS,India,Karnataka,Karnataka (Deccan Plateau),Dharwad,15.4589,75.0078,Maize,Maize,Kharif,2022,Control (Untreated Check),Untreated Check,Untreated Check,0,Untreated,0.0,1,0,0.79,0.79,7.0,287.4,18.0,177.4,38.0,11.1,0.45,0.57,30.9,2,667.8,2008.5,53.9,8.4,19.7,0.728,25.05,25.05,25.05,25.05,0.0,0.0,0.0,0.0,IND_FIELD_0339,RCBD - 4 Replications,4,ICAR AICRP & Syngenta Multi-Locational Trials,https://icar.org.in
TR-2022-KA-00340,EXP-2022-KA-MAI-0170,ICAR_SYNGENTA_TRIALS,India,Karnataka,Karnataka (Deccan Plateau),Dharwad,15.4589,75.0078,Maize,Maize,Kharif,2022,Syngenta Isabion,Syngenta Isabion,Biostimulant,1,Syngenta Isabion,2.0,0,1,0.79,0.79,7.0,287.4,18.0,177.4,38.0,11.1,0.45,0.57,30.9,2,667.8,2008.5,53.9,8.4,19.7,0.728,26.58,26.58,25.05,26.58,1.53,6.11,1.53,5238.0,IND_FIELD_0340,RCBD - 4 Replications,4,ICAR AICRP & Syngenta Multi-Locational Trials,https://icar.org.in
TR-2023-TA-00341,EXP-2023-TA-SOY-0171,ICAR_SYNGENTA_TRIALS,India,Tamil Nadu,Tamil Nadu & Cauvery Delta,Coimbatore,11.0168,76.9558,Soybean,Soybean,Kharif,2023,Control (Untreated Check),Untreated Check,Untreated Check,0,Untreated,0.0,1,0,0.52,0.52,7.18,186.8,12.6,343.2,37.7,13.6,0.76,0.48,31.8,5,658.8,2067.0,83.0,9.5,19.2,0.697,8.84,8.84,8.84,8.84,0.0,0.0,0.0,0.0,IND_FIELD_0341,RCBD - 4 Replications,4,ICAR AICRP & Syngenta Multi-Locational Trials,https://icar.org.in
TR-2023-TA-00342,EXP-2023-TA-SOY-0171,ICAR_SYNGENTA_TRIALS,India,Tamil Nadu,Tamil Nadu & Cauvery Delta,Coimbatore,11.0168,76.9558,Soybean,Soybean,Kharif,2023,Syngenta Quantis,Syngenta Quantis,Biostimulant,1,Syngenta Quantis,2.0,0,1,0.52,0.52,7.18,186.8,12.6,343.2,37.7,13.6,0.76,0.48,31.8,5,658.8,2067.0,83.0,9.5,19.2,0.697,10.01,10.01,8.84,10.01,1.17,13.24,1.17,3582.0,IND_FIELD_0342,RCBD - 4 Replications,4,ICAR AICRP & Syngenta Multi-Locational Trials,https://icar.org.in
TR-2022-PU-00343,EXP-2022-PU-TUR-0172,ICAR_SYNGENTA_TRIALS,India,Punjab,Punjab & Haryana (Indo-Gangetic),Ludhiana,30.901,75.8573,Tur / Pigeon Pea (Arhar),Tur / Pigeon Pea (Arhar),Kharif,2022,Control (Untreated Check),Untreated Check,Untreated Check,0,Untreated,0.0,1,0,0.36,0.36,7.56,185.6,28.6,190.6,27.7,9.6,0.93,0.54,30.3,8,759.4,1969.5,58.2,12.3,18.3,0.59,6.53,6.53,6.53,6.53,0.0,0.0,0.0,0.0,IND_FIELD_0343,RCBD - 4 Replications,4,ICAR AICRP & Syngenta Multi-Locational Trials,https://icar.org.in
TR-2022-PU-00344,EXP-2022-PU-TUR-0172,ICAR_SYNGENTA_TRIALS,India,Punjab,Punjab & Haryana (Indo-Gangetic),Ludhiana,30.901,75.8573,Tur / Pigeon Pea (Arhar),Tur / Pigeon Pea (Arhar),Kharif,2022,Syngenta Quantis,Syngenta Quantis,Biostimulant,1,Syngenta Quantis,2.0,0,1,0.36,0.36,7.56,185.6,28.6,190.6,27.7,9.6,0.93,0.54,30.3,8,759.4,1969.5,58.2,12.3,18.3,0.59,7.71,7.71,6.53,7.71,1.18,18.07,1.18,3628.0,IND_FIELD_0344,RCBD - 4 Replications,4,ICAR AICRP & Syngenta Multi-Locational Trials,https://icar.org.in
TR-2023-GU-00345,EXP-2023-GU-ONI-0173,ICAR_SYNGENTA_TRIALS,India,Gujarat,Gujarat & Saurashtra Plain,Rajkot,22.3039,70.8022,Onion,Onion,Rabi,2023,Control (Untreated Check),Untreated Check,Untreated Check,0,Untreated,0.0,1,0,0.43,0.43,7.8,195.3,22.3,362.1,33.7,17.7,0.85,0.81,24.7,2,197.8,1605.5,78.2,14.4,16.1,0.663,115.72,115.72,115.72,115.72,0.0,0.0,0.0,0.0,IND_FIELD_0345,RCBD - 4 Replications,4,ICAR AICRP & Syngenta Multi-Locational Trials,https://icar.org.in
TR-2023-GU-00346,EXP-2023-GU-ONI-0173,ICAR_SYNGENTA_TRIALS,India,Gujarat,Gujarat & Saurashtra Plain,Rajkot,22.3039,70.8022,Onion,Onion,Rabi,2023,Syngenta Quantis,Syngenta Quantis,Biostimulant,1,Syngenta Quantis,2.0,0,1,0.43,0.43,7.8,195.3,22.3,362.1,33.7,17.7,0.85,0.81,24.7,2,197.8,1605.5,78.2,14.4,16.1,0.663,123.26,123.26,115.72,123.26,7.54,6.52,7.54,32884.0,IND_FIELD_0346,RCBD - 4 Replications,4,ICAR AICRP & Syngenta Multi-Locational Trials,https://icar.org.in
TR-2025-TA-00347,EXP-2025-TA-SOY-0174,ICAR_SYNGENTA_TRIALS,India,Tamil Nadu,Tamil Nadu & Cauvery Delta,Coimbatore,11.0168,76.9558,Soybean,Soybean,Kharif,2025,Control (Untreated Check),Untreated Check,Untreated Check,0,Untreated,0.0,1,0,0.59,0.59,7.33,201.2,24.0,303.0,34.5,11.7,1.11,0.55,35.6,4,696.1,2314.0,83.5,2.6,20.3,0.718,10.79,10.79,10.79,10.79,0.0,0.0,0.0,0.0,IND_FIELD_0347,RCBD - 4 Replications,4,ICAR AICRP & Syngenta Multi-Locational Trials,https://icar.org.in
TR-2025-TA-00348,EXP-2025-TA-SOY-0174,ICAR_SYNGENTA_TRIALS,India,Tamil Nadu,Tamil Nadu & Cauvery Delta,Coimbatore,11.0168,76.9558,Soybean,Soybean,Kharif,2025,Syngenta Quantis,Syngenta Quantis,Biostimulant,1,Syngenta Quantis,2.0,0,1,0.59,0.59,7.33,201.2,24.0,303.0,34.5,11.7,1.11,0.55,35.6,4,696.1,2314.0,83.5,2.6,20.3,0.718,12.0,12.0,10.79,12.0,1.21,11.21,1.21,3766.0,IND_FIELD_0348,RCBD - 4 Replications,4,ICAR AICRP & Syngenta Multi-Locational Trials,https://icar.org.in
TR-2023-MA-00349,EXP-2023-MA-TUR-0175,ICAR_SYNGENTA_TRIALS,India,Maharashtra,Maharashtra & Vidarbha (Deccan),Nagpur,21.1458,79.0882,Tur / Pigeon Pea (Arhar),Tur / Pigeon Pea (Arhar),Kharif,2023,Control (Untreated Check),Untreated Check,Untreated Check,0,Untreated,0.0,1,0,0.53,0.53,7.89,249.9,20.1,360.5,45.1,12.5,0.55,0.56,29.1,6,459.8,1891.5,45.0,10.4,12.6,0.588,6.74,6.74,6.74,6.74,0.0,0.0,0.0,0.0,IND_FIELD_0349,RCBD - 4 Replications,4,ICAR AICRP & Syngenta Multi-Locational Trials,https://icar.org.in
TR-2023-MA-00350,EXP-2023-MA-TUR-0175,ICAR_SYNGENTA_TRIALS,India,Maharashtra,Maharashtra & Vidarbha (Deccan),Nagpur,21.1458,79.0882,Tur / Pigeon Pea (Arhar),Tur / Pigeon Pea (Arhar),Kharif,2023,Syngenta Quantis,Syngenta Quantis,Biostimulant,1,Syngenta Quantis,2.0,0,1,0.53,0.53,7.89,249.9,20.1,360.5,45.1,12.5,0.55,0.56,29.1,6,459.8,1891.5,45.0,10.4,12.6,0.588,7.33,7.33,6.74,7.33,0.59,8.75,0.59,914.0,IND_FIELD_0350,RCBD - 4 Replications,4,ICAR AICRP & Syngenta Multi-Locational Trials,https://icar.org.in
TR-2025-MA-00351,EXP-2025-MA-TOM-0176,ICAR_SYNGENTA_TRIALS,India,Maharashtra,Maharashtra & Vidarbha (Deccan),Nagpur,21.1458,79.0882,Tomato,Tomato,Annual,2025,Control (Untreated Check),Untreated Check,Untreated Check,0,Untreated,0.0,1,0,0.47,0.47,7.46,257.4,10.9,348.9,21.2,14.9,0.79,0.68,30.7,1,91.3,1995.5,86.8,14.0,16.1,0.736,133.06,133.06,133.06,133.06,0.0,0.0,0.0,0.0,IND_FIELD_0351,RCBD - 4 Replications,4,ICAR AICRP & Syngenta Multi-Locational Trials,https://icar.org.in
TR-2025-MA-00352,EXP-2025-MA-TOM-0176,ICAR_SYNGENTA_TRIALS,India,Maharashtra,Maharashtra & Vidarbha (Deccan),Nagpur,21.1458,79.0882,Tomato,Tomato,Annual,2025,Syngenta Isabion,Syngenta Isabion,Biostimulant,1,Syngenta Isabion,2.5,0,1,0.47,0.47,7.46,257.4,10.9,348.9,21.2,14.9,0.79,0.68,30.7,1,91.3,1995.5,86.8,14.0,16.1,0.736,140.88,140.88,133.06,140.88,7.82,5.88,7.82,33722.0,IND_FIELD_0352,RCBD - 4 Replications,4,ICAR AICRP & Syngenta Multi-Locational Trials,https://icar.org.in
TR-2025-GU-00353,EXP-2025-GU-TOM-0177,ICAR_SYNGENTA_TRIALS,India,Gujarat,Gujarat & Saurashtra Plain,Rajkot,22.3039,70.8022,Tomato,Tomato,Annual,2025,Control (Untreated Check),Untreated Check,Untreated Check,0,Untreated,0.0,1,0,0.37,0.37,8.33,149.8,18.1,360.0,30.8,19.9,1.2,0.53,27.5,3,345.3,1787.5,66.7,11.5,15.0,0.65,164.95,164.95,164.95,164.95,0.0,0.0,0.0,0.0,IND_FIELD_0353,RCBD - 4 Replications,4,ICAR AICRP & Syngenta Multi-Locational Trials,https://icar.org.in
TR-2025-GU-00354,EXP-2025-GU-TOM-0177,ICAR_SYNGENTA_TRIALS,India,Gujarat,Gujarat & Saurashtra Plain,Rajkot,22.3039,70.8022,Tomato,Tomato,Annual,2025,Syngenta Isabion,Syngenta Isabion,Biostimulant,1,Syngenta Isabion,2.5,0,1,0.37,0.37,8.33,149.8,18.1,360.0,30.8,19.9,1.2,0.53,27.5,3,345.3,1787.5,66.7,11.5,15.0,0.65,184.22,184.22,164.95,184.22,19.27,11.68,19.27,86392.0,IND_FIELD_0354,RCBD - 4 Replications,4,ICAR AICRP & Syngenta Multi-Locational Trials,https://icar.org.in
TR-2023-MA-00355,EXP-2023-MA-SUG-0178,ICAR_SYNGENTA_TRIALS,India,Maharashtra,Maharashtra & Vidarbha (Deccan),Nagpur,21.1458,79.0882,Sugarcane,Sugarcane,Annual,2023,Control (Untreated Check),Untreated Check,Untreated Check,0,Untreated,0.0,1,0,0.56,0.56,8.25,177.2,20.5,358.0,20.4,17.7,0.74,0.56,27.4,0,312.3,1781.0,66.4,7.8,15.9,0.848,329.08,329.08,329.08,329.08,0.0,0.0,0.0,0.0,IND_FIELD_0355,RCBD - 4 Replications,4,ICAR AICRP & Syngenta Multi-Locational Trials,https://icar.org.in
TR-2023-MA-00356,EXP-2023-MA-SUG-0178,ICAR_SYNGENTA_TRIALS,India,Maharashtra,Maharashtra & Vidarbha (Deccan),Nagpur,21.1458,79.0882,Sugarcane,Sugarcane,Annual,2023,Syngenta CropBio+,Syngenta CropBio+,Biostimulant,1,Syngenta CropBio+,3.0,0,1,0.56,0.56,8.25,177.2,20.5,358.0,20.4,17.7,0.74,0.56,27.4,0,312.3,1781.0,66.4,7.8,15.9,0.848,383.86,383.86,329.08,383.86,54.78,16.65,54.78,249288.0,IND_FIELD_0356,RCBD - 4 Replications,4,ICAR AICRP & Syngenta Multi-Locational Trials,https://icar.org.in
TR-2022-MA-00357,EXP-2022-MA-MUS-0179,ICAR_SYNGENTA_TRIALS,India,Maharashtra,Maharashtra & Vidarbha (Deccan),Nagpur,21.1458,79.0882,Mustard / Rapeseed,Mustard / Rapeseed,Rabi,2022,Control (Untreated Check),Untreated Check,Untreated Check,0,Untreated,0.0,1,0,0.5,0.5,7.43,193.6,17.9,306.2,30.2,5.7,0.99,0.7,29.9,7,30.0,1943.5,56.2,6.7,17.7,0.726,5.92,5.92,5.92,5.92,0.0,0.0,0.0,0.0,IND_FIELD_0357,RCBD - 4 Replications,4,ICAR AICRP & Syngenta Multi-Locational Trials,https://icar.org.in
TR-2022-MA-00358,EXP-2022-MA-MUS-0179,ICAR_SYNGENTA_TRIALS,India,Maharashtra,Maharashtra & Vidarbha (Deccan),Nagpur,21.1458,79.0882,Mustard / Rapeseed,Mustard / Rapeseed,Rabi,2022,Syngenta Quantis,Syngenta Quantis,Biostimulant,1,Syngenta Quantis,1.5,0,1,0.5,0.5,7.43,193.6,17.9,306.2,30.2,5.7,0.99,0.7,29.9,7,30.0,1943.5,56.2,6.7,17.7,0.726,6.91,6.91,5.92,6.91,0.99,16.72,0.99,3204.0,IND_FIELD_0358,RCBD - 4 Replications,4,ICAR AICRP & Syngenta Multi-Locational Trials,https://icar.org.in
TR-2025-MA-00359,EXP-2025-MA-CHI-0180,ICAR_SYNGENTA_TRIALS,India,Madhya Pradesh,Madhya Pradesh & Central Belt,Bhopal,23.2599,77.4126,Chickpea (Gram / Chana),Chickpea (Gram / Chana),Rabi,2025,Control (Untreated Check),Untreated Check,Untreated Check,0,Untreated,0.0,1,0,0.61,0.61,6.71,214.1,22.1,339.3,22.7,14.0,0.54,0.67,29.2,3,30.0,1898.0,81.7,6.4,20.5,0.642,7.22,7.22,7.22,7.22,0.0,0.0,0.0,0.0,IND_FIELD_0359,RCBD - 4 Replications,4,ICAR AICRP & Syngenta Multi-Locational Trials,https://icar.org.in
TR-2025-MA-00360,EXP-2025-MA-CHI-0180,ICAR_SYNGENTA_TRIALS,India,Madhya Pradesh,Madhya Pradesh & Central Belt,Bhopal,23.2599,77.4126,Chickpea (Gram / Chana),Chickpea (Gram / Chana),Rabi,2025,Syngenta Isabion,Syngenta Isabion,Biostimulant,1,Syngenta Isabion,1.5,0,1,0.61,0.61,6.71,214.1,22.1,339.3,22.7,14.0,0.54,0.67,29.2,3,30.0,1898.0,81.7,6.4,20.5,0.642,8.34,8.34,7.22,8.34,1.12,15.51,1.12,3802.0,IND_FIELD_0360,RCBD - 4 Replications,4,ICAR AICRP & Syngenta Multi-Locational Trials,https://icar.org.in
TR-2021-TA-00361,EXP-2021-TA-TUR-0181,ICAR_SYNGENTA_TRIALS,India,Tamil Nadu,Tamil Nadu & Cauvery Delta,Coimbatore,11.0168,76.9558,Tur / Pigeon Pea (Arhar),Tur / Pigeon Pea (Arhar),Kharif,2021,Control (Untreated Check),Untreated Check,Untreated Check,0,Untreated,0.0,1,0,0.54,0.54,6.87,253.8,22.5,301.4,33.4,10.9,1.07,0.66,25.3,1,811.4,1644.5,69.3,9.9,18.1,0.675,8.35,8.35,8.35,8.35,0.0,0.0,0.0,0.0,IND_FIELD_0361,RCBD - 4 Replications,4,ICAR AICRP & Syngenta Multi-Locational Trials,https://icar.org.in
TR-2021-TA-00362,EXP-2021-TA-TUR-0181,ICAR_SYNGENTA_TRIALS,India,Tamil Nadu,Tamil Nadu & Cauvery Delta,Coimbatore,11.0168,76.9558,Tur / Pigeon Pea (Arhar),Tur / Pigeon Pea (Arhar),Kharif,2021,Syngenta Quantis,Syngenta Quantis,Biostimulant,1,Syngenta Quantis,2.0,0,1,0.54,0.54,6.87,253.8,22.5,301.4,33.4,10.9,1.07,0.66,25.3,1,811.4,1644.5,69.3,9.9,18.1,0.675,9.25,9.25,8.35,9.25,0.9,10.78,0.9,2340.0,IND_FIELD_0362,RCBD - 4 Replications,4,ICAR AICRP & Syngenta Multi-Locational Trials,https://icar.org.in
TR-2023-TE-00363,EXP-2023-TE-TUR-0182,ICAR_SYNGENTA_TRIALS,India,Telangana,Telangana & Andhra (Krishna Basin),Warangal,17.9689,79.5941,Tur / Pigeon Pea (Arhar),Tur / Pigeon Pea (Arhar),Kharif,2023,Control (Untreated Check),Untreated Check,Untreated Check,0,Untreated,0.0,1,0,0.61,0.61,6.87,245.4,18.2,207.6,20.9,11.7,0.93,0.47,26.7,5,756.3,1735.5,65.5,11.9,21.0,0.613,7.46,7.46,7.46,7.46,0.0,0.0,0.0,0.0,IND_FIELD_0363,RCBD - 4 Replications,4,ICAR AICRP & Syngenta Multi-Locational Trials,https://icar.org.in
TR-2023-TE-00364,EXP-2023-TE-TUR-0182,ICAR_SYNGENTA_TRIALS,India,Telangana,Telangana & Andhra (Krishna Basin),Warangal,17.9689,79.5941,Tur / Pigeon Pea (Arhar),Tur / Pigeon Pea (Arhar),Kharif,2023,Syngenta Quantis,Syngenta Quantis,Biostimulant,1,Syngenta Quantis,2.0,0,1,0.61,0.61,6.87,245.4,18.2,207.6,20.9,11.7,0.93,0.47,26.7,5,756.3,1735.5,65.5,11.9,21.0,0.613,8.37,8.37,7.46,8.37,0.91,12.2,0.91,2386.0,IND_FIELD_0364,RCBD - 4 Replications,4,ICAR AICRP & Syngenta Multi-Locational Trials,https://icar.org.in
TR-2025-TE-00365,EXP-2025-TE-GRO-0183,ICAR_SYNGENTA_TRIALS,India,Telangana,Telangana & Andhra (Krishna Basin),Warangal,17.9689,79.5941,Groundnut (Peanut),Groundnut (Peanut),Kharif,2025,Control (Untreated Check),Untreated Check,Untreated Check,0,Untreated,0.0,1,0,0.45,0.45,7.27,266.3,13.0,249.0,28.4,12.8,0.5,0.73,28.1,3,751.8,1826.5,62.6,10.0,18.4,0.781,10.65,10.65,10.65,10.65,0.0,0.0,0.0,0.0,IND_FIELD_0365,RCBD - 4 Replications,4,ICAR AICRP & Syngenta Multi-Locational Trials,https://icar.org.in
TR-2025-TE-00366,EXP-2025-TE-GRO-0183,ICAR_SYNGENTA_TRIALS,India,Telangana,Telangana & Andhra (Krishna Basin),Warangal,17.9689,79.5941,Groundnut (Peanut),Groundnut (Peanut),Kharif,2025,Syngenta Isabion,Syngenta Isabion,Biostimulant,1,Syngenta Isabion,1.5,0,1,0.45,0.45,7.27,266.3,13.0,249.0,28.4,12.8,0.5,0.73,28.1,3,751.8,1826.5,62.6,10.0,18.4,0.781,10.75,10.75,10.65,10.75,0.1,0.94,0.1,-890.0,IND_FIELD_0366,RCBD - 4 Replications,4,ICAR AICRP & Syngenta Multi-Locational Trials,https://icar.org.in
TR-2024-GU-00367,EXP-2024-GU-MUS-0184,ICAR_SYNGENTA_TRIALS,India,Gujarat,Gujarat & Saurashtra Plain,Rajkot,22.3039,70.8022,Mustard / Rapeseed,Mustard / Rapeseed,Rabi,2024,Control (Untreated Check),Untreated Check,Untreated Check,0,Untreated,0.0,1,0,0.27,0.27,8.17,197.5,13.9,349.6,43.1,8.9,0.77,0.66,24.7,7,281.7,1605.5,69.5,4.4,19.6,0.74,5.83,5.83,5.83,5.83,0.0,0.0,0.0,0.0,IND_FIELD_0367,RCBD - 4 Replications,4,ICAR AICRP & Syngenta Multi-Locational Trials,https://icar.org.in
TR-2024-GU-00368,EXP-2024-GU-MUS-0184,ICAR_SYNGENTA_TRIALS,India,Gujarat,Gujarat & Saurashtra Plain,Rajkot,22.3039,70.8022,Mustard / Rapeseed,Mustard / Rapeseed,Rabi,2024,Syngenta Quantis,Syngenta Quantis,Biostimulant,1,Syngenta Quantis,1.5,0,1,0.27,0.27,8.17,197.5,13.9,349.6,43.1,8.9,0.77,0.66,24.7,7,281.7,1605.5,69.5,4.4,19.6,0.74,6.54,6.54,5.83,6.54,0.71,12.18,0.71,1916.0,IND_FIELD_0368,RCBD - 4 Replications,4,ICAR AICRP & Syngenta Multi-Locational Trials,https://icar.org.in
TR-2022-KA-00369,EXP-2022-KA-ONI-0185,ICAR_SYNGENTA_TRIALS,India,Karnataka,Karnataka (Deccan Plateau),Dharwad,15.4589,75.0078,Onion,Onion,Rabi,2022,Control (Untreated Check),Untreated Check,Untreated Check,0,Untreated,0.0,1,0,0.56,0.56,6.46,206.7,24.9,262.7,28.9,14.3,0.55,0.58,27.3,5,256.7,1774.5,64.8,8.7,18.3,0.734,124.1,124.1,124.1,124.1,0.0,0.0,0.0,0.0,IND_FIELD_0369,RCBD - 4 Replications,4,ICAR AICRP & Syngenta Multi-Locational Trials,https://icar.org.in
TR-2022-KA-00370,EXP-2022-KA-ONI-0185,ICAR_SYNGENTA_TRIALS,India,Karnataka,Karnataka (Deccan Plateau),Dharwad,15.4589,75.0078,Onion,Onion,Rabi,2022,Syngenta Quantis,Syngenta Quantis,Biostimulant,1,Syngenta Quantis,2.0,0,1,0.56,0.56,6.46,206.7,24.9,262.7,28.9,14.3,0.55,0.58,27.3,5,256.7,1774.5,64.8,8.7,18.3,0.734,142.28,142.28,124.1,142.28,18.18,14.65,18.18,81828.0,IND_FIELD_0370,RCBD - 4 Replications,4,ICAR AICRP & Syngenta Multi-Locational Trials,https://icar.org.in
TR-2024-MA-00371,EXP-2024-MA-ONI-0186,ICAR_SYNGENTA_TRIALS,India,Madhya Pradesh,Madhya Pradesh & Central Belt,Bhopal,23.2599,77.4126,Onion,Onion,Rabi,2024,Control (Untreated Check),Untreated Check,Untreated Check,0,Untreated,0.0,1,0,0.42,0.42,7.03,200.2,21.6,358.5,25.2,19.9,1.03,0.37,27.4,5,46.0,1781.0,79.7,9.0,19.5,0.711,98.26,98.26,98.26,98.26,0.0,0.0,0.0,0.0,IND_FIELD_0371,RCBD - 4 Replications,4,ICAR AICRP & Syngenta Multi-Locational Trials,https://icar.org.in
TR-2024-MA-00372,EXP-2024-MA-ONI-0186,ICAR_SYNGENTA_TRIALS,India,Madhya Pradesh,Madhya Pradesh & Central Belt,Bhopal,23.2599,77.4126,Onion,Onion,Rabi,2024,Syngenta Quantis,Syngenta Quantis,Biostimulant,1,Syngenta Quantis,2.0,0,1,0.42,0.42,7.03,200.2,21.6,358.5,25.2,19.9,1.03,0.37,27.4,5,46.0,1781.0,79.7,9.0,19.5,0.711,106.62,106.62,98.26,106.62,8.36,8.51,8.36,36656.0,IND_FIELD_0372,RCBD - 4 Replications,4,ICAR AICRP & Syngenta Multi-Locational Trials,https://icar.org.in
TR-2023-TE-00373,EXP-2023-TE-SOY-0187,ICAR_SYNGENTA_TRIALS,India,Telangana,Telangana & Andhra (Krishna Basin),Warangal,17.9689,79.5941,Soybean,Soybean,Kharif,2023,Control (Untreated Check),Untreated Check,Untreated Check,0,Untreated,0.0,1,0,0.68,0.68,6.71,193.2,20.5,264.9,14.0,20.8,0.64,0.62,24.7,2,603.6,1605.5,57.4,5.5,17.1,0.61,9.2,9.2,9.2,9.2,0.0,0.0,0.0,0.0,IND_FIELD_0373,RCBD - 4 Replications,4,ICAR AICRP & Syngenta Multi-Locational Trials,https://icar.org.in
TR-2023-TE-00374,EXP-2023-TE-SOY-0187,ICAR_SYNGENTA_TRIALS,India,Telangana,Telangana & Andhra (Krishna Basin),Warangal,17.9689,79.5941,Soybean,Soybean,Kharif,2023,Syngenta Quantis,Syngenta Quantis,Biostimulant,1,Syngenta Quantis,2.0,0,1,0.68,0.68,6.71,193.2,20.5,264.9,14.0,20.8,0.64,0.62,24.7,2,603.6,1605.5,57.4,5.5,17.1,0.61,10.22,10.22,9.2,10.22,1.02,11.09,1.02,2892.0,IND_FIELD_0374,RCBD - 4 Replications,4,ICAR AICRP & Syngenta Multi-Locational Trials,https://icar.org.in
TR-2025-GU-00375,EXP-2025-GU-TUR-0188,ICAR_SYNGENTA_TRIALS,India,Gujarat,Gujarat & Saurashtra Plain,Rajkot,22.3039,70.8022,Tur / Pigeon Pea (Arhar),Tur / Pigeon Pea (Arhar),Kharif,2025,Control (Untreated Check),Untreated Check,Untreated Check,0,Untreated,0.0,1,0,0.33,0.33,8.02,253.3,9.6,395.0,29.9,23.0,0.77,0.48,29.8,1,659.1,1937.0,82.6,6.2,19.1,0.754,8.18,8.18,8.18,8.18,0.0,0.0,0.0,0.0,IND_FIELD_0375,RCBD - 4 Replications,4,ICAR AICRP & Syngenta Multi-Locational Trials,https://icar.org.in
TR-2025-GU-00376,EXP-2025-GU-TUR-0188,ICAR_SYNGENTA_TRIALS,India,Gujarat,Gujarat & Saurashtra Plain,Rajkot,22.3039,70.8022,Tur / Pigeon Pea (Arhar),Tur / Pigeon Pea (Arhar),Kharif,2025,Syngenta Quantis,Syngenta Quantis,Biostimulant,1,Syngenta Quantis,2.0,0,1,0.33,0.33,8.02,253.3,9.6,395.0,29.9,23.0,0.77,0.48,29.8,1,659.1,1937.0,82.6,6.2,19.1,0.754,8.43,8.43,8.18,8.43,0.25,3.06,0.25,-650.0,IND_FIELD_0376,RCBD - 4 Replications,4,ICAR AICRP & Syngenta Multi-Locational Trials,https://icar.org.in
TR-2022-MA-00377,EXP-2022-MA-RIC-0189,ICAR_SYNGENTA_TRIALS,India,Maharashtra,Maharashtra & Vidarbha (Deccan),Nagpur,21.1458,79.0882,Rice (Paddy),Rice (Paddy),Kharif,2022,Control (Untreated Check),Untreated Check,Untreated Check,0,Untreated,0.0,1,0,0.33,0.33,8.02,211.3,25.2,307.1,39.6,18.1,0.86,0.29,27.0,6,759.1,1755.0,72.1,11.3,19.4,0.642,19.91,19.91,19.91,19.91,0.0,0.0,0.0,0.0,IND_FIELD_0377,RCBD - 4 Replications,4,ICAR AICRP & Syngenta Multi-Locational Trials,https://icar.org.in
TR-2022-MA-00378,EXP-2022-MA-RIC-0189,ICAR_SYNGENTA_TRIALS,India,Maharashtra,Maharashtra & Vidarbha (Deccan),Nagpur,21.1458,79.0882,Rice (Paddy),Rice (Paddy),Kharif,2022,Syngenta Quantis,Syngenta Quantis,Biostimulant,1,Syngenta Quantis,2.0,0,1,0.33,0.33,8.02,211.3,25.2,307.1,39.6,18.1,0.86,0.29,27.0,6,759.1,1755.0,72.1,11.3,19.4,0.642,21.66,21.66,19.91,21.66,1.75,8.79,1.75,6250.0,IND_FIELD_0378,RCBD - 4 Replications,4,ICAR AICRP & Syngenta Multi-Locational Trials,https://icar.org.in
TR-2024-MA-00379,EXP-2024-MA-SOY-0190,ICAR_SYNGENTA_TRIALS,India,Madhya Pradesh,Madhya Pradesh & Central Belt,Bhopal,23.2599,77.4126,Soybean,Soybean,Kharif,2024,Control (Untreated Check),Untreated Check,Untreated Check,0,Untreated,0.0,1,0,0.38,0.38,7.88,294.8,22.3,257.5,30.6,11.7,0.45,0.49,28.3,4,615.7,1839.5,69.1,10.6,18.2,0.685,9.98,9.98,9.98,9.98,0.0,0.0,0.0,0.0,IND_FIELD_0379,RCBD - 4 Replications,4,ICAR AICRP & Syngenta Multi-Locational Trials,https://icar.org.in
TR-2024-MA-00380,EXP-2024-MA-SOY-0190,ICAR_SYNGENTA_TRIALS,India,Madhya Pradesh,Madhya Pradesh & Central Belt,Bhopal,23.2599,77.4126,Soybean,Soybean,Kharif,2024,Syngenta Quantis,Syngenta Quantis,Biostimulant,1,Syngenta Quantis,2.0,0,1,0.38,0.38,7.88,294.8,22.3,257.5,30.6,11.7,0.45,0.49,28.3,4,615.7,1839.5,69.1,10.6,18.2,0.685,10.3,10.3,9.98,10.3,0.32,3.21,0.32,-328.0,IND_FIELD_0380,RCBD - 4 Replications,4,ICAR AICRP & Syngenta Multi-Locational Trials,https://icar.org.in
TR-2023-KA-00381,EXP-2023-KA-CHI-0191,ICAR_SYNGENTA_TRIALS,India,Karnataka,Karnataka (Deccan Plateau),Dharwad,15.4589,75.0078,Chickpea (Gram / Chana),Chickpea (Gram / Chana),Rabi,2023,Control (Untreated Check),Untreated Check,Untreated Check,0,Untreated,0.0,1,0,0.63,0.63,6.1,258.8,19.5,325.7,34.3,17.1,0.85,0.54,33.0,1,247.3,2145.0,69.2,8.9,14.2,0.703,7.39,7.39,7.39,7.39,0.0,0.0,0.0,0.0,IND_FIELD_0381,RCBD - 4 Replications,4,ICAR AICRP & Syngenta Multi-Locational Trials,https://icar.org.in
TR-2023-KA-00382,EXP-2023-KA-CHI-0191,ICAR_SYNGENTA_TRIALS,India,Karnataka,Karnataka (Deccan Plateau),Dharwad,15.4589,75.0078,Chickpea (Gram / Chana),Chickpea (Gram / Chana),Rabi,2023,Syngenta Isabion,Syngenta Isabion,Biostimulant,1,Syngenta Isabion,1.5,0,1,0.63,0.63,6.1,258.8,19.5,325.7,34.3,17.1,0.85,0.54,33.0,1,247.3,2145.0,69.2,8.9,14.2,0.703,8.26,8.26,7.39,8.26,0.87,11.77,0.87,2652.0,IND_FIELD_0382,RCBD - 4 Replications,4,ICAR AICRP & Syngenta Multi-Locational Trials,https://icar.org.in
TR-2023-MA-00383,EXP-2023-MA-WHE-0192,ICAR_SYNGENTA_TRIALS,India,Madhya Pradesh,Madhya Pradesh & Central Belt,Bhopal,23.2599,77.4126,Wheat,Wheat,Rabi,2023,Control (Untreated Check),Untreated Check,Untreated Check,0,Untreated,0.0,1,0,0.63,0.63,7.6,140.1,17.7,265.0,30.2,12.1,1.01,0.33,28.6,0,205.8,1859.0,64.6,4.9,21.2,0.743,18.02,18.02,18.02,18.02,0.0,0.0,0.0,0.0,IND_FIELD_0383,RCBD - 4 Replications,4,ICAR AICRP & Syngenta Multi-Locational Trials,https://icar.org.in
TR-2023-MA-00384,EXP-2023-MA-WHE-0192,ICAR_SYNGENTA_TRIALS,India,Madhya Pradesh,Madhya Pradesh & Central Belt,Bhopal,23.2599,77.4126,Wheat,Wheat,Rabi,2023,Syngenta Quantis,Syngenta Quantis,Biostimulant,1,Syngenta Quantis,1.5,0,1,0.63,0.63,7.6,140.1,17.7,265.0,30.2,12.1,1.01,0.33,28.6,0,205.8,1859.0,64.6,4.9,21.2,0.743,21.2,21.2,18.02,21.2,3.18,17.65,3.18,13278.0,IND_FIELD_0384,RCBD - 4 Replications,4,ICAR AICRP & Syngenta Multi-Locational Trials,https://icar.org.in
TR-2022-UT-00385,EXP-2022-UT-RIC-0193,ICAR_SYNGENTA_TRIALS,India,Uttar Pradesh,Indo-Gangetic Plain (Central),Varanasi,25.3176,82.9739,Rice (Paddy),Rice (Paddy),Kharif,2022,Control (Untreated Check),Untreated Check,Untreated Check,0,Untreated,0.0,1,0,0.74,0.74,7.68,223.5,17.4,226.0,45.5,18.5,0.73,0.5,25.1,6,621.0,1631.5,75.0,9.6,14.6,0.692,22.78,22.78,22.78,22.78,0.0,0.0,0.0,0.0,IND_FIELD_0385,RCBD - 4 Replications,4,ICAR AICRP & Syngenta Multi-Locational Trials,https://icar.org.in
TR-2022-UT-00386,EXP-2022-UT-RIC-0193,ICAR_SYNGENTA_TRIALS,India,Uttar Pradesh,Indo-Gangetic Plain (Central),Varanasi,25.3176,82.9739,Rice (Paddy),Rice (Paddy),Kharif,2022,Syngenta Quantis,Syngenta Quantis,Biostimulant,1,Syngenta Quantis,2.0,0,1,0.74,0.74,7.68,223.5,17.4,226.0,45.5,18.5,0.73,0.5,25.1,6,621.0,1631.5,75.0,9.6,14.6,0.692,26.19,26.19,22.78,26.19,3.41,14.97,3.41,13886.0,IND_FIELD_0386,RCBD - 4 Replications,4,ICAR AICRP & Syngenta Multi-Locational Trials,https://icar.org.in
TR-2025-TE-00387,EXP-2025-TE-ONI-0194,ICAR_SYNGENTA_TRIALS,India,Telangana,Telangana & Andhra (Krishna Basin),Warangal,17.9689,79.5941,Onion,Onion,Rabi,2025,Control (Untreated Check),Untreated Check,Untreated Check,0,Untreated,0.0,1,0,0.5,0.5,7.28,186.8,20.2,331.4,26.1,19.0,0.83,0.44,31.5,3,121.3,2047.5,75.6,8.7,18.4,0.715,119.82,119.82,119.82,119.82,0.0,0.0,0.0,0.0,IND_FIELD_0387,RCBD - 4 Replications,4,ICAR AICRP & Syngenta Multi-Locational Trials,https://icar.org.in
TR-2025-TE-00388,EXP-2025-TE-ONI-0194,ICAR_SYNGENTA_TRIALS,India,Telangana,Telangana & Andhra (Krishna Basin),Warangal,17.9689,79.5941,Onion,Onion,Rabi,2025,Syngenta Quantis,Syngenta Quantis,Biostimulant,1,Syngenta Quantis,2.0,0,1,0.5,0.5,7.28,186.8,20.2,331.4,26.1,19.0,0.83,0.44,31.5,3,121.3,2047.5,75.6,8.7,18.4,0.715,121.27,121.27,119.82,121.27,1.45,1.21,1.45,4870.0,IND_FIELD_0388,RCBD - 4 Replications,4,ICAR AICRP & Syngenta Multi-Locational Trials,https://icar.org.in
TR-2022-TA-00389,EXP-2022-TA-GRO-0195,ICAR_SYNGENTA_TRIALS,India,Tamil Nadu,Tamil Nadu & Cauvery Delta,Coimbatore,11.0168,76.9558,Groundnut (Peanut),Groundnut (Peanut),Kharif,2022,Control (Untreated Check),Untreated Check,Untreated Check,0,Untreated,0.0,1,0,0.51,0.51,7.39,182.4,14.6,204.1,31.3,11.9,0.66,0.54,29.6,6,706.2,1924.0,61.9,9.9,16.9,0.622,10.49,10.49,10.49,10.49,0.0,0.0,0.0,0.0,IND_FIELD_0389,RCBD - 4 Replications,4,ICAR AICRP & Syngenta Multi-Locational Trials,https://icar.org.in
TR-2022-TA-00390,EXP-2022-TA-GRO-0195,ICAR_SYNGENTA_TRIALS,India,Tamil Nadu,Tamil Nadu & Cauvery Delta,Coimbatore,11.0168,76.9558,Groundnut (Peanut),Groundnut (Peanut),Kharif,2022,Syngenta Isabion,Syngenta Isabion,Biostimulant,1,Syngenta Isabion,1.5,0,1,0.51,0.51,7.39,182.4,14.6,204.1,31.3,11.9,0.66,0.54,29.6,6,706.2,1924.0,61.9,9.9,16.9,0.622,11.76,11.76,10.49,11.76,1.27,12.11,1.27,4492.0,IND_FIELD_0390,RCBD - 4 Replications,4,ICAR AICRP & Syngenta Multi-Locational Trials,https://icar.org.in
TR-2021-PU-00391,EXP-2021-PU-WHE-0196,ICAR_SYNGENTA_TRIALS,India,Punjab,Punjab & Haryana (Indo-Gangetic),Ludhiana,30.901,75.8573,Wheat,Wheat,Rabi,2021,Control (Untreated Check),Untreated Check,Untreated Check,0,Untreated,0.0,1,0,0.54,0.54,7.87,140.8,36.1,282.4,29.3,11.6,0.7,0.47,33.4,1,78.2,2171.0,70.9,9.3,15.7,0.618,17.35,17.35,17.35,17.35,0.0,0.0,0.0,0.0,IND_FIELD_0391,RCBD - 4 Replications,4,ICAR AICRP & Syngenta Multi-Locational Trials,https://icar.org.in
TR-2021-PU-00392,EXP-2021-PU-WHE-0196,ICAR_SYNGENTA_TRIALS,India,Punjab,Punjab & Haryana (Indo-Gangetic),Ludhiana,30.901,75.8573,Wheat,Wheat,Rabi,2021,Syngenta Quantis,Syngenta Quantis,Biostimulant,1,Syngenta Quantis,1.5,0,1,0.54,0.54,7.87,140.8,36.1,282.4,29.3,11.6,0.7,0.47,33.4,1,78.2,2171.0,70.9,9.3,15.7,0.618,18.83,18.83,17.35,18.83,1.48,8.53,1.48,5458.0,IND_FIELD_0392,RCBD - 4 Replications,4,ICAR AICRP & Syngenta Multi-Locational Trials,https://icar.org.in
TR-2024-KA-00393,EXP-2024-KA-RIC-0197,ICAR_SYNGENTA_TRIALS,India,Karnataka,Karnataka (Deccan Plateau),Dharwad,15.4589,75.0078,Rice (Paddy),Rice (Paddy),Kharif,2024,Control (Untreated Check),Untreated Check,Untreated Check,0,Untreated,0.0,1,0,0.72,0.72,6.38,236.1,23.2,201.2,25.6,17.7,1.0,0.66,26.7,5,788.4,1735.5,84.0,10.7,22.4,0.666,18.95,18.95,18.95,18.95,0.0,0.0,0.0,0.0,IND_FIELD_0393,RCBD - 4 Replications,4,ICAR AICRP & Syngenta Multi-Locational Trials,https://icar.org.in
TR-2024-KA-00394,EXP-2024-KA-RIC-0197,ICAR_SYNGENTA_TRIALS,India,Karnataka,Karnataka (Deccan Plateau),Dharwad,15.4589,75.0078,Rice (Paddy),Rice (Paddy),Kharif,2024,Syngenta Quantis,Syngenta Quantis,Biostimulant,1,Syngenta Quantis,2.0,0,1,0.72,0.72,6.38,236.1,23.2,201.2,25.6,17.7,1.0,0.66,26.7,5,788.4,1735.5,84.0,10.7,22.4,0.666,21.96,21.96,18.95,21.96,3.01,15.88,3.01,12046.0,IND_FIELD_0394,RCBD - 4 Replications,4,ICAR AICRP & Syngenta Multi-Locational Trials,https://icar.org.in
TR-2023-GU-00395,EXP-2023-GU-MUS-0198,ICAR_SYNGENTA_TRIALS,India,Gujarat,Gujarat & Saurashtra Plain,Rajkot,22.3039,70.8022,Mustard / Rapeseed,Mustard / Rapeseed,Rabi,2023,Control (Untreated Check),Untreated Check,Untreated Check,0,Untreated,0.0,1,0,0.28,0.28,8.03,274.7,8.0,356.7,32.1,9.3,0.62,0.45,25.2,3,139.2,1638.0,74.5,11.1,17.5,0.7,7.11,7.11,7.11,7.11,0.0,0.0,0.0,0.0,IND_FIELD_0395,RCBD - 4 Replications,4,ICAR AICRP & Syngenta Multi-Locational Trials,https://icar.org.in
TR-2023-GU-00396,EXP-2023-GU-MUS-0198,ICAR_SYNGENTA_TRIALS,India,Gujarat,Gujarat & Saurashtra Plain,Rajkot,22.3039,70.8022,Mustard / Rapeseed,Mustard / Rapeseed,Rabi,2023,Syngenta Quantis,Syngenta Quantis,Biostimulant,1,Syngenta Quantis,1.5,0,1,0.28,0.28,8.03,274.7,8.0,356.7,32.1,9.3,0.62,0.45,25.2,3,139.2,1638.0,74.5,11.1,17.5,0.7,8.09,8.09,7.11,8.09,0.98,13.78,0.98,3158.0,IND_FIELD_0396,RCBD - 4 Replications,4,ICAR AICRP & Syngenta Multi-Locational Trials,https://icar.org.in
TR-2024-MA-00397,EXP-2024-MA-MAI-0199,ICAR_SYNGENTA_TRIALS,India,Maharashtra,Maharashtra & Vidarbha (Deccan),Nagpur,21.1458,79.0882,Maize,Maize,Kharif,2024,Control (Untreated Check),Untreated Check,Untreated Check,0,Untreated,0.0,1,0,0.65,0.65,6.8,213.4,16.4,335.0,26.4,15.4,0.49,0.6,26.2,2,442.8,1703.0,88.4,10.3,16.6,0.691,22.99,22.99,22.99,22.99,0.0,0.0,0.0,0.0,IND_FIELD_0397,RCBD - 4 Replications,4,ICAR AICRP & Syngenta Multi-Locational Trials,https://icar.org.in
TR-2024-MA-00398,EXP-2024-MA-MAI-0199,ICAR_SYNGENTA_TRIALS,India,Maharashtra,Maharashtra & Vidarbha (Deccan),Nagpur,21.1458,79.0882,Maize,Maize,Kharif,2024,Syngenta Isabion,Syngenta Isabion,Biostimulant,1,Syngenta Isabion,2.0,0,1,0.65,0.65,6.8,213.4,16.4,335.0,26.4,15.4,0.49,0.6,26.2,2,442.8,1703.0,88.4,10.3,16.6,0.691,24.54,24.54,22.99,24.54,1.55,6.74,1.55,5330.0,IND_FIELD_0398,RCBD - 4 Replications,4,ICAR AICRP & Syngenta Multi-Locational Trials,https://icar.org.in
TR-2021-GU-00399,EXP-2021-GU-TOM-0200,ICAR_SYNGENTA_TRIALS,India,Gujarat,Gujarat & Saurashtra Plain,Rajkot,22.3039,70.8022,Tomato,Tomato,Annual,2021,Control (Untreated Check),Untreated Check,Untreated Check,0,Untreated,0.0,1,0,0.48,0.48,7.66,180.8,12.6,302.7,33.0,16.0,0.95,0.65,29.5,2,96.7,1917.5,71.2,9.0,20.4,0.716,156.68,156.68,156.68,156.68,0.0,0.0,0.0,0.0,IND_FIELD_0399,RCBD - 4 Replications,4,ICAR AICRP & Syngenta Multi-Locational Trials,https://icar.org.in
TR-2021-GU-00400,EXP-2021-GU-TOM-0200,ICAR_SYNGENTA_TRIALS,India,Gujarat,Gujarat & Saurashtra Plain,Rajkot,22.3039,70.8022,Tomato,Tomato,Annual,2021,Syngenta Isabion,Syngenta Isabion,Biostimulant,1,Syngenta Isabion,2.5,0,1,0.48,0.48,7.66,180.8,12.6,302.7,33.0,16.0,0.95,0.65,29.5,2,96.7,1917.5,71.2,9.0,20.4,0.716,181.94,181.94,156.68,181.94,25.26,16.12,25.26,113946.0,IND_FIELD_0400,RCBD - 4 Replications,4,ICAR AICRP & Syngenta Multi-Locational Trials,https://icar.org.in
TR-2024-PU-00401,EXP-2024-PU-WHE-0201,ICAR_SYNGENTA_TRIALS,India,Punjab,Punjab & Haryana (Indo-Gangetic),Ludhiana,30.901,75.8573,Wheat,Wheat,Rabi,2024,Control (Untreated Check),Untreated Check,Untreated Check,0,Untreated,0.0,1,0,0.37,0.37,8.07,217.9,29.7,180.1,44.9,13.6,0.72,0.64,28.3,3,143.2,1839.5,70.3,3.4,17.7,0.759,17.18,17.18,17.18,17.18,0.0,0.0,0.0,0.0,IND_FIELD_0401,RCBD - 4 Replications,4,ICAR AICRP & Syngenta Multi-Locational Trials,https://icar.org.in
TR-2024-PU-00402,EXP-2024-PU-WHE-0201,ICAR_SYNGENTA_TRIALS,India,Punjab,Punjab & Haryana (Indo-Gangetic),Ludhiana,30.901,75.8573,Wheat,Wheat,Rabi,2024,Syngenta Quantis,Syngenta Quantis,Biostimulant,1,Syngenta Quantis,1.5,0,1,0.37,0.37,8.07,217.9,29.7,180.1,44.9,13.6,0.72,0.64,28.3,3,143.2,1839.5,70.3,3.4,17.7,0.759,18.27,18.27,17.18,18.27,1.09,6.34,1.09,3664.0,IND_FIELD_0402,RCBD - 4 Replications,4,ICAR AICRP & Syngenta Multi-Locational Trials,https://icar.org.in
TR-2021-GU-00403,EXP-2021-GU-CHI-0202,ICAR_SYNGENTA_TRIALS,India,Gujarat,Gujarat & Saurashtra Plain,Rajkot,22.3039,70.8022,Chickpea (Gram / Chana),Chickpea (Gram / Chana),Rabi,2021,Control (Untreated Check),Untreated Check,Untreated Check,0,Untreated,0.0,1,0,0.55,0.55,7.77,198.8,21.0,370.6,31.1,17.4,0.69,0.54,31.5,3,202.9,2047.5,71.1,5.1,18.0,0.763,7.56,7.56,7.56,7.56,0.0,0.0,0.0,0.0,IND_FIELD_0403,RCBD - 4 Replications,4,ICAR AICRP & Syngenta Multi-Locational Trials,https://icar.org.in
TR-2021-GU-00404,EXP-2021-GU-CHI-0202,ICAR_SYNGENTA_TRIALS,India,Gujarat,Gujarat & Saurashtra Plain,Rajkot,22.3039,70.8022,Chickpea (Gram / Chana),Chickpea (Gram / Chana),Rabi,2021,Syngenta Isabion,Syngenta Isabion,Biostimulant,1,Syngenta Isabion,1.5,0,1,0.55,0.55,7.77,198.8,21.0,370.6,31.1,17.4,0.69,0.54,31.5,3,202.9,2047.5,71.1,5.1,18.0,0.763,7.5,7.5,7.56,7.5,0.0,0.0,0.0,-1350.0,IND_FIELD_0404,RCBD - 4 Replications,4,ICAR AICRP & Syngenta Multi-Locational Trials,https://icar.org.in
TR-2023-MA-00405,EXP-2023-MA-TOM-0203,ICAR_SYNGENTA_TRIALS,India,Madhya Pradesh,Madhya Pradesh & Central Belt,Bhopal,23.2599,77.4126,Tomato,Tomato,Annual,2023,Control (Untreated Check),Untreated Check,Untreated Check,0,Untreated,0.0,1,0,0.49,0.49,7.2,280.2,23.5,360.7,34.0,10.0,0.58,0.36,30.5,0,224.7,1982.5,82.0,13.9,19.8,0.606,167.98,167.98,167.98,167.98,0.0,0.0,0.0,0.0,IND_FIELD_0405,RCBD - 4 Replications,4,ICAR AICRP & Syngenta Multi-Locational Trials,https://icar.org.in
TR-2023-MA-00406,EXP-2023-MA-TOM-0203,ICAR_SYNGENTA_TRIALS,India,Madhya Pradesh,Madhya Pradesh & Central Belt,Bhopal,23.2599,77.4126,Tomato,Tomato,Annual,2023,Syngenta Isabion,Syngenta Isabion,Biostimulant,1,Syngenta Isabion,2.5,0,1,0.49,0.49,7.2,280.2,23.5,360.7,34.0,10.0,0.58,0.36,30.5,0,224.7,1982.5,82.0,13.9,19.8,0.606,173.22,173.22,167.98,173.22,5.24,3.12,5.24,21854.0,IND_FIELD_0406,RCBD - 4 Replications,4,ICAR AICRP & Syngenta Multi-Locational Trials,https://icar.org.in
TR-2024-MA-00407,EXP-2024-MA-COT-0204,ICAR_SYNGENTA_TRIALS,India,Maharashtra,Maharashtra & Vidarbha (Deccan),Nagpur,21.1458,79.0882,Cotton,Cotton,Kharif,2024,Control (Untreated Check),Untreated Check,Untreated Check,0,Untreated,0.0,1,0,0.45,0.45,7.52,216.9,8.0,347.0,38.9,8.2,1.07,0.47,29.1,5,624.6,1891.5,63.2,9.3,20.1,0.728,10.74,10.74,10.74,10.74,0.0,0.0,0.0,0.0,IND_FIELD_0407,RCBD - 4 Replications,4,ICAR AICRP & Syngenta Multi-Locational Trials,https://icar.org.in
TR-2024-MA-00408,EXP-2024-MA-COT-0204,ICAR_SYNGENTA_TRIALS,India,Maharashtra,Maharashtra & Vidarbha (Deccan),Nagpur,21.1458,79.0882,Cotton,Cotton,Kharif,2024,Syngenta Isabion,Syngenta Isabion,Biostimulant,1,Syngenta Isabion,1.5,0,1,0.45,0.45,7.52,216.9,8.0,347.0,38.9,8.2,1.07,0.47,29.1,5,624.6,1891.5,63.2,9.3,20.1,0.728,11.13,11.13,10.74,11.13,0.39,3.63,0.39,444.0,IND_FIELD_0408,RCBD - 4 Replications,4,ICAR AICRP & Syngenta Multi-Locational Trials,https://icar.org.in
TR-2022-GU-00409,EXP-2022-GU-TOM-0205,ICAR_SYNGENTA_TRIALS,India,Gujarat,Gujarat & Saurashtra Plain,Rajkot,22.3039,70.8022,Tomato,Tomato,Annual,2022,Control (Untreated Check),Untreated Check,Untreated Check,0,Untreated,0.0,1,0,0.5,0.5,7.67,225.8,16.0,375.8,25.3,11.9,0.76,0.65,33.5,5,54.1,2177.5,54.5,5.1,19.5,0.665,143.08,143.08,143.08,143.08,0.0,0.0,0.0,0.0,IND_FIELD_0409,RCBD - 4 Replications,4,ICAR AICRP & Syngenta Multi-Locational Trials,https://icar.org.in
TR-2022-GU-00410,EXP-2022-GU-TOM-0205,ICAR_SYNGENTA_TRIALS,India,Gujarat,Gujarat & Saurashtra Plain,Rajkot,22.3039,70.8022,Tomato,Tomato,Annual,2022,Syngenta Isabion,Syngenta Isabion,Biostimulant,1,Syngenta Isabion,2.5,0,1,0.5,0.5,7.67,225.8,16.0,375.8,25.3,11.9,0.76,0.65,33.5,5,54.1,2177.5,54.5,5.1,19.5,0.665,168.29,168.29,143.08,168.29,25.21,17.62,25.21,113716.0,IND_FIELD_0410,RCBD - 4 Replications,4,ICAR AICRP & Syngenta Multi-Locational Trials,https://icar.org.in
TR-2025-UT-00411,EXP-2025-UT-MUS-0206,ICAR_SYNGENTA_TRIALS,India,Uttar Pradesh,Indo-Gangetic Plain (Central),Varanasi,25.3176,82.9739,Mustard / Rapeseed,Mustard / Rapeseed,Rabi,2025,Control (Untreated Check),Untreated Check,Untreated Check,0,Untreated,0.0,1,0,0.52,0.52,7.96,212.6,19.1,262.3,27.9,10.7,0.81,0.44,27.2,2,184.4,1768.0,81.5,6.0,23.4,0.709,7.31,7.31,7.31,7.31,0.0,0.0,0.0,0.0,IND_FIELD_0411,RCBD - 4 Replications,4,ICAR AICRP & Syngenta Multi-Locational Trials,https://icar.org.in
TR-2025-UT-00412,EXP-2025-UT-MUS-0206,ICAR_SYNGENTA_TRIALS,India,Uttar Pradesh,Indo-Gangetic Plain (Central),Varanasi,25.3176,82.9739,Mustard / Rapeseed,Mustard / Rapeseed,Rabi,2025,Syngenta Quantis,Syngenta Quantis,Biostimulant,1,Syngenta Quantis,1.5,0,1,0.52,0.52,7.96,212.6,19.1,262.3,27.9,10.7,0.81,0.44,27.2,2,184.4,1768.0,81.5,6.0,23.4,0.709,8.64,8.64,7.31,8.64,1.33,18.19,1.33,4768.0,IND_FIELD_0412,RCBD - 4 Replications,4,ICAR AICRP & Syngenta Multi-Locational Trials,https://icar.org.in
TR-2021-GU-00413,EXP-2021-GU-MUS-0207,ICAR_SYNGENTA_TRIALS,India,Gujarat,Gujarat & Saurashtra Plain,Rajkot,22.3039,70.8022,Mustard / Rapeseed,Mustard / Rapeseed,Rabi,2021,Control (Untreated Check),Untreated Check,Untreated Check,0,Untreated,0.0,1,0,0.56,0.56,7.86,237.6,17.3,403.6,40.4,10.2,1.01,0.53,28.9,4,30.0,1878.5,62.0,10.5,20.0,0.673,6.36,6.36,6.36,6.36,0.0,0.0,0.0,0.0,IND_FIELD_0413,RCBD - 4 Replications,4,ICAR AICRP & Syngenta Multi-Locational Trials,https://icar.org.in
TR-2021-GU-00414,EXP-2021-GU-MUS-0207,ICAR_SYNGENTA_TRIALS,India,Gujarat,Gujarat & Saurashtra Plain,Rajkot,22.3039,70.8022,Mustard / Rapeseed,Mustard / Rapeseed,Rabi,2021,Syngenta Quantis,Syngenta Quantis,Biostimulant,1,Syngenta Quantis,1.5,0,1,0.56,0.56,7.86,237.6,17.3,403.6,40.4,10.2,1.01,0.53,28.9,4,30.0,1878.5,62.0,10.5,20.0,0.673,7.33,7.33,6.36,7.33,0.97,15.25,0.97,3112.0,IND_FIELD_0414,RCBD - 4 Replications,4,ICAR AICRP & Syngenta Multi-Locational Trials,https://icar.org.in
TR-2022-KA-00415,EXP-2022-KA-COT-0208,ICAR_SYNGENTA_TRIALS,India,Karnataka,Karnataka (Deccan Plateau),Dharwad,15.4589,75.0078,Cotton,Cotton,Kharif,2022,Control (Untreated Check),Untreated Check,Untreated Check,0,Untreated,0.0,1,0,0.56,0.56,7.21,227.2,18.2,312.1,25.7,13.7,1.01,0.57,33.7,2,596.5,2190.5,62.9,9.0,18.9,0.801,11.47,11.47,11.47,11.47,0.0,0.0,0.0,0.0,IND_FIELD_0415,RCBD - 4 Replications,4,ICAR AICRP & Syngenta Multi-Locational Trials,https://icar.org.in
TR-2022-KA-00416,EXP-2022-KA-COT-0208,ICAR_SYNGENTA_TRIALS,India,Karnataka,Karnataka (Deccan Plateau),Dharwad,15.4589,75.0078,Cotton,Cotton,Kharif,2022,Syngenta Isabion,Syngenta Isabion,Biostimulant,1,Syngenta Isabion,1.5,0,1,0.56,0.56,7.21,227.2,18.2,312.1,25.7,13.7,1.01,0.57,33.7,2,596.5,2190.5,62.9,9.0,18.9,0.801,11.87,11.87,11.47,11.87,0.4,3.49,0.4,490.0,IND_FIELD_0416,RCBD - 4 Replications,4,ICAR AICRP & Syngenta Multi-Locational Trials,https://icar.org.in
TR-2022-MA-00417,EXP-2022-MA-TOM-0209,ICAR_SYNGENTA_TRIALS,India,Maharashtra,Maharashtra & Vidarbha (Deccan),Nagpur,21.1458,79.0882,Tomato,Tomato,Annual,2022,Control (Untreated Check),Untreated Check,Untreated Check,0,Untreated,0.0,1,0,0.46,0.46,7.48,226.6,8.0,361.4,33.9,18.4,1.03,0.47,30.8,2,166.7,2002.0,68.4,13.1,16.7,0.604,150.77,150.77,150.77,150.77,0.0,0.0,0.0,0.0,IND_FIELD_0417,RCBD - 4 Replications,4,ICAR AICRP & Syngenta Multi-Locational Trials,https://icar.org.in
TR-2022-MA-00418,EXP-2022-MA-TOM-0209,ICAR_SYNGENTA_TRIALS,India,Maharashtra,Maharashtra & Vidarbha (Deccan),Nagpur,21.1458,79.0882,Tomato,Tomato,Annual,2022,Syngenta Isabion,Syngenta Isabion,Biostimulant,1,Syngenta Isabion,2.5,0,1,0.46,0.46,7.48,226.6,8.0,361.4,33.9,18.4,1.03,0.47,30.8,2,166.7,2002.0,68.4,13.1,16.7,0.604,152.85,152.85,150.77,152.85,2.08,1.38,2.08,7318.0,IND_FIELD_0418,RCBD - 4 Replications,4,ICAR AICRP & Syngenta Multi-Locational Trials,https://icar.org.in
TR-2024-MA-00419,EXP-2024-MA-WHE-0210,ICAR_SYNGENTA_TRIALS,India,Madhya Pradesh,Madhya Pradesh & Central Belt,Bhopal,23.2599,77.4126,Wheat,Wheat,Rabi,2024,Control (Untreated Check),Untreated Check,Untreated Check,0,Untreated,0.0,1,0,0.61,0.61,7.24,271.8,26.4,300.1,36.1,17.0,0.92,0.53,29.6,2,46.1,1924.0,47.8,7.7,19.5,0.601,16.57,16.57,16.57,16.57,0.0,0.0,0.0,0.0,IND_FIELD_0419,RCBD - 4 Replications,4,ICAR AICRP & Syngenta Multi-Locational Trials,https://icar.org.in
TR-2024-MA-00420,EXP-2024-MA-WHE-0210,ICAR_SYNGENTA_TRIALS,India,Madhya Pradesh,Madhya Pradesh & Central Belt,Bhopal,23.2599,77.4126,Wheat,Wheat,Rabi,2024,Syngenta Quantis,Syngenta Quantis,Biostimulant,1,Syngenta Quantis,1.5,0,1,0.61,0.61,7.24,271.8,26.4,300.1,36.1,17.0,0.92,0.53,29.6,2,46.1,1924.0,47.8,7.7,19.5,0.601,17.46,17.46,16.57,17.46,0.89,5.37,0.89,2744.0,IND_FIELD_0420,RCBD - 4 Replications,4,ICAR AICRP & Syngenta Multi-Locational Trials,https://icar.org.in
TR-2022-GU-00421,EXP-2022-GU-WHE-0211,ICAR_SYNGENTA_TRIALS,India,Gujarat,Gujarat & Saurashtra Plain,Rajkot,22.3039,70.8022,Wheat,Wheat,Rabi,2022,Control (Untreated Check),Untreated Check,Untreated Check,0,Untreated,0.0,1,0,0.48,0.48,8.11,230.6,8.0,385.4,26.7,11.8,0.94,0.51,30.3,4,163.0,1969.5,60.8,13.7,20.0,0.683,15.12,15.12,15.12,15.12,0.0,0.0,0.0,0.0,IND_FIELD_0421,RCBD - 4 Replications,4,ICAR AICRP & Syngenta Multi-Locational Trials,https://icar.org.in
TR-2022-GU-00422,EXP-2022-GU-WHE-0211,ICAR_SYNGENTA_TRIALS,India,Gujarat,Gujarat & Saurashtra Plain,Rajkot,22.3039,70.8022,Wheat,Wheat,Rabi,2022,Syngenta Quantis,Syngenta Quantis,Biostimulant,1,Syngenta Quantis,1.5,0,1,0.48,0.48,8.11,230.6,8.0,385.4,26.7,11.8,0.94,0.51,30.3,4,163.0,1969.5,60.8,13.7,20.0,0.683,17.12,17.12,15.12,17.12,2.0,13.23,2.0,7850.0,IND_FIELD_0422,RCBD - 4 Replications,4,ICAR AICRP & Syngenta Multi-Locational Trials,https://icar.org.in
TR-2025-KA-00423,EXP-2025-KA-MAI-0212,ICAR_SYNGENTA_TRIALS,India,Karnataka,Karnataka (Deccan Plateau),Dharwad,15.4589,75.0078,Maize,Maize,Kharif,2025,Control (Untreated Check),Untreated Check,Untreated Check,0,Untreated,0.0,1,0,0.55,0.55,6.83,316.6,18.7,263.3,36.9,12.6,1.17,0.63,26.3,1,700.4,1709.5,66.6,13.0,20.4,0.678,26.23,26.23,26.23,26.23,0.0,0.0,0.0,0.0,IND_FIELD_0423,RCBD - 4 Replications,4,ICAR AICRP & Syngenta Multi-Locational Trials,https://icar.org.in
TR-2025-KA-00424,EXP-2025-KA-MAI-0212,ICAR_SYNGENTA_TRIALS,India,Karnataka,Karnataka (Deccan Plateau),Dharwad,15.4589,75.0078,Maize,Maize,Kharif,2025,Syngenta Isabion,Syngenta Isabion,Biostimulant,1,Syngenta Isabion,2.0,0,1,0.55,0.55,6.83,316.6,18.7,263.3,36.9,12.6,1.17,0.63,26.3,1,700.4,1709.5,66.6,13.0,20.4,0.678,28.06,28.06,26.23,28.06,1.83,6.98,1.83,6618.0,IND_FIELD_0424,RCBD - 4 Replications,4,ICAR AICRP & Syngenta Multi-Locational Trials,https://icar.org.in
TR-2021-UT-00425,EXP-2021-UT-MUS-0213,ICAR_SYNGENTA_TRIALS,India,Uttar Pradesh,Indo-Gangetic Plain (Central),Varanasi,25.3176,82.9739,Mustard / Rapeseed,Mustard / Rapeseed,Rabi,2021,Control (Untreated Check),Untreated Check,Untreated Check,0,Untreated,0.0,1,0,0.4,0.4,8.54,190.8,28.4,207.1,23.9,14.7,0.93,0.62,20.6,2,215.2,1339.0,51.7,10.8,15.9,0.738,6.4,6.4,6.4,6.4,0.0,0.0,0.0,0.0,IND_FIELD_0425,RCBD - 4 Replications,4,ICAR AICRP & Syngenta Multi-Locational Trials,https://icar.org.in
TR-2021-UT-00426,EXP-2021-UT-MUS-0213,ICAR_SYNGENTA_TRIALS,India,Uttar Pradesh,Indo-Gangetic Plain (Central),Varanasi,25.3176,82.9739,Mustard / Rapeseed,Mustard / Rapeseed,Rabi,2021,Syngenta Quantis,Syngenta Quantis,Biostimulant,1,Syngenta Quantis,1.5,0,1,0.4,0.4,8.54,190.8,28.4,207.1,23.9,14.7,0.93,0.62,20.6,2,215.2,1339.0,51.7,10.8,15.9,0.738,7.32,7.32,6.4,7.32,0.92,14.37,0.92,2882.0,IND_FIELD_0426,RCBD - 4 Replications,4,ICAR AICRP & Syngenta Multi-Locational Trials,https://icar.org.in
TR-2021-TE-00427,EXP-2021-TE-COT-0214,ICAR_SYNGENTA_TRIALS,India,Telangana,Telangana & Andhra (Krishna Basin),Warangal,17.9689,79.5941,Cotton,Cotton,Kharif,2021,Control (Untreated Check),Untreated Check,Untreated Check,0,Untreated,0.0,1,0,0.62,0.62,6.73,197.4,23.5,335.2,27.3,11.4,0.72,0.36,24.7,0,555.3,1605.5,77.5,11.0,18.0,0.666,11.33,11.33,11.33,11.33,0.0,0.0,0.0,0.0,IND_FIELD_0427,RCBD - 4 Replications,4,ICAR AICRP & Syngenta Multi-Locational Trials,https://icar.org.in
TR-2021-TE-00428,EXP-2021-TE-COT-0214,ICAR_SYNGENTA_TRIALS,India,Telangana,Telangana & Andhra (Krishna Basin),Warangal,17.9689,79.5941,Cotton,Cotton,Kharif,2021,Syngenta Isabion,Syngenta Isabion,Biostimulant,1,Syngenta Isabion,1.5,0,1,0.62,0.62,6.73,197.4,23.5,335.2,27.3,11.4,0.72,0.36,24.7,0,555.3,1605.5,77.5,11.0,18.0,0.666,12.68,12.68,11.33,12.68,1.35,11.92,1.35,4860.0,IND_FIELD_0428,RCBD - 4 Replications,4,ICAR AICRP & Syngenta Multi-Locational Trials,https://icar.org.in
TR-2024-GU-00429,EXP-2024-GU-SOY-0215,ICAR_SYNGENTA_TRIALS,India,Gujarat,Gujarat & Saurashtra Plain,Rajkot,22.3039,70.8022,Soybean,Soybean,Kharif,2024,Control (Untreated Check),Untreated Check,Untreated Check,0,Untreated,0.0,1,0,0.36,0.36,7.32,218.3,18.9,383.1,31.1,18.9,0.75,0.66,28.4,5,721.0,1846.0,71.6,9.7,18.4,0.847,10.85,10.85,10.85,10.85,0.0,0.0,0.0,0.0,IND_FIELD_0429,RCBD - 4 Replications,4,ICAR AICRP & Syngenta Multi-Locational Trials,https://icar.org.in
TR-2024-GU-00430,EXP-2024-GU-SOY-0215,ICAR_SYNGENTA_TRIALS,India,Gujarat,Gujarat & Saurashtra Plain,Rajkot,22.3039,70.8022,Soybean,Soybean,Kharif,2024,Syngenta Quantis,Syngenta Quantis,Biostimulant,1,Syngenta Quantis,2.0,0,1,0.36,0.36,7.32,218.3,18.9,383.1,31.1,18.9,0.75,0.66,28.4,5,721.0,1846.0,71.6,9.7,18.4,0.847,12.49,12.49,10.85,12.49,1.64,15.12,1.64,5744.0,IND_FIELD_0430,RCBD - 4 Replications,4,ICAR AICRP & Syngenta Multi-Locational Trials,https://icar.org.in
TR-2024-GU-00431,EXP-2024-GU-MUS-0216,ICAR_SYNGENTA_TRIALS,India,Gujarat,Gujarat & Saurashtra Plain,Rajkot,22.3039,70.8022,Mustard / Rapeseed,Mustard / Rapeseed,Rabi,2024,Control (Untreated Check),Untreated Check,Untreated Check,0,Untreated,0.0,1,0,0.47,0.47,7.91,184.4,15.6,233.2,33.5,12.3,1.17,0.55,24.9,4,145.0,1618.5,68.2,11.1,19.0,0.634,6.75,6.75,6.75,6.75,0.0,0.0,0.0,0.0,IND_FIELD_0431,RCBD - 4 Replications,4,ICAR AICRP & Syngenta Multi-Locational Trials,https://icar.org.in
TR-2024-GU-00432,EXP-2024-GU-MUS-0216,ICAR_SYNGENTA_TRIALS,India,Gujarat,Gujarat & Saurashtra Plain,Rajkot,22.3039,70.8022,Mustard / Rapeseed,Mustard / Rapeseed,Rabi,2024,Syngenta Quantis,Syngenta Quantis,Biostimulant,1,Syngenta Quantis,1.5,0,1,0.47,0.47,7.91,184.4,15.6,233.2,33.5,12.3,1.17,0.55,24.9,4,145.0,1618.5,68.2,11.1,19.0,0.634,7.34,7.34,6.75,7.34,0.59,8.74,0.59,1364.0,IND_FIELD_0432,RCBD - 4 Replications,4,ICAR AICRP & Syngenta Multi-Locational Trials,https://icar.org.in
TR-2025-TE-00433,EXP-2025-TE-WHE-0217,ICAR_SYNGENTA_TRIALS,India,Telangana,Telangana & Andhra (Krishna Basin),Warangal,17.9689,79.5941,Wheat,Wheat,Rabi,2025,Control (Untreated Check),Untreated Check,Untreated Check,0,Untreated,0.0,1,0,0.25,0.25,7.25,205.6,20.9,370.0,46.2,13.4,0.68,0.62,27.4,2,30.0,1781.0,80.8,7.6,20.3,0.591,15.81,15.81,15.81,15.81,0.0,0.0,0.0,0.0,IND_FIELD_0433,RCBD - 4 Replications,4,ICAR AICRP & Syngenta Multi-Locational Trials,https://icar.org.in
TR-2025-TE-00434,EXP-2025-TE-WHE-0217,ICAR_SYNGENTA_TRIALS,India,Telangana,Telangana & Andhra (Krishna Basin),Warangal,17.9689,79.5941,Wheat,Wheat,Rabi,2025,Syngenta Quantis,Syngenta Quantis,Biostimulant,1,Syngenta Quantis,1.5,0,1,0.25,0.25,7.25,205.6,20.9,370.0,46.2,13.4,0.68,0.62,27.4,2,30.0,1781.0,80.8,7.6,20.3,0.591,17.92,17.92,15.81,17.92,2.11,13.35,2.11,8356.0,IND_FIELD_0434,RCBD - 4 Replications,4,ICAR AICRP & Syngenta Multi-Locational Trials,https://icar.org.in
TR-2025-MA-00435,EXP-2025-MA-SOY-0218,ICAR_SYNGENTA_TRIALS,India,Madhya Pradesh,Madhya Pradesh & Central Belt,Bhopal,23.2599,77.4126,Soybean,Soybean,Kharif,2025,Control (Untreated Check),Untreated Check,Untreated Check,0,Untreated,0.0,1,0,0.58,0.58,7.0,248.7,16.1,299.9,39.2,16.8,0.85,0.43,30.4,4,681.9,1976.0,80.1,9.4,17.7,0.762,10.32,10.32,10.32,10.32,0.0,0.0,0.0,0.0,IND_FIELD_0435,RCBD - 4 Replications,4,ICAR AICRP & Syngenta Multi-Locational Trials,https://icar.org.in
TR-2025-MA-00436,EXP-2025-MA-SOY-0218,ICAR_SYNGENTA_TRIALS,India,Madhya Pradesh,Madhya Pradesh & Central Belt,Bhopal,23.2599,77.4126,Soybean,Soybean,Kharif,2025,Syngenta Quantis,Syngenta Quantis,Biostimulant,1,Syngenta Quantis,2.0,0,1,0.58,0.58,7.0,248.7,16.1,299.9,39.2,16.8,0.85,0.43,30.4,4,681.9,1976.0,80.1,9.4,17.7,0.762,10.23,10.23,10.32,10.23,0.0,0.0,0.0,-1800.0,IND_FIELD_0436,RCBD - 4 Replications,4,ICAR AICRP & Syngenta Multi-Locational Trials,https://icar.org.in
TR-2022-PU-00437,EXP-2022-PU-SOY-0219,ICAR_SYNGENTA_TRIALS,India,Punjab,Punjab & Haryana (Indo-Gangetic),Ludhiana,30.901,75.8573,Soybean,Soybean,Kharif,2022,Control (Untreated Check),Untreated Check,Untreated Check,0,Untreated,0.0,1,0,0.41,0.41,8.68,154.3,30.5,159.6,28.4,7.4,0.77,0.54,28.1,5,594.0,1826.5,59.9,13.9,17.9,0.726,9.0,9.0,9.0,9.0,0.0,0.0,0.0,0.0,IND_FIELD_0437,RCBD - 4 Replications,4,ICAR AICRP & Syngenta Multi-Locational Trials,https://icar.org.in
TR-2022-PU-00438,EXP-2022-PU-SOY-0219,ICAR_SYNGENTA_TRIALS,India,Punjab,Punjab & Haryana (Indo-Gangetic),Ludhiana,30.901,75.8573,Soybean,Soybean,Kharif,2022,Syngenta Quantis,Syngenta Quantis,Biostimulant,1,Syngenta Quantis,2.0,0,1,0.41,0.41,8.68,154.3,30.5,159.6,28.4,7.4,0.77,0.54,28.1,5,594.0,1826.5,59.9,13.9,17.9,0.726,10.0,10.0,9.0,10.0,1.0,11.11,1.0,2800.0,IND_FIELD_0438,RCBD - 4 Replications,4,ICAR AICRP & Syngenta Multi-Locational Trials,https://icar.org.in
TR-2022-TA-00439,EXP-2022-TA-GRO-0220,ICAR_SYNGENTA_TRIALS,India,Tamil Nadu,Tamil Nadu & Cauvery Delta,Coimbatore,11.0168,76.9558,Groundnut (Peanut),Groundnut (Peanut),Kharif,2022,Control (Untreated Check),Untreated Check,Untreated Check,0,Untreated,0.0,1,0,0.49,0.49,7.04,240.5,18.2,301.6,29.6,17.0,0.66,0.69,28.4,1,547.1,1846.0,74.8,8.9,14.2,0.703,11.23,11.23,11.23,11.23,0.0,0.0,0.0,0.0,IND_FIELD_0439,RCBD - 4 Replications,4,ICAR AICRP & Syngenta Multi-Locational Trials,https://icar.org.in
TR-2022-TA-00440,EXP-2022-TA-GRO-0220,ICAR_SYNGENTA_TRIALS,India,Tamil Nadu,Tamil Nadu & Cauvery Delta,Coimbatore,11.0168,76.9558,Groundnut (Peanut),Groundnut (Peanut),Kharif,2022,Syngenta Isabion,Syngenta Isabion,Biostimulant,1,Syngenta Isabion,1.5,0,1,0.49,0.49,7.04,240.5,18.2,301.6,29.6,17.0,0.66,0.69,28.4,1,547.1,1846.0,74.8,8.9,14.2,0.703,12.62,12.62,11.23,12.62,1.39,12.38,1.39,5044.0,IND_FIELD_0440,RCBD - 4 Replications,4,ICAR AICRP & Syngenta Multi-Locational Trials,https://icar.org.in
TR-2024-TE-00441,EXP-2024-TE-CHI-0221,ICAR_SYNGENTA_TRIALS,India,Telangana,Telangana & Andhra (Krishna Basin),Warangal,17.9689,79.5941,Chickpea (Gram / Chana),Chickpea (Gram / Chana),Rabi,2024,Control (Untreated Check),Untreated Check,Untreated Check,0,Untreated,0.0,1,0,0.37,0.37,7.25,215.9,14.7,294.5,32.7,19.3,0.99,0.58,25.7,4,301.0,1670.5,81.2,7.7,19.3,0.688,7.72,7.72,7.72,7.72,0.0,0.0,0.0,0.0,IND_FIELD_0441,RCBD - 4 Replications,4,ICAR AICRP & Syngenta Multi-Locational Trials,https://icar.org.in
TR-2024-TE-00442,EXP-2024-TE-CHI-0221,ICAR_SYNGENTA_TRIALS,India,Telangana,Telangana & Andhra (Krishna Basin),Warangal,17.9689,79.5941,Chickpea (Gram / Chana),Chickpea (Gram / Chana),Rabi,2024,Syngenta Isabion,Syngenta Isabion,Biostimulant,1,Syngenta Isabion,1.5,0,1,0.37,0.37,7.25,215.9,14.7,294.5,32.7,19.3,0.99,0.58,25.7,4,301.0,1670.5,81.2,7.7,19.3,0.688,8.86,8.86,7.72,8.86,1.14,14.77,1.14,3894.0,IND_FIELD_0442,RCBD - 4 Replications,4,ICAR AICRP & Syngenta Multi-Locational Trials,https://icar.org.in
TR-2021-GU-00443,EXP-2021-GU-CHI-0222,ICAR_SYNGENTA_TRIALS,India,Gujarat,Gujarat & Saurashtra Plain,Rajkot,22.3039,70.8022,Chickpea (Gram / Chana),Chickpea (Gram / Chana),Rabi,2021,Control (Untreated Check),Untreated Check,Untreated Check,0,Untreated,0.0,1,0,0.46,0.46,7.76,202.7,15.6,345.1,25.2,15.8,0.86,0.76,25.4,5,212.5,1651.0,73.5,10.4,18.3,0.631,6.94,6.94,6.94,6.94,0.0,0.0,0.0,0.0,IND_FIELD_0443,RCBD - 4 Replications,4,ICAR AICRP & Syngenta Multi-Locational Trials,https://icar.org.in
TR-2021-GU-00444,EXP-2021-GU-CHI-0222,ICAR_SYNGENTA_TRIALS,India,Gujarat,Gujarat & Saurashtra Plain,Rajkot,22.3039,70.8022,Chickpea (Gram / Chana),Chickpea (Gram / Chana),Rabi,2021,Syngenta Isabion,Syngenta Isabion,Biostimulant,1,Syngenta Isabion,1.5,0,1,0.46,0.46,7.76,202.7,15.6,345.1,25.2,15.8,0.86,0.76,25.4,5,212.5,1651.0,73.5,10.4,18.3,0.631,7.29,7.29,6.94,7.29,0.35,5.04,0.35,260.0,IND_FIELD_0444,RCBD - 4 Replications,4,ICAR AICRP & Syngenta Multi-Locational Trials,https://icar.org.in
TR-2022-MA-00445,EXP-2022-MA-MAI-0223,ICAR_SYNGENTA_TRIALS,India,Madhya Pradesh,Madhya Pradesh & Central Belt,Bhopal,23.2599,77.4126,Maize,Maize,Kharif,2022,Control (Untreated Check),Untreated Check,Untreated Check,0,Untreated,0.0,1,0,0.36,0.36,7.27,203.3,20.0,317.4,38.9,18.3,0.67,0.49,40.7,2,657.8,2645.5,64.3,9.6,20.9,0.741,23.17,23.17,23.17,23.17,0.0,0.0,0.0,0.0,IND_FIELD_0445,RCBD - 4 Replications,4,ICAR AICRP & Syngenta Multi-Locational Trials,https://icar.org.in
TR-2022-MA-00446,EXP-2022-MA-MAI-0223,ICAR_SYNGENTA_TRIALS,India,Madhya Pradesh,Madhya Pradesh & Central Belt,Bhopal,23.2599,77.4126,Maize,Maize,Kharif,2022,Syngenta Isabion,Syngenta Isabion,Biostimulant,1,Syngenta Isabion,2.0,0,1,0.36,0.36,7.27,203.3,20.0,317.4,38.9,18.3,0.67,0.49,40.7,2,657.8,2645.5,64.3,9.6,20.9,0.741,24.83,24.83,23.17,24.83,1.66,7.16,1.66,5836.0,IND_FIELD_0446,RCBD - 4 Replications,4,ICAR AICRP & Syngenta Multi-Locational Trials,https://icar.org.in
TR-2021-TE-00447,EXP-2021-TE-COT-0224,ICAR_SYNGENTA_TRIALS,India,Telangana,Telangana & Andhra (Krishna Basin),Warangal,17.9689,79.5941,Cotton,Cotton,Kharif,2021,Control (Untreated Check),Untreated Check,Untreated Check,0,Untreated,0.0,1,0,0.59,0.59,6.77,224.7,10.6,245.2,36.7,16.1,0.77,0.43,25.4,3,642.7,1651.0,70.7,7.2,17.2,0.773,11.49,11.49,11.49,11.49,0.0,0.0,0.0,0.0,IND_FIELD_0447,RCBD - 4 Replications,4,ICAR AICRP & Syngenta Multi-Locational Trials,https://icar.org.in
TR-2021-TE-00448,EXP-2021-TE-COT-0224,ICAR_SYNGENTA_TRIALS,India,Telangana,Telangana & Andhra (Krishna Basin),Warangal,17.9689,79.5941,Cotton,Cotton,Kharif,2021,Syngenta Isabion,Syngenta Isabion,Biostimulant,1,Syngenta Isabion,1.5,0,1,0.59,0.59,6.77,224.7,10.6,245.2,36.7,16.1,0.77,0.43,25.4,3,642.7,1651.0,70.7,7.2,17.2,0.773,12.59,12.59,11.49,12.59,1.1,9.57,1.1,3710.0,IND_FIELD_0448,RCBD - 4 Replications,4,ICAR AICRP & Syngenta Multi-Locational Trials,https://icar.org.in
TR-2022-TE-00449,EXP-2022-TE-WHE-0225,ICAR_SYNGENTA_TRIALS,India,Telangana,Telangana & Andhra (Krishna Basin),Warangal,17.9689,79.5941,Wheat,Wheat,Rabi,2022,Control (Untreated Check),Untreated Check,Untreated Check,0,Untreated,0.0,1,0,0.62,0.62,7.05,272.3,25.5,356.5,34.1,16.1,1.13,0.6,27.0,3,259.7,1755.0,46.1,13.8,21.3,0.648,18.08,18.08,18.08,18.08,0.0,0.0,0.0,0.0,IND_FIELD_0449,RCBD - 4 Replications,4,ICAR AICRP & Syngenta Multi-Locational Trials,https://icar.org.in
TR-2022-TE-00450,EXP-2022-TE-WHE-0225,ICAR_SYNGENTA_TRIALS,India,Telangana,Telangana & Andhra (Krishna Basin),Warangal,17.9689,79.5941,Wheat,Wheat,Rabi,2022,Syngenta Quantis,Syngenta Quantis,Biostimulant,1,Syngenta Quantis,1.5,0,1,0.62,0.62,7.05,272.3,25.5,356.5,34.1,16.1,1.13,0.6,27.0,3,259.7,1755.0,46.1,13.8,21.3,0.648,20.11,20.11,18.08,20.11,2.03,11.23,2.03,7988.0,IND_FIELD_0450,RCBD - 4 Replications,4,ICAR AICRP & Syngenta Multi-Locational Trials,https://icar.org.in
TR-2021-KA-00451,EXP-2021-KA-GRO-0226,ICAR_SYNGENTA_TRIALS,India,Karnataka,Karnataka (Deccan Plateau),Dharwad,15.4589,75.0078,Groundnut (Peanut),Groundnut (Peanut),Kharif,2021,Control (Untreated Check),Untreated Check,Untreated Check,0,Untreated,0.0,1,0,0.7,0.7,7.19,201.0,26.9,261.8,32.6,11.5,1.2,0.67,26.3,3,546.5,1709.5,75.9,12.2,19.3,0.583,10.61,10.61,10.61,10.61,0.0,0.0,0.0,0.0,IND_FIELD_0451,RCBD - 4 Replications,4,ICAR AICRP & Syngenta Multi-Locational Trials,https://icar.org.in
TR-2021-KA-00452,EXP-2021-KA-GRO-0226,ICAR_SYNGENTA_TRIALS,India,Karnataka,Karnataka (Deccan Plateau),Dharwad,15.4589,75.0078,Groundnut (Peanut),Groundnut (Peanut),Kharif,2021,Syngenta Isabion,Syngenta Isabion,Biostimulant,1,Syngenta Isabion,1.5,0,1,0.7,0.7,7.19,201.0,26.9,261.8,32.6,11.5,1.2,0.67,26.3,3,546.5,1709.5,75.9,12.2,19.3,0.583,12.14,12.14,10.61,12.14,1.53,14.42,1.53,5688.0,IND_FIELD_0452,RCBD - 4 Replications,4,ICAR AICRP & Syngenta Multi-Locational Trials,https://icar.org.in
TR-2023-MA-00453,EXP-2023-MA-TUR-0227,ICAR_SYNGENTA_TRIALS,India,Madhya Pradesh,Madhya Pradesh & Central Belt,Bhopal,23.2599,77.4126,Tur / Pigeon Pea (Arhar),Tur / Pigeon Pea (Arhar),Kharif,2023,Control (Untreated Check),Untreated Check,Untreated Check,0,Untreated,0.0,1,0,0.51,0.51,6.99,235.7,23.5,283.8,30.4,10.7,1.07,0.51,32.9,3,532.8,2138.5,54.3,13.4,18.8,0.707,6.51,6.51,6.51,6.51,0.0,0.0,0.0,0.0,IND_FIELD_0453,RCBD - 4 Replications,4,ICAR AICRP & Syngenta Multi-Locational Trials,https://icar.org.in
TR-2023-MA-00454,EXP-2023-MA-TUR-0227,ICAR_SYNGENTA_TRIALS,India,Madhya Pradesh,Madhya Pradesh & Central Belt,Bhopal,23.2599,77.4126,Tur / Pigeon Pea (Arhar),Tur / Pigeon Pea (Arhar),Kharif,2023,Syngenta Quantis,Syngenta Quantis,Biostimulant,1,Syngenta Quantis,2.0,0,1,0.51,0.51,6.99,235.7,23.5,283.8,30.4,10.7,1.07,0.51,32.9,3,532.8,2138.5,54.3,13.4,18.8,0.707,6.61,6.61,6.51,6.61,0.1,1.54,0.1,-1340.0,IND_FIELD_0454,RCBD - 4 Replications,4,ICAR AICRP & Syngenta Multi-Locational Trials,https://icar.org.in
TR-2025-MA-00455,EXP-2025-MA-TUR-0228,ICAR_SYNGENTA_TRIALS,India,Maharashtra,Maharashtra & Vidarbha (Deccan),Nagpur,21.1458,79.0882,Tur / Pigeon Pea (Arhar),Tur / Pigeon Pea (Arhar),Kharif,2025,Control (Untreated Check),Untreated Check,Untreated Check,0,Untreated,0.0,1,0,0.57,0.57,8.03,267.3,16.9,342.8,33.3,22.4,0.43,0.63,28.2,1,736.7,1833.0,75.1,18.2,20.5,0.621,7.73,7.73,7.73,7.73,0.0,0.0,0.0,0.0,IND_FIELD_0455,RCBD - 4 Replications,4,ICAR AICRP & Syngenta Multi-Locational Trials,https://icar.org.in
TR-2025-MA-00456,EXP-2025-MA-TUR-0228,ICAR_SYNGENTA_TRIALS,India,Maharashtra,Maharashtra & Vidarbha (Deccan),Nagpur,21.1458,79.0882,Tur / Pigeon Pea (Arhar),Tur / Pigeon Pea (Arhar),Kharif,2025,Syngenta Quantis,Syngenta Quantis,Biostimulant,1,Syngenta Quantis,2.0,0,1,0.57,0.57,8.03,267.3,16.9,342.8,33.3,22.4,0.43,0.63,28.2,1,736.7,1833.0,75.1,18.2,20.5,0.621,8.01,8.01,7.73,8.01,0.28,3.62,0.28,-512.0,IND_FIELD_0456,RCBD - 4 Replications,4,ICAR AICRP & Syngenta Multi-Locational Trials,https://icar.org.in
TR-2022-GU-00457,EXP-2022-GU-RIC-0229,ICAR_SYNGENTA_TRIALS,India,Gujarat,Gujarat & Saurashtra Plain,Rajkot,22.3039,70.8022,Rice (Paddy),Rice (Paddy),Kharif,2022,Control (Untreated Check),Untreated Check,Untreated Check,0,Untreated,0.0,1,0,0.53,0.53,7.39,231.7,18.4,330.6,31.0,19.6,1.0,0.55,27.8,4,746.7,1807.0,67.4,8.2,19.0,0.568,21.34,21.34,21.34,21.34,0.0,0.0,0.0,0.0,IND_FIELD_0457,RCBD - 4 Replications,4,ICAR AICRP & Syngenta Multi-Locational Trials,https://icar.org.in
TR-2022-GU-00458,EXP-2022-GU-RIC-0229,ICAR_SYNGENTA_TRIALS,India,Gujarat,Gujarat & Saurashtra Plain,Rajkot,22.3039,70.8022,Rice (Paddy),Rice (Paddy),Kharif,2022,Syngenta Quantis,Syngenta Quantis,Biostimulant,1,Syngenta Quantis,2.0,0,1,0.53,0.53,7.39,231.7,18.4,330.6,31.0,19.6,1.0,0.55,27.8,4,746.7,1807.0,67.4,8.2,19.0,0.568,21.12,21.12,21.34,21.12,0.0,0.0,0.0,-1800.0,IND_FIELD_0458,RCBD - 4 Replications,4,ICAR AICRP & Syngenta Multi-Locational Trials,https://icar.org.in
TR-2023-TE-00459,EXP-2023-TE-SUG-0230,ICAR_SYNGENTA_TRIALS,India,Telangana,Telangana & Andhra (Krishna Basin),Warangal,17.9689,79.5941,Sugarcane,Sugarcane,Annual,2023,Control (Untreated Check),Untreated Check,Untreated Check,0,Untreated,0.0,1,0,0.34,0.34,7.21,180.8,21.5,329.5,35.6,13.3,0.9,0.66,27.1,2,153.0,1761.5,84.2,10.6,19.7,0.562,306.69,306.69,306.69,306.69,0.0,0.0,0.0,0.0,IND_FIELD_0459,RCBD - 4 Replications,4,ICAR AICRP & Syngenta Multi-Locational Trials,https://icar.org.in
TR-2023-TE-00460,EXP-2023-TE-SUG-0230,ICAR_SYNGENTA_TRIALS,India,Telangana,Telangana & Andhra (Krishna Basin),Warangal,17.9689,79.5941,Sugarcane,Sugarcane,Annual,2023,Syngenta CropBio+,Syngenta CropBio+,Biostimulant,1,Syngenta CropBio+,3.0,0,1,0.34,0.34,7.21,180.8,21.5,329.5,35.6,13.3,0.9,0.66,27.1,2,153.0,1761.5,84.2,10.6,19.7,0.562,325.77,325.77,306.69,325.77,19.08,6.22,19.08,85068.0,IND_FIELD_0460,RCBD - 4 Replications,4,ICAR AICRP & Syngenta Multi-Locational Trials,https://icar.org.in
TR-2024-MA-00461,EXP-2024-MA-ONI-0231,ICAR_SYNGENTA_TRIALS,India,Maharashtra,Maharashtra & Vidarbha (Deccan),Nagpur,21.1458,79.0882,Onion,Onion,Rabi,2024,Control (Untreated Check),Untreated Check,Untreated Check,0,Untreated,0.0,1,0,0.27,0.27,7.79,249.3,17.1,369.2,34.5,15.2,0.8,0.4,25.1,3,119.5,1631.5,78.5,8.6,15.1,0.732,116.16,116.16,116.16,116.16,0.0,0.0,0.0,0.0,IND_FIELD_0461,RCBD - 4 Replications,4,ICAR AICRP & Syngenta Multi-Locational Trials,https://icar.org.in
TR-2024-MA-00462,EXP-2024-MA-ONI-0231,ICAR_SYNGENTA_TRIALS,India,Maharashtra,Maharashtra & Vidarbha (Deccan),Nagpur,21.1458,79.0882,Onion,Onion,Rabi,2024,Syngenta Quantis,Syngenta Quantis,Biostimulant,1,Syngenta Quantis,2.0,0,1,0.27,0.27,7.79,249.3,17.1,369.2,34.5,15.2,0.8,0.4,25.1,3,119.5,1631.5,78.5,8.6,15.1,0.732,129.36,129.36,116.16,129.36,13.2,11.36,13.2,58920.0,IND_FIELD_0462,RCBD - 4 Replications,4,ICAR AICRP & Syngenta Multi-Locational Trials,https://icar.org.in
TR-2023-TE-00463,EXP-2023-TE-TOM-0232,ICAR_SYNGENTA_TRIALS,India,Telangana,Telangana & Andhra (Krishna Basin),Warangal,17.9689,79.5941,Tomato,Tomato,Annual,2023,Control (Untreated Check),Untreated Check,Untreated Check,0,Untreated,0.0,1,0,0.67,0.67,6.73,217.3,22.0,227.8,33.4,14.4,0.86,0.67,29.5,1,297.8,1917.5,68.8,6.5,20.9,0.843,162.47,162.47,162.47,162.47,0.0,0.0,0.0,0.0,IND_FIELD_0463,RCBD - 4 Replications,4,ICAR AICRP & Syngenta Multi-Locational Trials,https://icar.org.in
TR-2023-TE-00464,EXP-2023-TE-TOM-0232,ICAR_SYNGENTA_TRIALS,India,Telangana,Telangana & Andhra (Krishna Basin),Warangal,17.9689,79.5941,Tomato,Tomato,Annual,2023,Syngenta Isabion,Syngenta Isabion,Biostimulant,1,Syngenta Isabion,2.5,0,1,0.67,0.67,6.73,217.3,22.0,227.8,33.4,14.4,0.86,0.67,29.5,1,297.8,1917.5,68.8,6.5,20.9,0.843,179.91,179.91,162.47,179.91,17.44,10.73,17.44,77974.0,IND_FIELD_0464,RCBD - 4 Replications,4,ICAR AICRP & Syngenta Multi-Locational Trials,https://icar.org.in
TR-2024-KA-00465,EXP-2024-KA-ONI-0233,ICAR_SYNGENTA_TRIALS,India,Karnataka,Karnataka (Deccan Plateau),Dharwad,15.4589,75.0078,Onion,Onion,Rabi,2024,Control (Untreated Check),Untreated Check,Untreated Check,0,Untreated,0.0,1,0,0.58,0.58,6.59,227.6,24.7,232.9,37.3,16.5,0.92,0.55,30.5,6,290.5,1982.5,65.6,15.2,20.1,0.726,128.2,128.2,128.2,128.2,0.0,0.0,0.0,0.0,IND_FIELD_0465,RCBD - 4 Replications,4,ICAR AICRP & Syngenta Multi-Locational Trials,https://icar.org.in
TR-2024-KA-00466,EXP-2024-KA-ONI-0233,ICAR_SYNGENTA_TRIALS,India,Karnataka,Karnataka (Deccan Plateau),Dharwad,15.4589,75.0078,Onion,Onion,Rabi,2024,Syngenta Quantis,Syngenta Quantis,Biostimulant,1,Syngenta Quantis,2.0,0,1,0.58,0.58,6.59,227.6,24.7,232.9,37.3,16.5,0.92,0.55,30.5,6,290.5,1982.5,65.6,15.2,20.1,0.726,157.73,157.73,128.2,157.73,29.53,23.03,29.53,134038.0,IND_FIELD_0466,RCBD - 4 Replications,4,ICAR AICRP & Syngenta Multi-Locational Trials,https://icar.org.in
TR-2024-PU-00467,EXP-2024-PU-CHI-0234,ICAR_SYNGENTA_TRIALS,India,Punjab,Punjab & Haryana (Indo-Gangetic),Ludhiana,30.901,75.8573,Chickpea (Gram / Chana),Chickpea (Gram / Chana),Rabi,2024,Control (Untreated Check),Untreated Check,Untreated Check,0,Untreated,0.0,1,0,0.45,0.45,7.64,120.0,31.7,124.9,29.8,15.1,0.79,0.53,25.5,4,228.8,1657.5,73.5,9.6,19.0,0.683,6.17,6.17,6.17,6.17,0.0,0.0,0.0,0.0,IND_FIELD_0467,RCBD - 4 Replications,4,ICAR AICRP & Syngenta Multi-Locational Trials,https://icar.org.in
TR-2024-PU-00468,EXP-2024-PU-CHI-0234,ICAR_SYNGENTA_TRIALS,India,Punjab,Punjab & Haryana (Indo-Gangetic),Ludhiana,30.901,75.8573,Chickpea (Gram / Chana),Chickpea (Gram / Chana),Rabi,2024,Syngenta Isabion,Syngenta Isabion,Biostimulant,1,Syngenta Isabion,1.5,0,1,0.45,0.45,7.64,120.0,31.7,124.9,29.8,15.1,0.79,0.53,25.5,4,228.8,1657.5,73.5,9.6,19.0,0.683,7.37,7.37,6.17,7.37,1.2,19.45,1.2,4170.0,IND_FIELD_0468,RCBD - 4 Replications,4,ICAR AICRP & Syngenta Multi-Locational Trials,https://icar.org.in
TR-2022-MA-00469,EXP-2022-MA-SUG-0235,ICAR_SYNGENTA_TRIALS,India,Maharashtra,Maharashtra & Vidarbha (Deccan),Nagpur,21.1458,79.0882,Sugarcane,Sugarcane,Annual,2022,Control (Untreated Check),Untreated Check,Untreated Check,0,Untreated,0.0,1,0,0.54,0.54,7.71,222.4,16.6,354.6,39.0,11.2,0.98,0.75,29.3,7,245.2,1904.5,64.3,8.3,17.8,0.603,285.48,285.48,285.48,285.48,0.0,0.0,0.0,0.0,IND_FIELD_0469,RCBD - 4 Replications,4,ICAR AICRP & Syngenta Multi-Locational Trials,https://icar.org.in
TR-2022-MA-00470,EXP-2022-MA-SUG-0235,ICAR_SYNGENTA_TRIALS,India,Maharashtra,Maharashtra & Vidarbha (Deccan),Nagpur,21.1458,79.0882,Sugarcane,Sugarcane,Annual,2022,Syngenta CropBio+,Syngenta CropBio+,Biostimulant,1,Syngenta CropBio+,3.0,0,1,0.54,0.54,7.71,222.4,16.6,354.6,39.0,11.2,0.98,0.75,29.3,7,245.2,1904.5,64.3,8.3,17.8,0.603,323.67,323.67,285.48,323.67,38.19,13.38,38.19,172974.0,IND_FIELD_0470,RCBD - 4 Replications,4,ICAR AICRP & Syngenta Multi-Locational Trials,https://icar.org.in
TR-2024-PU-00471,EXP-2024-PU-COT-0236,ICAR_SYNGENTA_TRIALS,India,Punjab,Punjab & Haryana (Indo-Gangetic),Ludhiana,30.901,75.8573,Cotton,Cotton,Kharif,2024,Control (Untreated Check),Untreated Check,Untreated Check,0,Untreated,0.0,1,0,0.42,0.42,8.12,196.0,33.2,111.3,24.0,16.7,1.02,0.65,28.0,2,480.5,1820.0,72.4,4.6,19.1,0.747,9.22,9.22,9.22,9.22,0.0,0.0,0.0,0.0,IND_FIELD_0471,RCBD - 4 Replications,4,ICAR AICRP & Syngenta Multi-Locational Trials,https://icar.org.in
TR-2024-PU-00472,EXP-2024-PU-COT-0236,ICAR_SYNGENTA_TRIALS,India,Punjab,Punjab & Haryana (Indo-Gangetic),Ludhiana,30.901,75.8573,Cotton,Cotton,Kharif,2024,Syngenta Isabion,Syngenta Isabion,Biostimulant,1,Syngenta Isabion,1.5,0,1,0.42,0.42,8.12,196.0,33.2,111.3,24.0,16.7,1.02,0.65,28.0,2,480.5,1820.0,72.4,4.6,19.1,0.747,10.99,10.99,9.22,10.99,1.77,19.2,1.77,6792.0,IND_FIELD_0472,RCBD - 4 Replications,4,ICAR AICRP & Syngenta Multi-Locational Trials,https://icar.org.in
TR-2022-GU-00473,EXP-2022-GU-GRO-0237,ICAR_SYNGENTA_TRIALS,India,Gujarat,Gujarat & Saurashtra Plain,Rajkot,22.3039,70.8022,Groundnut (Peanut),Groundnut (Peanut),Kharif,2022,Control (Untreated Check),Untreated Check,Untreated Check,0,Untreated,0.0,1,0,0.45,0.45,7.93,150.1,22.3,373.0,43.3,9.6,0.81,0.58,28.7,3,892.2,1865.5,68.4,2.5,18.7,0.768,9.72,9.72,9.72,9.72,0.0,0.0,0.0,0.0,IND_FIELD_0473,RCBD - 4 Replications,4,ICAR AICRP & Syngenta Multi-Locational Trials,https://icar.org.in
TR-2022-GU-00474,EXP-2022-GU-GRO-0237,ICAR_SYNGENTA_TRIALS,India,Gujarat,Gujarat & Saurashtra Plain,Rajkot,22.3039,70.8022,Groundnut (Peanut),Groundnut (Peanut),Kharif,2022,Syngenta Isabion,Syngenta Isabion,Biostimulant,1,Syngenta Isabion,1.5,0,1,0.45,0.45,7.93,150.1,22.3,373.0,43.3,9.6,0.81,0.58,28.7,3,892.2,1865.5,68.4,2.5,18.7,0.768,10.0,10.0,9.72,10.0,0.28,2.88,0.28,-62.0,IND_FIELD_0474,RCBD - 4 Replications,4,ICAR AICRP & Syngenta Multi-Locational Trials,https://icar.org.in
TR-2022-UT-00475,EXP-2022-UT-TUR-0238,ICAR_SYNGENTA_TRIALS,India,Uttar Pradesh,Indo-Gangetic Plain (Central),Varanasi,25.3176,82.9739,Tur / Pigeon Pea (Arhar),Tur / Pigeon Pea (Arhar),Kharif,2022,Control (Untreated Check),Untreated Check,Untreated Check,0,Untreated,0.0,1,0,0.41,0.41,8.06,268.4,12.9,204.9,34.1,14.7,1.23,0.31,20.7,5,886.2,1345.5,62.0,9.9,19.4,0.821,7.34,7.34,7.34,7.34,0.0,0.0,0.0,0.0,IND_FIELD_0475,RCBD - 4 Replications,4,ICAR AICRP & Syngenta Multi-Locational Trials,https://icar.org.in
TR-2022-UT-00476,EXP-2022-UT-TUR-0238,ICAR_SYNGENTA_TRIALS,India,Uttar Pradesh,Indo-Gangetic Plain (Central),Varanasi,25.3176,82.9739,Tur / Pigeon Pea (Arhar),Tur / Pigeon Pea (Arhar),Kharif,2022,Syngenta Quantis,Syngenta Quantis,Biostimulant,1,Syngenta Quantis,2.0,0,1,0.41,0.41,8.06,268.4,12.9,204.9,34.1,14.7,1.23,0.31,20.7,5,886.2,1345.5,62.0,9.9,19.4,0.821,8.86,8.86,7.34,8.86,1.52,20.71,1.52,5192.0,IND_FIELD_0476,RCBD - 4 Replications,4,ICAR AICRP & Syngenta Multi-Locational Trials,https://icar.org.in
TR-2024-UT-00477,EXP-2024-UT-TOM-0239,ICAR_SYNGENTA_TRIALS,India,Uttar Pradesh,Indo-Gangetic Plain (Central),Varanasi,25.3176,82.9739,Tomato,Tomato,Annual,2024,Control (Untreated Check),Untreated Check,Untreated Check,0,Untreated,0.0,1,0,0.47,0.47,7.33,317.7,19.6,202.8,34.9,16.1,1.04,0.77,30.0,4,217.6,1950.0,65.3,7.3,18.9,0.791,151.66,151.66,151.66,151.66,0.0,0.0,0.0,0.0,IND_FIELD_0477,RCBD - 4 Replications,4,ICAR AICRP & Syngenta Multi-Locational Trials,https://icar.org.in
TR-2024-UT-00478,EXP-2024-UT-TOM-0239,ICAR_SYNGENTA_TRIALS,India,Uttar Pradesh,Indo-Gangetic Plain (Central),Varanasi,25.3176,82.9739,Tomato,Tomato,Annual,2024,Syngenta Isabion,Syngenta Isabion,Biostimulant,1,Syngenta Isabion,2.5,0,1,0.47,0.47,7.33,317.7,19.6,202.8,34.9,16.1,1.04,0.77,30.0,4,217.6,1950.0,65.3,7.3,18.9,0.791,170.57,170.57,151.66,170.57,18.91,12.47,18.91,84736.0,IND_FIELD_0478,RCBD - 4 Replications,4,ICAR AICRP & Syngenta Multi-Locational Trials,https://icar.org.in
TR-2022-UT-00479,EXP-2022-UT-WHE-0240,ICAR_SYNGENTA_TRIALS,India,Uttar Pradesh,Indo-Gangetic Plain (Central),Varanasi,25.3176,82.9739,Wheat,Wheat,Rabi,2022,Control (Untreated Check),Untreated Check,Untreated Check,0,Untreated,0.0,1,0,0.64,0.64,8.05,208.1,26.5,246.4,29.2,16.9,0.74,0.47,23.9,2,99.7,1553.5,51.7,15.2,21.6,0.625,16.23,16.23,16.23,16.23,0.0,0.0,0.0,0.0,IND_FIELD_0479,RCBD - 4 Replications,4,ICAR AICRP & Syngenta Multi-Locational Trials,https://icar.org.in
TR-2022-UT-00480,EXP-2022-UT-WHE-0240,ICAR_SYNGENTA_TRIALS,India,Uttar Pradesh,Indo-Gangetic Plain (Central),Varanasi,25.3176,82.9739,Wheat,Wheat,Rabi,2022,Syngenta Quantis,Syngenta Quantis,Biostimulant,1,Syngenta Quantis,1.5,0,1,0.64,0.64,8.05,208.1,26.5,246.4,29.2,16.9,0.74,0.47,23.9,2,99.7,1553.5,51.7,15.2,21.6,0.625,18.17,18.17,16.23,18.17,1.94,11.95,1.94,7574.0,IND_FIELD_0480,RCBD - 4 Replications,4,ICAR AICRP & Syngenta Multi-Locational Trials,https://icar.org.in
TR-2023-KA-00481,EXP-2023-KA-SUG-0241,ICAR_SYNGENTA_TRIALS,India,Karnataka,Karnataka (Deccan Plateau),Dharwad,15.4589,75.0078,Sugarcane,Sugarcane,Annual,2023,Control (Untreated Check),Untreated Check,Untreated Check,0,Untreated,0.0,1,0,0.51,0.51,7.16,280.6,25.7,347.6,41.0,17.7,0.86,0.59,30.1,0,434.1,1956.5,84.3,5.0,16.5,0.607,373.14,373.14,373.14,373.14,0.0,0.0,0.0,0.0,IND_FIELD_0481,RCBD - 4 Replications,4,ICAR AICRP & Syngenta Multi-Locational Trials,https://icar.org.in
TR-2023-KA-00482,EXP-2023-KA-SUG-0241,ICAR_SYNGENTA_TRIALS,India,Karnataka,Karnataka (Deccan Plateau),Dharwad,15.4589,75.0078,Sugarcane,Sugarcane,Annual,2023,Syngenta CropBio+,Syngenta CropBio+,Biostimulant,1,Syngenta CropBio+,3.0,0,1,0.51,0.51,7.16,280.6,25.7,347.6,41.0,17.7,0.86,0.59,30.1,0,434.1,1956.5,84.3,5.0,16.5,0.607,406.97,406.97,373.14,406.97,33.83,9.07,33.83,152918.0,IND_FIELD_0482,RCBD - 4 Replications,4,ICAR AICRP & Syngenta Multi-Locational Trials,https://icar.org.in
TR-2022-TA-00483,EXP-2022-TA-SUG-0242,ICAR_SYNGENTA_TRIALS,India,Tamil Nadu,Tamil Nadu & Cauvery Delta,Coimbatore,11.0168,76.9558,Sugarcane,Sugarcane,Annual,2022,Control (Untreated Check),Untreated Check,Untreated Check,0,Untreated,0.0,1,0,0.58,0.58,7.54,166.2,15.6,339.3,21.1,19.1,1.07,0.52,26.6,3,233.2,1729.0,53.5,8.6,19.7,0.624,316.9,316.9,316.9,316.9,0.0,0.0,0.0,0.0,IND_FIELD_0483,RCBD - 4 Replications,4,ICAR AICRP & Syngenta Multi-Locational Trials,https://icar.org.in
TR-2022-TA-00484,EXP-2022-TA-SUG-0242,ICAR_SYNGENTA_TRIALS,India,Tamil Nadu,Tamil Nadu & Cauvery Delta,Coimbatore,11.0168,76.9558,Sugarcane,Sugarcane,Annual,2022,Syngenta CropBio+,Syngenta CropBio+,Biostimulant,1,Syngenta CropBio+,3.0,0,1,0.58,0.58,7.54,166.2,15.6,339.3,21.1,19.1,1.07,0.52,26.6,3,233.2,1729.0,53.5,8.6,19.7,0.624,330.61,330.61,316.9,330.61,13.71,4.33,13.71,60366.0,IND_FIELD_0484,RCBD - 4 Replications,4,ICAR AICRP & Syngenta Multi-Locational Trials,https://icar.org.in
TR-2021-PU-00485,EXP-2021-PU-SOY-0243,ICAR_SYNGENTA_TRIALS,India,Punjab,Punjab & Haryana (Indo-Gangetic),Ludhiana,30.901,75.8573,Soybean,Soybean,Kharif,2021,Control (Untreated Check),Untreated Check,Untreated Check,0,Untreated,0.0,1,0,0.39,0.39,8.59,151.8,32.9,168.7,30.2,8.7,0.81,0.53,30.1,3,788.4,1956.5,70.1,10.1,18.5,0.644,10.25,10.25,10.25,10.25,0.0,0.0,0.0,0.0,IND_FIELD_0485,RCBD - 4 Replications,4,ICAR AICRP & Syngenta Multi-Locational Trials,https://icar.org.in
TR-2021-PU-00486,EXP-2021-PU-SOY-0243,ICAR_SYNGENTA_TRIALS,India,Punjab,Punjab & Haryana (Indo-Gangetic),Ludhiana,30.901,75.8573,Soybean,Soybean,Kharif,2021,Syngenta Quantis,Syngenta Quantis,Biostimulant,1,Syngenta Quantis,2.0,0,1,0.39,0.39,8.59,151.8,32.9,168.7,30.2,8.7,0.81,0.53,30.1,3,788.4,1956.5,70.1,10.1,18.5,0.644,11.4,11.4,10.25,11.4,1.15,11.22,1.15,3490.0,IND_FIELD_0486,RCBD - 4 Replications,4,ICAR AICRP & Syngenta Multi-Locational Trials,https://icar.org.in
TR-2021-TA-00487,EXP-2021-TA-TUR-0244,ICAR_SYNGENTA_TRIALS,India,Tamil Nadu,Tamil Nadu & Cauvery Delta,Coimbatore,11.0168,76.9558,Tur / Pigeon Pea (Arhar),Tur / Pigeon Pea (Arhar),Kharif,2021,Control (Untreated Check),Untreated Check,Untreated Check,0,Untreated,0.0,1,0,0.35,0.35,7.7,271.8,16.1,265.1,28.4,11.2,0.78,0.64,25.3,3,722.8,1644.5,65.3,3.3,13.5,0.682,8.01,8.01,8.01,8.01,0.0,0.0,0.0,0.0,IND_FIELD_0487,RCBD - 4 Replications,4,ICAR AICRP & Syngenta Multi-Locational Trials,https://icar.org.in
TR-2021-TA-00488,EXP-2021-TA-TUR-0244,ICAR_SYNGENTA_TRIALS,India,Tamil Nadu,Tamil Nadu & Cauvery Delta,Coimbatore,11.0168,76.9558,Tur / Pigeon Pea (Arhar),Tur / Pigeon Pea (Arhar),Kharif,2021,Syngenta Quantis,Syngenta Quantis,Biostimulant,1,Syngenta Quantis,2.0,0,1,0.35,0.35,7.7,271.8,16.1,265.1,28.4,11.2,0.78,0.64,25.3,3,722.8,1644.5,65.3,3.3,13.5,0.682,8.85,8.85,8.01,8.85,0.84,10.49,0.84,2064.0,IND_FIELD_0488,RCBD - 4 Replications,4,ICAR AICRP & Syngenta Multi-Locational Trials,https://icar.org.in
TR-2024-MA-00489,EXP-2024-MA-TUR-0245,ICAR_SYNGENTA_TRIALS,India,Madhya Pradesh,Madhya Pradesh & Central Belt,Bhopal,23.2599,77.4126,Tur / Pigeon Pea (Arhar),Tur / Pigeon Pea (Arhar),Kharif,2024,Control (Untreated Check),Untreated Check,Untreated Check,0,Untreated,0.0,1,0,0.56,0.56,7.86,221.1,26.5,244.7,25.7,7.7,0.8,0.54,28.8,2,656.4,1872.0,64.7,2.7,15.3,0.725,8.21,8.21,8.21,8.21,0.0,0.0,0.0,0.0,IND_FIELD_0489,RCBD - 4 Replications,4,ICAR AICRP & Syngenta Multi-Locational Trials,https://icar.org.in
TR-2024-MA-00490,EXP-2024-MA-TUR-0245,ICAR_SYNGENTA_TRIALS,India,Madhya Pradesh,Madhya Pradesh & Central Belt,Bhopal,23.2599,77.4126,Tur / Pigeon Pea (Arhar),Tur / Pigeon Pea (Arhar),Kharif,2024,Syngenta Quantis,Syngenta Quantis,Biostimulant,1,Syngenta Quantis,2.0,0,1,0.56,0.56,7.86,221.1,26.5,244.7,25.7,7.7,0.8,0.54,28.8,2,656.4,1872.0,64.7,2.7,15.3,0.725,8.09,8.09,8.21,8.09,0.0,0.0,0.0,-1800.0,IND_FIELD_0490,RCBD - 4 Replications,4,ICAR AICRP & Syngenta Multi-Locational Trials,https://icar.org.in
TR-2024-MA-00491,EXP-2024-MA-ONI-0246,ICAR_SYNGENTA_TRIALS,India,Madhya Pradesh,Madhya Pradesh & Central Belt,Bhopal,23.2599,77.4126,Onion,Onion,Rabi,2024,Control (Untreated Check),Untreated Check,Untreated Check,0,Untreated,0.0,1,0,0.46,0.46,7.36,290.5,20.2,289.8,30.9,20.5,0.94,0.55,26.9,4,203.9,1748.5,76.4,9.6,21.9,0.574,111.81,111.81,111.81,111.81,0.0,0.0,0.0,0.0,IND_FIELD_0491,RCBD - 4 Replications,4,ICAR AICRP & Syngenta Multi-Locational Trials,https://icar.org.in
TR-2024-MA-00492,EXP-2024-MA-ONI-0246,ICAR_SYNGENTA_TRIALS,India,Madhya Pradesh,Madhya Pradesh & Central Belt,Bhopal,23.2599,77.4126,Onion,Onion,Rabi,2024,Syngenta Quantis,Syngenta Quantis,Biostimulant,1,Syngenta Quantis,2.0,0,1,0.46,0.46,7.36,290.5,20.2,289.8,30.9,20.5,0.94,0.55,26.9,4,203.9,1748.5,76.4,9.6,21.9,0.574,112.83,112.83,111.81,112.83,1.02,0.91,1.02,2892.0,IND_FIELD_0492,RCBD - 4 Replications,4,ICAR AICRP & Syngenta Multi-Locational Trials,https://icar.org.in
TR-2025-KA-00493,EXP-2025-KA-GRO-0247,ICAR_SYNGENTA_TRIALS,India,Karnataka,Karnataka (Deccan Plateau),Dharwad,15.4589,75.0078,Groundnut (Peanut),Groundnut (Peanut),Kharif,2025,Control (Untreated Check),Untreated Check,Untreated Check,0,Untreated,0.0,1,0,0.38,0.38,6.33,280.5,32.1,270.8,25.1,9.0,1.13,0.6,27.5,2,581.8,1787.5,79.4,7.2,17.3,0.645,9.93,9.93,9.93,9.93,0.0,0.0,0.0,0.0,IND_FIELD_0493,RCBD - 4 Replications,4,ICAR AICRP & Syngenta Multi-Locational Trials,https://icar.org.in
TR-2025-KA-00494,EXP-2025-KA-GRO-0247,ICAR_SYNGENTA_TRIALS,India,Karnataka,Karnataka (Deccan Plateau),Dharwad,15.4589,75.0078,Groundnut (Peanut),Groundnut (Peanut),Kharif,2025,Syngenta Isabion,Syngenta Isabion,Biostimulant,1,Syngenta Isabion,1.5,0,1,0.38,0.38,6.33,280.5,32.1,270.8,25.1,9.0,1.13,0.6,27.5,2,581.8,1787.5,79.4,7.2,17.3,0.645,10.16,10.16,9.93,10.16,0.23,2.32,0.23,-292.0,IND_FIELD_0494,RCBD - 4 Replications,4,ICAR AICRP & Syngenta Multi-Locational Trials,https://icar.org.in
TR-2022-UT-00495,EXP-2022-UT-COT-0248,ICAR_SYNGENTA_TRIALS,India,Uttar Pradesh,Indo-Gangetic Plain (Central),Varanasi,25.3176,82.9739,Cotton,Cotton,Kharif,2022,Control (Untreated Check),Untreated Check,Untreated Check,0,Untreated,0.0,1,0,0.61,0.61,7.17,211.8,34.4,214.7,32.5,11.2,0.84,0.7,28.9,4,893.2,1878.5,69.9,8.8,14.2,0.874,11.26,11.26,11.26,11.26,0.0,0.0,0.0,0.0,IND_FIELD_0495,RCBD - 4 Replications,4,ICAR AICRP & Syngenta Multi-Locational Trials,https://icar.org.in
TR-2022-UT-00496,EXP-2022-UT-COT-0248,ICAR_SYNGENTA_TRIALS,India,Uttar Pradesh,Indo-Gangetic Plain (Central),Varanasi,25.3176,82.9739,Cotton,Cotton,Kharif,2022,Syngenta Isabion,Syngenta Isabion,Biostimulant,1,Syngenta Isabion,1.5,0,1,0.61,0.61,7.17,211.8,34.4,214.7,32.5,11.2,0.84,0.7,28.9,4,893.2,1878.5,69.9,8.8,14.2,0.874,12.67,12.67,11.26,12.67,1.41,12.52,1.41,5136.0,IND_FIELD_0496,RCBD - 4 Replications,4,ICAR AICRP & Syngenta Multi-Locational Trials,https://icar.org.in
TR-2024-TA-00497,EXP-2024-TA-CHI-0249,ICAR_SYNGENTA_TRIALS,India,Tamil Nadu,Tamil Nadu & Cauvery Delta,Coimbatore,11.0168,76.9558,Chickpea (Gram / Chana),Chickpea (Gram / Chana),Rabi,2024,Control (Untreated Check),Untreated Check,Untreated Check,0,Untreated,0.0,1,0,0.45,0.45,8.1,259.8,16.8,316.6,30.3,14.7,0.97,0.71,26.6,5,351.4,1729.0,74.4,5.4,16.5,0.728,7.49,7.49,7.49,7.49,0.0,0.0,0.0,0.0,IND_FIELD_0497,RCBD - 4 Replications,4,ICAR AICRP & Syngenta Multi-Locational Trials,https://icar.org.in
TR-2024-TA-00498,EXP-2024-TA-CHI-0249,ICAR_SYNGENTA_TRIALS,India,Tamil Nadu,Tamil Nadu & Cauvery Delta,Coimbatore,11.0168,76.9558,Chickpea (Gram / Chana),Chickpea (Gram / Chana),Rabi,2024,Syngenta Isabion,Syngenta Isabion,Biostimulant,1,Syngenta Isabion,1.5,0,1,0.45,0.45,8.1,259.8,16.8,316.6,30.3,14.7,0.97,0.71,26.6,5,351.4,1729.0,74.4,5.4,16.5,0.728,8.61,8.61,7.49,8.61,1.12,14.95,1.12,3802.0,IND_FIELD_0498,RCBD - 4 Replications,4,ICAR AICRP & Syngenta Multi-Locational Trials,https://icar.org.in
TR-2021-PU-00499,EXP-2021-PU-TOM-0250,ICAR_SYNGENTA_TRIALS,India,Punjab,Punjab & Haryana (Indo-Gangetic),Ludhiana,30.901,75.8573,Tomato,Tomato,Annual,2021,Control (Untreated Check),Untreated Check,Untreated Check,0,Untreated,0.0,1,0,0.64,0.64,7.85,177.4,22.2,241.4,26.4,17.7,1.04,0.83,30.4,3,114.4,1976.0,71.2,8.9,18.3,0.617,152.19,152.19,152.19,152.19,0.0,0.0,0.0,0.0,IND_FIELD_0499,RCBD - 4 Replications,4,ICAR AICRP & Syngenta Multi-Locational Trials,https://icar.org.in
TR-2021-PU-00500,EXP-2021-PU-TOM-0250,ICAR_SYNGENTA_TRIALS,India,Punjab,Punjab & Haryana (Indo-Gangetic),Ludhiana,30.901,75.8573,Tomato,Tomato,Annual,2021,Syngenta Isabion,Syngenta Isabion,Biostimulant,1,Syngenta Isabion,2.5,0,1,0.64,0.64,7.85,177.4,22.2,241.4,26.4,17.7,1.04,0.83,30.4,3,114.4,1976.0,71.2,8.9,18.3,0.617,175.42,175.42,152.19,175.42,23.23,15.26,23.23,104608.0,IND_FIELD_0500,RCBD - 4 Replications,4,ICAR AICRP & Syngenta Multi-Locational Trials,https://icar.org.in
TR-2022-GU-00501,EXP-2022-GU-ONI-0251,ICAR_SYNGENTA_TRIALS,India,Gujarat,Gujarat & Saurashtra Plain,Rajkot,22.3039,70.8022,Onion,Onion,Rabi,2022,Control (Untreated Check),Untreated Check,Untreated Check,0,Untreated,0.0,1,0,0.48,0.48,6.96,255.9,12.4,322.5,30.5,14.5,0.7,0.67,29.7,3,188.8,1930.5,59.7,14.6,18.7,0.585,112.85,112.85,112.85,112.85,0.0,0.0,0.0,0.0,IND_FIELD_0501,RCBD - 4 Replications,4,ICAR AICRP & Syngenta Multi-Locational Trials,https://icar.org.in
TR-2022-GU-00502,EXP-2022-GU-ONI-0251,ICAR_SYNGENTA_TRIALS,India,Gujarat,Gujarat & Saurashtra Plain,Rajkot,22.3039,70.8022,Onion,Onion,Rabi,2022,Syngenta Quantis,Syngenta Quantis,Biostimulant,1,Syngenta Quantis,2.0,0,1,0.48,0.48,6.96,255.9,12.4,322.5,30.5,14.5,0.7,0.67,29.7,3,188.8,1930.5,59.7,14.6,18.7,0.585,131.81,131.81,112.85,131.81,18.96,16.8,18.96,85416.0,IND_FIELD_0502,RCBD - 4 Replications,4,ICAR AICRP & Syngenta Multi-Locational Trials,https://icar.org.in
TR-2022-UT-00503,EXP-2022-UT-TUR-0252,ICAR_SYNGENTA_TRIALS,India,Uttar Pradesh,Indo-Gangetic Plain (Central),Varanasi,25.3176,82.9739,Tur / Pigeon Pea (Arhar),Tur / Pigeon Pea (Arhar),Kharif,2022,Control (Untreated Check),Untreated Check,Untreated Check,0,Untreated,0.0,1,0,0.48,0.48,7.39,187.5,34.0,254.4,30.2,16.4,0.77,0.56,29.8,4,638.2,1937.0,60.5,7.6,20.4,0.637,7.28,7.28,7.28,7.28,0.0,0.0,0.0,0.0,IND_FIELD_0503,RCBD - 4 Replications,4,ICAR AICRP & Syngenta Multi-Locational Trials,https://icar.org.in
TR-2022-UT-00504,EXP-2022-UT-TUR-0252,ICAR_SYNGENTA_TRIALS,India,Uttar Pradesh,Indo-Gangetic Plain (Central),Varanasi,25.3176,82.9739,Tur / Pigeon Pea (Arhar),Tur / Pigeon Pea (Arhar),Kharif,2022,Syngenta Quantis,Syngenta Quantis,Biostimulant,1,Syngenta Quantis,2.0,0,1,0.48,0.48,7.39,187.5,34.0,254.4,30.2,16.4,0.77,0.56,29.8,4,638.2,1937.0,60.5,7.6,20.4,0.637,7.78,7.78,7.28,7.78,0.5,6.87,0.5,500.0,IND_FIELD_0504,RCBD - 4 Replications,4,ICAR AICRP & Syngenta Multi-Locational Trials,https://icar.org.in
TR-2025-PU-00505,EXP-2025-PU-MUS-0253,ICAR_SYNGENTA_TRIALS,India,Punjab,Punjab & Haryana (Indo-Gangetic),Ludhiana,30.901,75.8573,Mustard / Rapeseed,Mustard / Rapeseed,Rabi,2025,Control (Untreated Check),Untreated Check,Untreated Check,0,Untreated,0.0,1,0,0.4,0.4,8.06,225.2,28.3,247.6,33.5,13.4,1.35,0.42,27.4,3,272.4,1781.0,66.0,8.5,14.3,0.823,7.37,7.37,7.37,7.37,0.0,0.0,0.0,0.0,IND_FIELD_0505,RCBD - 4 Replications,4,ICAR AICRP & Syngenta Multi-Locational Trials,https://icar.org.in
TR-2025-PU-00506,EXP-2025-PU-MUS-0253,ICAR_SYNGENTA_TRIALS,India,Punjab,Punjab & Haryana (Indo-Gangetic),Ludhiana,30.901,75.8573,Mustard / Rapeseed,Mustard / Rapeseed,Rabi,2025,Syngenta Quantis,Syngenta Quantis,Biostimulant,1,Syngenta Quantis,1.5,0,1,0.4,0.4,8.06,225.2,28.3,247.6,33.5,13.4,1.35,0.42,27.4,3,272.4,1781.0,66.0,8.5,14.3,0.823,7.99,7.99,7.37,7.99,0.62,8.41,0.62,1502.0,IND_FIELD_0506,RCBD - 4 Replications,4,ICAR AICRP & Syngenta Multi-Locational Trials,https://icar.org.in
TR-2025-KA-00507,EXP-2025-KA-TUR-0254,ICAR_SYNGENTA_TRIALS,India,Karnataka,Karnataka (Deccan Plateau),Dharwad,15.4589,75.0078,Tur / Pigeon Pea (Arhar),Tur / Pigeon Pea (Arhar),Kharif,2025,Control (Untreated Check),Untreated Check,Untreated Check,0,Untreated,0.0,1,0,0.71,0.71,6.89,232.0,27.2,294.7,30.9,10.2,0.74,0.66,23.3,4,655.2,1514.5,64.7,9.4,17.2,0.56,7.51,7.51,7.51,7.51,0.0,0.0,0.0,0.0,IND_FIELD_0507,RCBD - 4 Replications,4,ICAR AICRP & Syngenta Multi-Locational Trials,https://icar.org.in
TR-2025-KA-00508,EXP-2025-KA-TUR-0254,ICAR_SYNGENTA_TRIALS,India,Karnataka,Karnataka (Deccan Plateau),Dharwad,15.4589,75.0078,Tur / Pigeon Pea (Arhar),Tur / Pigeon Pea (Arhar),Kharif,2025,Syngenta Quantis,Syngenta Quantis,Biostimulant,1,Syngenta Quantis,2.0,0,1,0.71,0.71,6.89,232.0,27.2,294.7,30.9,10.2,0.74,0.66,23.3,4,655.2,1514.5,64.7,9.4,17.2,0.56,9.09,9.09,7.51,9.09,1.58,21.04,1.58,5468.0,IND_FIELD_0508,RCBD - 4 Replications,4,ICAR AICRP & Syngenta Multi-Locational Trials,https://icar.org.in
TR-2023-UT-00509,EXP-2023-UT-WHE-0255,ICAR_SYNGENTA_TRIALS,India,Uttar Pradesh,Indo-Gangetic Plain (Central),Varanasi,25.3176,82.9739,Wheat,Wheat,Rabi,2023,Control (Untreated Check),Untreated Check,Untreated Check,0,Untreated,0.0,1,0,0.46,0.46,7.55,180.7,15.2,193.3,33.4,9.3,0.85,0.78,31.6,4,368.8,2054.0,65.7,5.2,20.9,0.696,16.92,16.92,16.92,16.92,0.0,0.0,0.0,0.0,IND_FIELD_0509,RCBD - 4 Replications,4,ICAR AICRP & Syngenta Multi-Locational Trials,https://icar.org.in
TR-2023-UT-00510,EXP-2023-UT-WHE-0255,ICAR_SYNGENTA_TRIALS,India,Uttar Pradesh,Indo-Gangetic Plain (Central),Varanasi,25.3176,82.9739,Wheat,Wheat,Rabi,2023,Syngenta Quantis,Syngenta Quantis,Biostimulant,1,Syngenta Quantis,1.5,0,1,0.46,0.46,7.55,180.7,15.2,193.3,33.4,9.3,0.85,0.78,31.6,4,368.8,2054.0,65.7,5.2,20.9,0.696,18.77,18.77,16.92,18.77,1.85,10.93,1.85,7160.0,IND_FIELD_0510,RCBD - 4 Replications,4,ICAR AICRP & Syngenta Multi-Locational Trials,https://icar.org.in
TR-2024-KA-00511,EXP-2024-KA-MAI-0256,ICAR_SYNGENTA_TRIALS,India,Karnataka,Karnataka (Deccan Plateau),Dharwad,15.4589,75.0078,Maize,Maize,Kharif,2024,Control (Untreated Check),Untreated Check,Untreated Check,0,Untreated,0.0,1,0,0.49,0.49,6.29,280.9,21.0,231.0,46.7,13.4,0.95,0.55,25.8,2,748.9,1677.0,61.3,12.4,16.9,0.704,24.47,24.47,24.47,24.47,0.0,0.0,0.0,0.0,IND_FIELD_0511,RCBD - 4 Replications,4,ICAR AICRP & Syngenta Multi-Locational Trials,https://icar.org.in
TR-2024-KA-00512,EXP-2024-KA-MAI-0256,ICAR_SYNGENTA_TRIALS,India,Karnataka,Karnataka (Deccan Plateau),Dharwad,15.4589,75.0078,Maize,Maize,Kharif,2024,Syngenta Isabion,Syngenta Isabion,Biostimulant,1,Syngenta Isabion,2.0,0,1,0.49,0.49,6.29,280.9,21.0,231.0,46.7,13.4,0.95,0.55,25.8,2,748.9,1677.0,61.3,12.4,16.9,0.704,27.89,27.89,24.47,27.89,3.42,13.98,3.42,13932.0,IND_FIELD_0512,RCBD - 4 Replications,4,ICAR AICRP & Syngenta Multi-Locational Trials,https://icar.org.in
TR-2023-UT-00513,EXP-2023-UT-GRO-0257,ICAR_SYNGENTA_TRIALS,India,Uttar Pradesh,Indo-Gangetic Plain (Central),Varanasi,25.3176,82.9739,Groundnut (Peanut),Groundnut (Peanut),Kharif,2023,Control (Untreated Check),Untreated Check,Untreated Check,0,Untreated,0.0,1,0,0.5,0.5,7.63,213.7,21.1,241.3,27.2,14.4,1.02,0.74,29.0,0,747.1,1885.0,79.8,16.6,16.0,0.689,10.53,10.53,10.53,10.53,0.0,0.0,0.0,0.0,IND_FIELD_0513,RCBD - 4 Replications,4,ICAR AICRP & Syngenta Multi-Locational Trials,https://icar.org.in
TR-2023-UT-00514,EXP-2023-UT-GRO-0257,ICAR_SYNGENTA_TRIALS,India,Uttar Pradesh,Indo-Gangetic Plain (Central),Varanasi,25.3176,82.9739,Groundnut (Peanut),Groundnut (Peanut),Kharif,2023,Syngenta Isabion,Syngenta Isabion,Biostimulant,1,Syngenta Isabion,1.5,0,1,0.5,0.5,7.63,213.7,21.1,241.3,27.2,14.4,1.02,0.74,29.0,0,747.1,1885.0,79.8,16.6,16.0,0.689,11.48,11.48,10.53,11.48,0.95,9.02,0.95,3020.0,IND_FIELD_0514,RCBD - 4 Replications,4,ICAR AICRP & Syngenta Multi-Locational Trials,https://icar.org.in
TR-2022-MA-00515,EXP-2022-MA-MAI-0258,ICAR_SYNGENTA_TRIALS,India,Maharashtra,Maharashtra & Vidarbha (Deccan),Nagpur,21.1458,79.0882,Maize,Maize,Kharif,2022,Control (Untreated Check),Untreated Check,Untreated Check,0,Untreated,0.0,1,0,0.51,0.51,7.31,235.3,22.1,317.3,33.9,23.3,1.08,0.44,31.5,3,590.3,2047.5,83.6,13.4,19.4,0.642,24.73,24.73,24.73,24.73,0.0,0.0,0.0,0.0,IND_FIELD_0515,RCBD - 4 Replications,4,ICAR AICRP & Syngenta Multi-Locational Trials,https://icar.org.in
TR-2022-MA-00516,EXP-2022-MA-MAI-0258,ICAR_SYNGENTA_TRIALS,India,Maharashtra,Maharashtra & Vidarbha (Deccan),Nagpur,21.1458,79.0882,Maize,Maize,Kharif,2022,Syngenta Isabion,Syngenta Isabion,Biostimulant,1,Syngenta Isabion,2.0,0,1,0.51,0.51,7.31,235.3,22.1,317.3,33.9,23.3,1.08,0.44,31.5,3,590.3,2047.5,83.6,13.4,19.4,0.642,26.6,26.6,24.73,26.6,1.87,7.56,1.87,6802.0,IND_FIELD_0516,RCBD - 4 Replications,4,ICAR AICRP & Syngenta Multi-Locational Trials,https://icar.org.in
TR-2022-TE-00517,EXP-2022-TE-ONI-0259,ICAR_SYNGENTA_TRIALS,India,Telangana,Telangana & Andhra (Krishna Basin),Warangal,17.9689,79.5941,Onion,Onion,Rabi,2022,Control (Untreated Check),Untreated Check,Untreated Check,0,Untreated,0.0,1,0,0.46,0.46,7.65,204.3,29.3,224.4,25.3,13.5,0.45,0.24,22.6,2,229.7,1469.0,76.0,9.9,18.8,0.62,118.62,118.62,118.62,118.62,0.0,0.0,0.0,0.0,IND_FIELD_0517,RCBD - 4 Replications,4,ICAR AICRP & Syngenta Multi-Locational Trials,https://icar.org.in
TR-2022-TE-00518,EXP-2022-TE-ONI-0259,ICAR_SYNGENTA_TRIALS,India,Telangana,Telangana & Andhra (Krishna Basin),Warangal,17.9689,79.5941,Onion,Onion,Rabi,2022,Syngenta Quantis,Syngenta Quantis,Biostimulant,1,Syngenta Quantis,2.0,0,1,0.46,0.46,7.65,204.3,29.3,224.4,25.3,13.5,0.45,0.24,22.6,2,229.7,1469.0,76.0,9.9,18.8,0.62,120.0,120.0,118.62,120.0,1.38,1.16,1.38,4548.0,IND_FIELD_0518,RCBD - 4 Replications,4,ICAR AICRP & Syngenta Multi-Locational Trials,https://icar.org.in
TR-2024-UT-00519,EXP-2024-UT-WHE-0260,ICAR_SYNGENTA_TRIALS,India,Uttar Pradesh,Indo-Gangetic Plain (Central),Varanasi,25.3176,82.9739,Wheat,Wheat,Rabi,2024,Control (Untreated Check),Untreated Check,Untreated Check,0,Untreated,0.0,1,0,0.46,0.46,7.6,232.2,10.7,202.7,28.8,19.2,0.93,0.61,29.8,6,154.5,1937.0,75.6,4.1,20.0,0.656,13.44,13.44,13.44,13.44,0.0,0.0,0.0,0.0,IND_FIELD_0519,RCBD - 4 Replications,4,ICAR AICRP & Syngenta Multi-Locational Trials,https://icar.org.in
TR-2024-UT-00520,EXP-2024-UT-WHE-0260,ICAR_SYNGENTA_TRIALS,India,Uttar Pradesh,Indo-Gangetic Plain (Central),Varanasi,25.3176,82.9739,Wheat,Wheat,Rabi,2024,Syngenta Quantis,Syngenta Quantis,Biostimulant,1,Syngenta Quantis,1.5,0,1,0.46,0.46,7.6,232.2,10.7,202.7,28.8,19.2,0.93,0.61,29.8,6,154.5,1937.0,75.6,4.1,20.0,0.656,15.21,15.21,13.44,15.21,1.77,13.17,1.77,6792.0,IND_FIELD_0520,RCBD - 4 Replications,4,ICAR AICRP & Syngenta Multi-Locational Trials,https://icar.org.in
TR-2022-TA-00521,EXP-2022-TA-GRO-0261,ICAR_SYNGENTA_TRIALS,India,Tamil Nadu,Tamil Nadu & Cauvery Delta,Coimbatore,11.0168,76.9558,Groundnut (Peanut),Groundnut (Peanut),Kharif,2022,Control (Untreated Check),Untreated Check,Untreated Check,0,Untreated,0.0,1,0,0.68,0.68,7.93,326.7,12.2,264.8,25.4,18.3,0.81,0.57,30.4,8,796.7,1976.0,59.7,3.9,13.7,0.623,11.08,11.08,11.08,11.08,0.0,0.0,0.0,0.0,IND_FIELD_0521,RCBD - 4 Replications,4,ICAR AICRP & Syngenta Multi-Locational Trials,https://icar.org.in
TR-2022-TA-00522,EXP-2022-TA-GRO-0261,ICAR_SYNGENTA_TRIALS,India,Tamil Nadu,Tamil Nadu & Cauvery Delta,Coimbatore,11.0168,76.9558,Groundnut (Peanut),Groundnut (Peanut),Kharif,2022,Syngenta Isabion,Syngenta Isabion,Biostimulant,1,Syngenta Isabion,1.5,0,1,0.68,0.68,7.93,326.7,12.2,264.8,25.4,18.3,0.81,0.57,30.4,8,796.7,1976.0,59.7,3.9,13.7,0.623,12.56,12.56,11.08,12.56,1.48,13.36,1.48,5458.0,IND_FIELD_0522,RCBD - 4 Replications,4,ICAR AICRP & Syngenta Multi-Locational Trials,https://icar.org.in
TR-2024-TE-00523,EXP-2024-TE-ONI-0262,ICAR_SYNGENTA_TRIALS,India,Telangana,Telangana & Andhra (Krishna Basin),Warangal,17.9689,79.5941,Onion,Onion,Rabi,2024,Control (Untreated Check),Untreated Check,Untreated Check,0,Untreated,0.0,1,0,0.52,0.52,7.21,173.7,10.2,304.7,29.3,14.7,0.85,0.43,28.4,3,30.0,1846.0,73.7,8.6,17.2,0.74,110.25,110.25,110.25,110.25,0.0,0.0,0.0,0.0,IND_FIELD_0523,RCBD - 4 Replications,4,ICAR AICRP & Syngenta Multi-Locational Trials,https://icar.org.in
TR-2024-TE-00524,EXP-2024-TE-ONI-0262,ICAR_SYNGENTA_TRIALS,India,Telangana,Telangana & Andhra (Krishna Basin),Warangal,17.9689,79.5941,Onion,Onion,Rabi,2024,Syngenta Quantis,Syngenta Quantis,Biostimulant,1,Syngenta Quantis,2.0,0,1,0.52,0.52,7.21,173.7,10.2,304.7,29.3,14.7,0.85,0.43,28.4,3,30.0,1846.0,73.7,8.6,17.2,0.74,125.7,125.7,110.25,125.7,15.45,14.01,15.45,69270.0,IND_FIELD_0524,RCBD - 4 Replications,4,ICAR AICRP & Syngenta Multi-Locational Trials,https://icar.org.in
TR-2021-TA-00525,EXP-2021-TA-ONI-0263,ICAR_SYNGENTA_TRIALS,India,Tamil Nadu,Tamil Nadu & Cauvery Delta,Coimbatore,11.0168,76.9558,Onion,Onion,Rabi,2021,Control (Untreated Check),Untreated Check,Untreated Check,0,Untreated,0.0,1,0,0.43,0.43,7.71,258.2,18.0,307.2,22.4,9.4,0.76,0.62,30.8,2,299.3,2002.0,89.2,9.6,15.6,0.647,134.38,134.38,134.38,134.38,0.0,0.0,0.0,0.0,IND_FIELD_0525,RCBD - 4 Replications,4,ICAR AICRP & Syngenta Multi-Locational Trials,https://icar.org.in
TR-2021-TA-00526,EXP-2021-TA-ONI-0263,ICAR_SYNGENTA_TRIALS,India,Tamil Nadu,Tamil Nadu & Cauvery Delta,Coimbatore,11.0168,76.9558,Onion,Onion,Rabi,2021,Syngenta Quantis,Syngenta Quantis,Biostimulant,1,Syngenta Quantis,2.0,0,1,0.43,0.43,7.71,258.2,18.0,307.2,22.4,9.4,0.76,0.62,30.8,2,299.3,2002.0,89.2,9.6,15.6,0.647,141.37,141.37,134.38,141.37,6.99,5.2,6.99,30354.0,IND_FIELD_0526,RCBD - 4 Replications,4,ICAR AICRP & Syngenta Multi-Locational Trials,https://icar.org.in
TR-2024-MA-00527,EXP-2024-MA-WHE-0264,ICAR_SYNGENTA_TRIALS,India,Maharashtra,Maharashtra & Vidarbha (Deccan),Nagpur,21.1458,79.0882,Wheat,Wheat,Rabi,2024,Control (Untreated Check),Untreated Check,Untreated Check,0,Untreated,0.0,1,0,0.46,0.46,8.24,234.3,28.0,371.3,25.3,15.9,1.05,0.67,26.2,4,60.4,1703.0,68.5,12.8,19.3,0.635,13.71,13.71,13.71,13.71,0.0,0.0,0.0,0.0,IND_FIELD_0527,RCBD - 4 Replications,4,ICAR AICRP & Syngenta Multi-Locational Trials,https://icar.org.in
TR-2024-MA-00528,EXP-2024-MA-WHE-0264,ICAR_SYNGENTA_TRIALS,India,Maharashtra,Maharashtra & Vidarbha (Deccan),Nagpur,21.1458,79.0882,Wheat,Wheat,Rabi,2024,Syngenta Quantis,Syngenta Quantis,Biostimulant,1,Syngenta Quantis,1.5,0,1,0.46,0.46,8.24,234.3,28.0,371.3,25.3,15.9,1.05,0.67,26.2,4,60.4,1703.0,68.5,12.8,19.3,0.635,15.59,15.59,13.71,15.59,1.88,13.71,1.88,7298.0,IND_FIELD_0528,RCBD - 4 Replications,4,ICAR AICRP & Syngenta Multi-Locational Trials,https://icar.org.in
TR-2021-GU-00529,EXP-2021-GU-TOM-0265,ICAR_SYNGENTA_TRIALS,India,Gujarat,Gujarat & Saurashtra Plain,Rajkot,22.3039,70.8022,Tomato,Tomato,Annual,2021,Control (Untreated Check),Untreated Check,Untreated Check,0,Untreated,0.0,1,0,0.47,0.47,7.57,249.5,8.0,354.3,26.1,20.4,0.97,0.47,27.7,3,30.0,1800.5,70.9,10.4,20.2,0.727,158.76,158.76,158.76,158.76,0.0,0.0,0.0,0.0,IND_FIELD_0529,RCBD - 4 Replications,4,ICAR AICRP & Syngenta Multi-Locational Trials,https://icar.org.in
TR-2021-GU-00530,EXP-2021-GU-TOM-0265,ICAR_SYNGENTA_TRIALS,India,Gujarat,Gujarat & Saurashtra Plain,Rajkot,22.3039,70.8022,Tomato,Tomato,Annual,2021,Syngenta Isabion,Syngenta Isabion,Biostimulant,1,Syngenta Isabion,2.5,0,1,0.47,0.47,7.57,249.5,8.0,354.3,26.1,20.4,0.97,0.47,27.7,3,30.0,1800.5,70.9,10.4,20.2,0.727,163.66,163.66,158.76,163.66,4.9,3.09,4.9,20290.0,IND_FIELD_0530,RCBD - 4 Replications,4,ICAR AICRP & Syngenta Multi-Locational Trials,https://icar.org.in
TR-2024-PU-00531,EXP-2024-PU-RIC-0266,ICAR_SYNGENTA_TRIALS,India,Punjab,Punjab & Haryana (Indo-Gangetic),Ludhiana,30.901,75.8573,Rice (Paddy),Rice (Paddy),Kharif,2024,Control (Untreated Check),Untreated Check,Untreated Check,0,Untreated,0.0,1,0,0.3,0.3,7.52,245.3,23.9,180.9,31.6,18.6,0.48,0.6,25.8,5,742.8,1677.0,78.8,6.0,15.4,0.747,19.11,19.11,19.11,19.11,0.0,0.0,0.0,0.0,IND_FIELD_0531,RCBD - 4 Replications,4,ICAR AICRP & Syngenta Multi-Locational Trials,https://icar.org.in
TR-2024-PU-00532,EXP-2024-PU-RIC-0266,ICAR_SYNGENTA_TRIALS,India,Punjab,Punjab & Haryana (Indo-Gangetic),Ludhiana,30.901,75.8573,Rice (Paddy),Rice (Paddy),Kharif,2024,Syngenta Quantis,Syngenta Quantis,Biostimulant,1,Syngenta Quantis,2.0,0,1,0.3,0.3,7.52,245.3,23.9,180.9,31.6,18.6,0.48,0.6,25.8,5,742.8,1677.0,78.8,6.0,15.4,0.747,21.14,21.14,19.11,21.14,2.03,10.62,2.03,7538.0,IND_FIELD_0532,RCBD - 4 Replications,4,ICAR AICRP & Syngenta Multi-Locational Trials,https://icar.org.in
TR-2024-TE-00533,EXP-2024-TE-ONI-0267,ICAR_SYNGENTA_TRIALS,India,Telangana,Telangana & Andhra (Krishna Basin),Warangal,17.9689,79.5941,Onion,Onion,Rabi,2024,Control (Untreated Check),Untreated Check,Untreated Check,0,Untreated,0.0,1,0,0.62,0.62,7.23,228.7,19.8,353.8,29.8,15.6,0.97,0.59,27.5,5,142.3,1787.5,70.0,8.2,18.8,0.689,121.88,121.88,121.88,121.88,0.0,0.0,0.0,0.0,IND_FIELD_0533,RCBD - 4 Replications,4,ICAR AICRP & Syngenta Multi-Locational Trials,https://icar.org.in
TR-2024-TE-00534,EXP-2024-TE-ONI-0267,ICAR_SYNGENTA_TRIALS,India,Telangana,Telangana & Andhra (Krishna Basin),Warangal,17.9689,79.5941,Onion,Onion,Rabi,2024,Syngenta Quantis,Syngenta Quantis,Biostimulant,1,Syngenta Quantis,2.0,0,1,0.62,0.62,7.23,228.7,19.8,353.8,29.8,15.6,0.97,0.59,27.5,5,142.3,1787.5,70.0,8.2,18.8,0.689,139.5,139.5,121.88,139.5,17.62,14.46,17.62,79252.0,IND_FIELD_0534,RCBD - 4 Replications,4,ICAR AICRP & Syngenta Multi-Locational Trials,https://icar.org.in
TR-2024-KA-00535,EXP-2024-KA-WHE-0268,ICAR_SYNGENTA_TRIALS,India,Karnataka,Karnataka (Deccan Plateau),Dharwad,15.4589,75.0078,Wheat,Wheat,Rabi,2024,Control (Untreated Check),Untreated Check,Untreated Check,0,Untreated,0.0,1,0,0.59,0.59,6.41,206.2,32.5,298.2,30.5,14.1,0.77,0.58,25.6,8,234.0,1664.0,72.8,5.8,21.3,0.681,15.01,15.01,15.01,15.01,0.0,0.0,0.0,0.0,IND_FIELD_0535,RCBD - 4 Replications,4,ICAR AICRP & Syngenta Multi-Locational Trials,https://icar.org.in
TR-2024-KA-00536,EXP-2024-KA-WHE-0268,ICAR_SYNGENTA_TRIALS,India,Karnataka,Karnataka (Deccan Plateau),Dharwad,15.4589,75.0078,Wheat,Wheat,Rabi,2024,Syngenta Quantis,Syngenta Quantis,Biostimulant,1,Syngenta Quantis,1.5,0,1,0.59,0.59,6.41,206.2,32.5,298.2,30.5,14.1,0.77,0.58,25.6,8,234.0,1664.0,72.8,5.8,21.3,0.681,18.17,18.17,15.01,18.17,3.16,21.05,3.16,13186.0,IND_FIELD_0536,RCBD - 4 Replications,4,ICAR AICRP & Syngenta Multi-Locational Trials,https://icar.org.in
TR-2025-MA-00537,EXP-2025-MA-RIC-0269,ICAR_SYNGENTA_TRIALS,India,Madhya Pradesh,Madhya Pradesh & Central Belt,Bhopal,23.2599,77.4126,Rice (Paddy),Rice (Paddy),Kharif,2025,Control (Untreated Check),Untreated Check,Untreated Check,0,Untreated,0.0,1,0,0.63,0.63,7.13,264.9,16.6,330.4,29.7,9.4,0.9,0.55,23.9,4,759.9,1553.5,75.0,12.8,16.2,0.703,21.86,21.86,21.86,21.86,0.0,0.0,0.0,0.0,IND_FIELD_0537,RCBD - 4 Replications,4,ICAR AICRP & Syngenta Multi-Locational Trials,https://icar.org.in
TR-2025-MA-00538,EXP-2025-MA-RIC-0269,ICAR_SYNGENTA_TRIALS,India,Madhya Pradesh,Madhya Pradesh & Central Belt,Bhopal,23.2599,77.4126,Rice (Paddy),Rice (Paddy),Kharif,2025,Syngenta Quantis,Syngenta Quantis,Biostimulant,1,Syngenta Quantis,2.0,0,1,0.63,0.63,7.13,264.9,16.6,330.4,29.7,9.4,0.9,0.55,23.9,4,759.9,1553.5,75.0,12.8,16.2,0.703,23.15,23.15,21.86,23.15,1.29,5.9,1.29,4134.0,IND_FIELD_0538,RCBD - 4 Replications,4,ICAR AICRP & Syngenta Multi-Locational Trials,https://icar.org.in
TR-2023-GU-00539,EXP-2023-GU-TUR-0270,ICAR_SYNGENTA_TRIALS,India,Gujarat,Gujarat & Saurashtra Plain,Rajkot,22.3039,70.8022,Tur / Pigeon Pea (Arhar),Tur / Pigeon Pea (Arhar),Kharif,2023,Control (Untreated Check),Untreated Check,Untreated Check,0,Untreated,0.0,1,0,0.55,0.55,7.6,143.9,14.8,369.3,28.3,5.0,0.93,0.6,30.6,5,642.0,1989.0,69.4,11.2,18.9,0.615,7.81,7.81,7.81,7.81,0.0,0.0,0.0,0.0,IND_FIELD_0539,RCBD - 4 Replications,4,ICAR AICRP & Syngenta Multi-Locational Trials,https://icar.org.in
TR-2023-GU-00540,EXP-2023-GU-TUR-0270,ICAR_SYNGENTA_TRIALS,India,Gujarat,Gujarat & Saurashtra Plain,Rajkot,22.3039,70.8022,Tur / Pigeon Pea (Arhar),Tur / Pigeon Pea (Arhar),Kharif,2023,Syngenta Quantis,Syngenta Quantis,Biostimulant,1,Syngenta Quantis,2.0,0,1,0.55,0.55,7.6,143.9,14.8,369.3,28.3,5.0,0.93,0.6,30.6,5,642.0,1989.0,69.4,11.2,18.9,0.615,8.71,8.71,7.81,8.71,0.9,11.52,0.9,2340.0,IND_FIELD_0540,RCBD - 4 Replications,4,ICAR AICRP & Syngenta Multi-Locational Trials,https://icar.org.in
TR-2022-TA-00541,EXP-2022-TA-SOY-0271,ICAR_SYNGENTA_TRIALS,India,Tamil Nadu,Tamil Nadu & Cauvery Delta,Coimbatore,11.0168,76.9558,Soybean,Soybean,Kharif,2022,Control (Untreated Check),Untreated Check,Untreated Check,0,Untreated,0.0,1,0,0.57,0.57,8.38,244.3,12.6,227.1,40.8,11.2,0.54,0.67,27.1,3,827.4,1761.5,76.7,7.5,14.3,0.841,9.86,9.86,9.86,9.86,0.0,0.0,0.0,0.0,IND_FIELD_0541,RCBD - 4 Replications,4,ICAR AICRP & Syngenta Multi-Locational Trials,https://icar.org.in
TR-2022-TA-00542,EXP-2022-TA-SOY-0271,ICAR_SYNGENTA_TRIALS,India,Tamil Nadu,Tamil Nadu & Cauvery Delta,Coimbatore,11.0168,76.9558,Soybean,Soybean,Kharif,2022,Syngenta Quantis,Syngenta Quantis,Biostimulant,1,Syngenta Quantis,2.0,0,1,0.57,0.57,8.38,244.3,12.6,227.1,40.8,11.2,0.54,0.67,27.1,3,827.4,1761.5,76.7,7.5,14.3,0.841,10.31,10.31,9.86,10.31,0.45,4.56,0.45,270.0,IND_FIELD_0542,RCBD - 4 Replications,4,ICAR AICRP & Syngenta Multi-Locational Trials,https://icar.org.in
TR-2024-MA-00543,EXP-2024-MA-GRO-0272,ICAR_SYNGENTA_TRIALS,India,Maharashtra,Maharashtra & Vidarbha (Deccan),Nagpur,21.1458,79.0882,Groundnut (Peanut),Groundnut (Peanut),Kharif,2024,Control (Untreated Check),Untreated Check,Untreated Check,0,Untreated,0.0,1,0,0.62,0.62,7.76,275.8,11.4,317.9,34.7,18.1,0.98,0.54,27.1,3,797.4,1761.5,61.3,12.4,19.6,0.719,10.96,10.96,10.96,10.96,0.0,0.0,0.0,0.0,IND_FIELD_0543,RCBD - 4 Replications,4,ICAR AICRP & Syngenta Multi-Locational Trials,https://icar.org.in
TR-2024-MA-00544,EXP-2024-MA-GRO-0272,ICAR_SYNGENTA_TRIALS,India,Maharashtra,Maharashtra & Vidarbha (Deccan),Nagpur,21.1458,79.0882,Groundnut (Peanut),Groundnut (Peanut),Kharif,2024,Syngenta Isabion,Syngenta Isabion,Biostimulant,1,Syngenta Isabion,1.5,0,1,0.62,0.62,7.76,275.8,11.4,317.9,34.7,18.1,0.98,0.54,27.1,3,797.4,1761.5,61.3,12.4,19.6,0.719,12.05,12.05,10.96,12.05,1.09,9.95,1.09,3664.0,IND_FIELD_0544,RCBD - 4 Replications,4,ICAR AICRP & Syngenta Multi-Locational Trials,https://icar.org.in
TR-2022-GU-00545,EXP-2022-GU-ONI-0273,ICAR_SYNGENTA_TRIALS,India,Gujarat,Gujarat & Saurashtra Plain,Rajkot,22.3039,70.8022,Onion,Onion,Rabi,2022,Control (Untreated Check),Untreated Check,Untreated Check,0,Untreated,0.0,1,0,0.44,0.44,8.23,183.8,8.1,405.6,26.1,13.8,0.94,0.57,31.8,5,174.9,2067.0,72.0,16.5,17.8,0.658,112.94,112.94,112.94,112.94,0.0,0.0,0.0,0.0,IND_FIELD_0545,RCBD - 4 Replications,4,ICAR AICRP & Syngenta Multi-Locational Trials,https://icar.org.in
TR-2022-GU-00546,EXP-2022-GU-ONI-0273,ICAR_SYNGENTA_TRIALS,India,Gujarat,Gujarat & Saurashtra Plain,Rajkot,22.3039,70.8022,Onion,Onion,Rabi,2022,Syngenta Quantis,Syngenta Quantis,Biostimulant,1,Syngenta Quantis,2.0,0,1,0.44,0.44,8.23,183.8,8.1,405.6,26.1,13.8,0.94,0.57,31.8,5,174.9,2067.0,72.0,16.5,17.8,0.658,135.18,135.18,112.94,135.18,22.24,19.69,22.24,100504.0,IND_FIELD_0546,RCBD - 4 Replications,4,ICAR AICRP & Syngenta Multi-Locational Trials,https://icar.org.in
TR-2021-PU-00547,EXP-2021-PU-MUS-0274,ICAR_SYNGENTA_TRIALS,India,Punjab,Punjab & Haryana (Indo-Gangetic),Ludhiana,30.901,75.8573,Mustard / Rapeseed,Mustard / Rapeseed,Rabi,2021,Control (Untreated Check),Untreated Check,Untreated Check,0,Untreated,0.0,1,0,0.27,0.27,7.31,159.5,23.8,178.0,35.5,10.9,0.56,0.56,31.1,0,30.0,2021.5,73.9,11.5,20.6,0.748,6.02,6.02,6.02,6.02,0.0,0.0,0.0,0.0,IND_FIELD_0547,RCBD - 4 Replications,4,ICAR AICRP & Syngenta Multi-Locational Trials,https://icar.org.in
TR-2021-PU-00548,EXP-2021-PU-MUS-0274,ICAR_SYNGENTA_TRIALS,India,Punjab,Punjab & Haryana (Indo-Gangetic),Ludhiana,30.901,75.8573,Mustard / Rapeseed,Mustard / Rapeseed,Rabi,2021,Syngenta Quantis,Syngenta Quantis,Biostimulant,1,Syngenta Quantis,1.5,0,1,0.27,0.27,7.31,159.5,23.8,178.0,35.5,10.9,0.56,0.56,31.1,0,30.0,2021.5,73.9,11.5,20.6,0.748,7.3,7.3,6.02,7.3,1.28,21.26,1.28,4538.0,IND_FIELD_0548,RCBD - 4 Replications,4,ICAR AICRP & Syngenta Multi-Locational Trials,https://icar.org.in
TR-2021-KA-00549,EXP-2021-KA-ONI-0275,ICAR_SYNGENTA_TRIALS,India,Karnataka,Karnataka (Deccan Plateau),Dharwad,15.4589,75.0078,Onion,Onion,Rabi,2021,Control (Untreated Check),Untreated Check,Untreated Check,0,Untreated,0.0,1,0,0.71,0.71,7.03,171.6,24.0,304.5,22.6,16.6,0.93,0.69,26.4,4,154.9,1716.0,75.2,8.5,24.5,0.693,116.4,116.4,116.4,116.4,0.0,0.0,0.0,0.0,IND_FIELD_0549,RCBD - 4 Replications,4,ICAR AICRP & Syngenta Multi-Locational Trials,https://icar.org.in
TR-2021-KA-00550,EXP-2021-KA-ONI-0275,ICAR_SYNGENTA_TRIALS,India,Karnataka,Karnataka (Deccan Plateau),Dharwad,15.4589,75.0078,Onion,Onion,Rabi,2021,Syngenta Quantis,Syngenta Quantis,Biostimulant,1,Syngenta Quantis,2.0,0,1,0.71,0.71,7.03,171.6,24.0,304.5,22.6,16.6,0.93,0.69,26.4,4,154.9,1716.0,75.2,8.5,24.5,0.693,126.05,126.05,116.4,126.05,9.65,8.29,9.65,42590.0,IND_FIELD_0550,RCBD - 4 Replications,4,ICAR AICRP & Syngenta Multi-Locational Trials,https://icar.org.in
TR-2024-UT-00551,EXP-2024-UT-GRO-0276,ICAR_SYNGENTA_TRIALS,India,Uttar Pradesh,Indo-Gangetic Plain (Central),Varanasi,25.3176,82.9739,Groundnut (Peanut),Groundnut (Peanut),Kharif,2024,Control (Untreated Check),Untreated Check,Untreated Check,0,Untreated,0.0,1,0,0.6,0.6,7.93,162.2,25.9,238.1,44.0,11.3,0.59,0.44,24.5,1,813.7,1592.5,83.5,10.4,21.6,0.689,10.58,10.58,10.58,10.58,0.0,0.0,0.0,0.0,IND_FIELD_0551,RCBD - 4 Replications,4,ICAR AICRP & Syngenta Multi-Locational Trials,https://icar.org.in
TR-2024-UT-00552,EXP-2024-UT-GRO-0276,ICAR_SYNGENTA_TRIALS,India,Uttar Pradesh,Indo-Gangetic Plain (Central),Varanasi,25.3176,82.9739,Groundnut (Peanut),Groundnut (Peanut),Kharif,2024,Syngenta Isabion,Syngenta Isabion,Biostimulant,1,Syngenta Isabion,1.5,0,1,0.6,0.6,7.93,162.2,25.9,238.1,44.0,11.3,0.59,0.44,24.5,1,813.7,1592.5,83.5,10.4,21.6,0.689,11.01,11.01,10.58,11.01,0.43,4.06,0.43,628.0,IND_FIELD_0552,RCBD - 4 Replications,4,ICAR AICRP & Syngenta Multi-Locational Trials,https://icar.org.in
TR-2023-KA-00553,EXP-2023-KA-SUG-0277,ICAR_SYNGENTA_TRIALS,India,Karnataka,Karnataka (Deccan Plateau),Dharwad,15.4589,75.0078,Sugarcane,Sugarcane,Annual,2023,Control (Untreated Check),Untreated Check,Untreated Check,0,Untreated,0.0,1,0,0.61,0.61,6.78,276.1,24.5,263.5,25.9,14.3,1.0,0.41,28.8,0,220.6,1872.0,70.3,11.2,15.7,0.693,319.96,319.96,319.96,319.96,0.0,0.0,0.0,0.0,IND_FIELD_0553,RCBD - 4 Replications,4,ICAR AICRP & Syngenta Multi-Locational Trials,https://icar.org.in
TR-2023-KA-00554,EXP-2023-KA-SUG-0277,ICAR_SYNGENTA_TRIALS,India,Karnataka,Karnataka (Deccan Plateau),Dharwad,15.4589,75.0078,Sugarcane,Sugarcane,Annual,2023,Syngenta CropBio+,Syngenta CropBio+,Biostimulant,1,Syngenta CropBio+,3.0,0,1,0.61,0.61,6.78,276.1,24.5,263.5,25.9,14.3,1.0,0.41,28.8,0,220.6,1872.0,70.3,11.2,15.7,0.693,349.24,349.24,319.96,349.24,29.28,9.15,29.28,131988.0,IND_FIELD_0554,RCBD - 4 Replications,4,ICAR AICRP & Syngenta Multi-Locational Trials,https://icar.org.in
TR-2023-PU-00555,EXP-2023-PU-CHI-0278,ICAR_SYNGENTA_TRIALS,India,Punjab,Punjab & Haryana (Indo-Gangetic),Ludhiana,30.901,75.8573,Chickpea (Gram / Chana),Chickpea (Gram / Chana),Rabi,2023,Control (Untreated Check),Untreated Check,Untreated Check,0,Untreated,0.0,1,0,0.35,0.35,7.63,192.4,27.7,237.6,25.3,15.6,0.7,0.6,23.9,4,104.7,1553.5,60.4,10.1,22.3,0.626,7.25,7.25,7.25,7.25,0.0,0.0,0.0,0.0,IND_FIELD_0555,RCBD - 4 Replications,4,ICAR AICRP & Syngenta Multi-Locational Trials,https://icar.org.in
TR-2023-PU-00556,EXP-2023-PU-CHI-0278,ICAR_SYNGENTA_TRIALS,India,Punjab,Punjab & Haryana (Indo-Gangetic),Ludhiana,30.901,75.8573,Chickpea (Gram / Chana),Chickpea (Gram / Chana),Rabi,2023,Syngenta Isabion,Syngenta Isabion,Biostimulant,1,Syngenta Isabion,1.5,0,1,0.35,0.35,7.63,192.4,27.7,237.6,25.3,15.6,0.7,0.6,23.9,4,104.7,1553.5,60.4,10.1,22.3,0.626,8.84,8.84,7.25,8.84,1.59,21.93,1.59,5964.0,IND_FIELD_0556,RCBD - 4 Replications,4,ICAR AICRP & Syngenta Multi-Locational Trials,https://icar.org.in
TR-2024-TA-00557,EXP-2024-TA-GRO-0279,ICAR_SYNGENTA_TRIALS,India,Tamil Nadu,Tamil Nadu & Cauvery Delta,Coimbatore,11.0168,76.9558,Groundnut (Peanut),Groundnut (Peanut),Kharif,2024,Control (Untreated Check),Untreated Check,Untreated Check,0,Untreated,0.0,1,0,0.39,0.39,8.09,270.1,19.5,303.2,30.5,16.6,0.69,0.71,30.6,5,602.8,1989.0,52.1,9.5,21.5,0.612,11.42,11.42,11.42,11.42,0.0,0.0,0.0,0.0,IND_FIELD_0557,RCBD - 4 Replications,4,ICAR AICRP & Syngenta Multi-Locational Trials,https://icar.org.in
TR-2024-TA-00558,EXP-2024-TA-GRO-0279,ICAR_SYNGENTA_TRIALS,India,Tamil Nadu,Tamil Nadu & Cauvery Delta,Coimbatore,11.0168,76.9558,Groundnut (Peanut),Groundnut (Peanut),Kharif,2024,Syngenta Isabion,Syngenta Isabion,Biostimulant,1,Syngenta Isabion,1.5,0,1,0.39,0.39,8.09,270.1,19.5,303.2,30.5,16.6,0.69,0.71,30.6,5,602.8,1989.0,52.1,9.5,21.5,0.612,13.11,13.11,11.42,13.11,1.69,14.8,1.69,6424.0,IND_FIELD_0558,RCBD - 4 Replications,4,ICAR AICRP & Syngenta Multi-Locational Trials,https://icar.org.in
TR-2021-PU-00559,EXP-2021-PU-TUR-0280,ICAR_SYNGENTA_TRIALS,India,Punjab,Punjab & Haryana (Indo-Gangetic),Ludhiana,30.901,75.8573,Tur / Pigeon Pea (Arhar),Tur / Pigeon Pea (Arhar),Kharif,2021,Control (Untreated Check),Untreated Check,Untreated Check,0,Untreated,0.0,1,0,0.44,0.44,8.27,209.6,29.0,162.7,30.5,18.9,0.61,0.69,28.6,3,514.7,1859.0,39.8,5.8,21.3,0.554,8.01,8.01,8.01,8.01,0.0,0.0,0.0,0.0,IND_FIELD_0559,RCBD - 4 Replications,4,ICAR AICRP & Syngenta Multi-Locational Trials,https://icar.org.in
TR-2021-PU-00560,EXP-2021-PU-TUR-0280,ICAR_SYNGENTA_TRIALS,India,Punjab,Punjab & Haryana (Indo-Gangetic),Ludhiana,30.901,75.8573,Tur / Pigeon Pea (Arhar),Tur / Pigeon Pea (Arhar),Kharif,2021,Syngenta Quantis,Syngenta Quantis,Biostimulant,1,Syngenta Quantis,2.0,0,1,0.44,0.44,8.27,209.6,29.0,162.7,30.5,18.9,0.61,0.69,28.6,3,514.7,1859.0,39.8,5.8,21.3,0.554,9.18,9.18,8.01,9.18,1.17,14.61,1.17,3582.0,IND_FIELD_0560,RCBD - 4 Replications,4,ICAR AICRP & Syngenta Multi-Locational Trials,https://icar.org.in
TR-2024-PU-00561,EXP-2024-PU-ONI-0281,ICAR_SYNGENTA_TRIALS,India,Punjab,Punjab & Haryana (Indo-Gangetic),Ludhiana,30.901,75.8573,Onion,Onion,Rabi,2024,Control (Untreated Check),Untreated Check,Untreated Check,0,Untreated,0.0,1,0,0.43,0.43,8.34,196.0,40.7,184.6,22.9,8.8,0.51,0.57,27.8,2,139.4,1807.0,80.4,5.4,17.3,0.635,123.96,123.96,123.96,123.96,0.0,0.0,0.0,0.0,IND_FIELD_0561,RCBD - 4 Replications,4,ICAR AICRP & Syngenta Multi-Locational Trials,https://icar.org.in
TR-2024-PU-00562,EXP-2024-PU-ONI-0281,ICAR_SYNGENTA_TRIALS,India,Punjab,Punjab & Haryana (Indo-Gangetic),Ludhiana,30.901,75.8573,Onion,Onion,Rabi,2024,Syngenta Quantis,Syngenta Quantis,Biostimulant,1,Syngenta Quantis,2.0,0,1,0.43,0.43,8.34,196.0,40.7,184.6,22.9,8.8,0.51,0.57,27.8,2,139.4,1807.0,80.4,5.4,17.3,0.635,141.48,141.48,123.96,141.48,17.52,14.13,17.52,78792.0,IND_FIELD_0562,RCBD - 4 Replications,4,ICAR AICRP & Syngenta Multi-Locational Trials,https://icar.org.in
TR-2023-KA-00563,EXP-2023-KA-WHE-0282,ICAR_SYNGENTA_TRIALS,India,Karnataka,Karnataka (Deccan Plateau),Dharwad,15.4589,75.0078,Wheat,Wheat,Rabi,2023,Control (Untreated Check),Untreated Check,Untreated Check,0,Untreated,0.0,1,0,0.63,0.63,7.23,212.3,20.6,308.3,14.0,13.5,0.56,0.49,27.6,0,114.2,1794.0,53.2,12.4,15.3,0.584,16.1,16.1,16.1,16.1,0.0,0.0,0.0,0.0,IND_FIELD_0563,RCBD - 4 Replications,4,ICAR AICRP & Syngenta Multi-Locational Trials,https://icar.org.in
TR-2023-KA-00564,EXP-2023-KA-WHE-0282,ICAR_SYNGENTA_TRIALS,India,Karnataka,Karnataka (Deccan Plateau),Dharwad,15.4589,75.0078,Wheat,Wheat,Rabi,2023,Syngenta Quantis,Syngenta Quantis,Biostimulant,1,Syngenta Quantis,1.5,0,1,0.63,0.63,7.23,212.3,20.6,308.3,14.0,13.5,0.56,0.49,27.6,0,114.2,1794.0,53.2,12.4,15.3,0.584,18.05,18.05,16.1,18.05,1.95,12.11,1.95,7620.0,IND_FIELD_0564,RCBD - 4 Replications,4,ICAR AICRP & Syngenta Multi-Locational Trials,https://icar.org.in
TR-2023-UT-00565,EXP-2023-UT-COT-0283,ICAR_SYNGENTA_TRIALS,India,Uttar Pradesh,Indo-Gangetic Plain (Central),Varanasi,25.3176,82.9739,Cotton,Cotton,Kharif,2023,Control (Untreated Check),Untreated Check,Untreated Check,0,Untreated,0.0,1,0,0.45,0.45,7.75,212.8,21.7,259.4,32.9,12.3,0.59,0.44,23.6,1,653.4,1534.0,81.7,12.9,18.4,0.674,12.5,12.5,12.5,12.5,0.0,0.0,0.0,0.0,IND_FIELD_0565,RCBD - 4 Replications,4,ICAR AICRP & Syngenta Multi-Locational Trials,https://icar.org.in
TR-2023-UT-00566,EXP-2023-UT-COT-0283,ICAR_SYNGENTA_TRIALS,India,Uttar Pradesh,Indo-Gangetic Plain (Central),Varanasi,25.3176,82.9739,Cotton,Cotton,Kharif,2023,Syngenta Isabion,Syngenta Isabion,Biostimulant,1,Syngenta Isabion,1.5,0,1,0.45,0.45,7.75,212.8,21.7,259.4,32.9,12.3,0.59,0.44,23.6,1,653.4,1534.0,81.7,12.9,18.4,0.674,13.58,13.58,12.5,13.58,1.08,8.64,1.08,3618.0,IND_FIELD_0566,RCBD - 4 Replications,4,ICAR AICRP & Syngenta Multi-Locational Trials,https://icar.org.in
TR-2022-MA-00567,EXP-2022-MA-TOM-0284,ICAR_SYNGENTA_TRIALS,India,Maharashtra,Maharashtra & Vidarbha (Deccan),Nagpur,21.1458,79.0882,Tomato,Tomato,Annual,2022,Control (Untreated Check),Untreated Check,Untreated Check,0,Untreated,0.0,1,0,0.45,0.45,8.13,187.9,19.5,325.5,30.7,5.3,0.81,0.67,26.6,0,155.3,1729.0,75.9,6.4,22.9,0.606,144.03,144.03,144.03,144.03,0.0,0.0,0.0,0.0,IND_FIELD_0567,RCBD - 4 Replications,4,ICAR AICRP & Syngenta Multi-Locational Trials,https://icar.org.in
TR-2022-MA-00568,EXP-2022-MA-TOM-0284,ICAR_SYNGENTA_TRIALS,India,Maharashtra,Maharashtra & Vidarbha (Deccan),Nagpur,21.1458,79.0882,Tomato,Tomato,Annual,2022,Syngenta Isabion,Syngenta Isabion,Biostimulant,1,Syngenta Isabion,2.5,0,1,0.45,0.45,8.13,187.9,19.5,325.5,30.7,5.3,0.81,0.67,26.6,0,155.3,1729.0,75.9,6.4,22.9,0.606,158.33,158.33,144.03,158.33,14.3,9.93,14.3,63530.0,IND_FIELD_0568,RCBD - 4 Replications,4,ICAR AICRP & Syngenta Multi-Locational Trials,https://icar.org.in
TR-2025-TA-00569,EXP-2025-TA-RIC-0285,ICAR_SYNGENTA_TRIALS,India,Tamil Nadu,Tamil Nadu & Cauvery Delta,Coimbatore,11.0168,76.9558,Rice (Paddy),Rice (Paddy),Kharif,2025,Control (Untreated Check),Untreated Check,Untreated Check,0,Untreated,0.0,1,0,0.59,0.59,7.42,243.0,22.5,300.7,29.2,15.8,1.13,0.4,26.0,1,499.7,1690.0,78.9,3.3,17.5,0.733,21.42,21.42,21.42,21.42,0.0,0.0,0.0,0.0,IND_FIELD_0569,RCBD - 4 Replications,4,ICAR AICRP & Syngenta Multi-Locational Trials,https://icar.org.in
TR-2025-TA-00570,EXP-2025-TA-RIC-0285,ICAR_SYNGENTA_TRIALS,India,Tamil Nadu,Tamil Nadu & Cauvery Delta,Coimbatore,11.0168,76.9558,Rice (Paddy),Rice (Paddy),Kharif,2025,Syngenta Quantis,Syngenta Quantis,Biostimulant,1,Syngenta Quantis,2.0,0,1,0.59,0.59,7.42,243.0,22.5,300.7,29.2,15.8,1.13,0.4,26.0,1,499.7,1690.0,78.9,3.3,17.5,0.733,22.31,22.31,21.42,22.31,0.89,4.15,0.89,2294.0,IND_FIELD_0570,RCBD - 4 Replications,4,ICAR AICRP & Syngenta Multi-Locational Trials,https://icar.org.in
TR-2024-GU-00571,EXP-2024-GU-SUG-0286,ICAR_SYNGENTA_TRIALS,India,Gujarat,Gujarat & Saurashtra Plain,Rajkot,22.3039,70.8022,Sugarcane,Sugarcane,Annual,2024,Control (Untreated Check),Untreated Check,Untreated Check,0,Untreated,0.0,1,0,0.35,0.35,8.01,199.9,16.8,334.4,46.2,15.3,0.79,0.58,26.2,2,111.4,1703.0,77.1,9.0,15.5,0.684,304.69,304.69,304.69,304.69,0.0,0.0,0.0,0.0,IND_FIELD_0571,RCBD - 4 Replications,4,ICAR AICRP & Syngenta Multi-Locational Trials,https://icar.org.in
TR-2024-GU-00572,EXP-2024-GU-SUG-0286,ICAR_SYNGENTA_TRIALS,India,Gujarat,Gujarat & Saurashtra Plain,Rajkot,22.3039,70.8022,Sugarcane,Sugarcane,Annual,2024,Syngenta CropBio+,Syngenta CropBio+,Biostimulant,1,Syngenta CropBio+,3.0,0,1,0.35,0.35,8.01,199.9,16.8,334.4,46.2,15.3,0.79,0.58,26.2,2,111.4,1703.0,77.1,9.0,15.5,0.684,337.06,337.06,304.69,337.06,32.37,10.62,32.37,146202.0,IND_FIELD_0572,RCBD - 4 Replications,4,ICAR AICRP & Syngenta Multi-Locational Trials,https://icar.org.in
TR-2024-GU-00573,EXP-2024-GU-TOM-0287,ICAR_SYNGENTA_TRIALS,India,Gujarat,Gujarat & Saurashtra Plain,Rajkot,22.3039,70.8022,Tomato,Tomato,Annual,2024,Control (Untreated Check),Untreated Check,Untreated Check,0,Untreated,0.0,1,0,0.4,0.4,7.65,158.6,19.5,418.0,29.8,13.2,1.14,0.61,29.8,3,115.3,1937.0,62.1,8.9,14.9,0.747,159.31,159.31,159.31,159.31,0.0,0.0,0.0,0.0,IND_FIELD_0573,RCBD - 4 Replications,4,ICAR AICRP & Syngenta Multi-Locational Trials,https://icar.org.in
TR-2024-GU-00574,EXP-2024-GU-TOM-0287,ICAR_SYNGENTA_TRIALS,India,Gujarat,Gujarat & Saurashtra Plain,Rajkot,22.3039,70.8022,Tomato,Tomato,Annual,2024,Syngenta Isabion,Syngenta Isabion,Biostimulant,1,Syngenta Isabion,2.5,0,1,0.4,0.4,7.65,158.6,19.5,418.0,29.8,13.2,1.14,0.61,29.8,3,115.3,1937.0,62.1,8.9,14.9,0.747,162.55,162.55,159.31,162.55,3.24,2.03,3.24,12654.0,IND_FIELD_0574,RCBD - 4 Replications,4,ICAR AICRP & Syngenta Multi-Locational Trials,https://icar.org.in
TR-2021-GU-00575,EXP-2021-GU-RIC-0288,ICAR_SYNGENTA_TRIALS,India,Gujarat,Gujarat & Saurashtra Plain,Rajkot,22.3039,70.8022,Rice (Paddy),Rice (Paddy),Kharif,2021,Control (Untreated Check),Untreated Check,Untreated Check,0,Untreated,0.0,1,0,0.56,0.56,7.74,200.6,20.6,378.5,35.8,5.4,0.53,0.45,26.6,2,764.0,1729.0,77.5,4.6,22.6,0.659,22.71,22.71,22.71,22.71,0.0,0.0,0.0,0.0,IND_FIELD_0575,RCBD - 4 Replications,4,ICAR AICRP & Syngenta Multi-Locational Trials,https://icar.org.in
TR-2021-GU-00576,EXP-2021-GU-RIC-0288,ICAR_SYNGENTA_TRIALS,India,Gujarat,Gujarat & Saurashtra Plain,Rajkot,22.3039,70.8022,Rice (Paddy),Rice (Paddy),Kharif,2021,Syngenta Quantis,Syngenta Quantis,Biostimulant,1,Syngenta Quantis,2.0,0,1,0.56,0.56,7.74,200.6,20.6,378.5,35.8,5.4,0.53,0.45,26.6,2,764.0,1729.0,77.5,4.6,22.6,0.659,24.88,24.88,22.71,24.88,2.17,9.56,2.17,8182.0,IND_FIELD_0576,RCBD - 4 Replications,4,ICAR AICRP & Syngenta Multi-Locational Trials,https://icar.org.in
TR-2024-UT-00577,EXP-2024-UT-ONI-0289,ICAR_SYNGENTA_TRIALS,India,Uttar Pradesh,Indo-Gangetic Plain (Central),Varanasi,25.3176,82.9739,Onion,Onion,Rabi,2024,Control (Untreated Check),Untreated Check,Untreated Check,0,Untreated,0.0,1,0,0.61,0.61,7.49,189.4,29.4,225.8,41.5,13.8,0.72,0.58,27.2,5,201.5,1768.0,70.6,12.8,20.2,0.603,113.92,113.92,113.92,113.92,0.0,0.0,0.0,0.0,IND_FIELD_0577,RCBD - 4 Replications,4,ICAR AICRP & Syngenta Multi-Locational Trials,https://icar.org.in
TR-2024-UT-00578,EXP-2024-UT-ONI-0289,ICAR_SYNGENTA_TRIALS,India,Uttar Pradesh,Indo-Gangetic Plain (Central),Varanasi,25.3176,82.9739,Onion,Onion,Rabi,2024,Syngenta Quantis,Syngenta Quantis,Biostimulant,1,Syngenta Quantis,2.0,0,1,0.61,0.61,7.49,189.4,29.4,225.8,41.5,13.8,0.72,0.58,27.2,5,201.5,1768.0,70.6,12.8,20.2,0.603,121.58,121.58,113.92,121.58,7.66,6.72,7.66,33436.0,IND_FIELD_0578,RCBD - 4 Replications,4,ICAR AICRP & Syngenta Multi-Locational Trials,https://icar.org.in
TR-2021-TA-00579,EXP-2021-TA-MUS-0290,ICAR_SYNGENTA_TRIALS,India,Tamil Nadu,Tamil Nadu & Cauvery Delta,Coimbatore,11.0168,76.9558,Mustard / Rapeseed,Mustard / Rapeseed,Rabi,2021,Control (Untreated Check),Untreated Check,Untreated Check,0,Untreated,0.0,1,0,0.63,0.63,6.8,185.1,17.4,307.6,28.3,12.7,0.78,0.57,24.8,5,55.3,1612.0,75.3,11.9,18.2,0.747,4.93,4.93,4.93,4.93,0.0,0.0,0.0,0.0,IND_FIELD_0579,RCBD - 4 Replications,4,ICAR AICRP & Syngenta Multi-Locational Trials,https://icar.org.in
TR-2021-TA-00580,EXP-2021-TA-MUS-0290,ICAR_SYNGENTA_TRIALS,India,Tamil Nadu,Tamil Nadu & Cauvery Delta,Coimbatore,11.0168,76.9558,Mustard / Rapeseed,Mustard / Rapeseed,Rabi,2021,Syngenta Quantis,Syngenta Quantis,Biostimulant,1,Syngenta Quantis,1.5,0,1,0.63,0.63,6.8,185.1,17.4,307.6,28.3,12.7,0.78,0.57,24.8,5,55.3,1612.0,75.3,11.9,18.2,0.747,5.99,5.99,4.93,5.99,1.06,21.5,1.06,3526.0,IND_FIELD_0580,RCBD - 4 Replications,4,ICAR AICRP & Syngenta Multi-Locational Trials,https://icar.org.in
TR-2022-MA-00581,EXP-2022-MA-GRO-0291,ICAR_SYNGENTA_TRIALS,India,Madhya Pradesh,Madhya Pradesh & Central Belt,Bhopal,23.2599,77.4126,Groundnut (Peanut),Groundnut (Peanut),Kharif,2022,Control (Untreated Check),Untreated Check,Untreated Check,0,Untreated,0.0,1,0,0.48,0.48,6.87,251.9,14.5,294.0,26.3,13.4,1.01,0.49,29.4,8,827.8,1911.0,78.1,10.3,17.5,0.679,9.22,9.22,9.22,9.22,0.0,0.0,0.0,0.0,IND_FIELD_0581,RCBD - 4 Replications,4,ICAR AICRP & Syngenta Multi-Locational Trials,https://icar.org.in
TR-2022-MA-00582,EXP-2022-MA-GRO-0291,ICAR_SYNGENTA_TRIALS,India,Madhya Pradesh,Madhya Pradesh & Central Belt,Bhopal,23.2599,77.4126,Groundnut (Peanut),Groundnut (Peanut),Kharif,2022,Syngenta Isabion,Syngenta Isabion,Biostimulant,1,Syngenta Isabion,1.5,0,1,0.48,0.48,6.87,251.9,14.5,294.0,26.3,13.4,1.01,0.49,29.4,8,827.8,1911.0,78.1,10.3,17.5,0.679,11.33,11.33,9.22,11.33,2.11,22.89,2.11,8356.0,IND_FIELD_0582,RCBD - 4 Replications,4,ICAR AICRP & Syngenta Multi-Locational Trials,https://icar.org.in
TR-2024-TE-00583,EXP-2024-TE-TUR-0292,ICAR_SYNGENTA_TRIALS,India,Telangana,Telangana & Andhra (Krishna Basin),Warangal,17.9689,79.5941,Tur / Pigeon Pea (Arhar),Tur / Pigeon Pea (Arhar),Kharif,2024,Control (Untreated Check),Untreated Check,Untreated Check,0,Untreated,0.0,1,0,0.43,0.43,7.73,239.9,15.3,277.6,37.0,12.3,0.85,0.49,33.8,3,873.1,2197.0,83.4,12.1,20.9,0.663,6.52,6.52,6.52,6.52,0.0,0.0,0.0,0.0,IND_FIELD_0583,RCBD - 4 Replications,4,ICAR AICRP & Syngenta Multi-Locational Trials,https://icar.org.in
TR-2024-TE-00584,EXP-2024-TE-TUR-0292,ICAR_SYNGENTA_TRIALS,India,Telangana,Telangana & Andhra (Krishna Basin),Warangal,17.9689,79.5941,Tur / Pigeon Pea (Arhar),Tur / Pigeon Pea (Arhar),Kharif,2024,Syngenta Quantis,Syngenta Quantis,Biostimulant,1,Syngenta Quantis,2.0,0,1,0.43,0.43,7.73,239.9,15.3,277.6,37.0,12.3,0.85,0.49,33.8,3,873.1,2197.0,83.4,12.1,20.9,0.663,6.49,6.49,6.52,6.49,0.0,0.0,0.0,-1800.0,IND_FIELD_0584,RCBD - 4 Replications,4,ICAR AICRP & Syngenta Multi-Locational Trials,https://icar.org.in
TR-2023-KA-00585,EXP-2023-KA-TOM-0293,ICAR_SYNGENTA_TRIALS,India,Karnataka,Karnataka (Deccan Plateau),Dharwad,15.4589,75.0078,Tomato,Tomato,Annual,2023,Control (Untreated Check),Untreated Check,Untreated Check,0,Untreated,0.0,1,0,0.52,0.52,6.94,285.5,20.5,217.8,27.3,10.3,0.97,0.55,34.1,2,76.6,2216.5,92.0,14.5,18.3,0.787,159.78,159.78,159.78,159.78,0.0,0.0,0.0,0.0,IND_FIELD_0585,RCBD - 4 Replications,4,ICAR AICRP & Syngenta Multi-Locational Trials,https://icar.org.in
TR-2023-KA-00586,EXP-2023-KA-TOM-0293,ICAR_SYNGENTA_TRIALS,India,Karnataka,Karnataka (Deccan Plateau),Dharwad,15.4589,75.0078,Tomato,Tomato,Annual,2023,Syngenta Isabion,Syngenta Isabion,Biostimulant,1,Syngenta Isabion,2.5,0,1,0.52,0.52,6.94,285.5,20.5,217.8,27.3,10.3,0.97,0.55,34.1,2,76.6,2216.5,92.0,14.5,18.3,0.787,170.75,170.75,159.78,170.75,10.97,6.87,10.97,48212.0,IND_FIELD_0586,RCBD - 4 Replications,4,ICAR AICRP & Syngenta Multi-Locational Trials,https://icar.org.in
TR-2025-TE-00587,EXP-2025-TE-MUS-0294,ICAR_SYNGENTA_TRIALS,India,Telangana,Telangana & Andhra (Krishna Basin),Warangal,17.9689,79.5941,Mustard / Rapeseed,Mustard / Rapeseed,Rabi,2025,Control (Untreated Check),Untreated Check,Untreated Check,0,Untreated,0.0,1,0,0.44,0.44,7.04,250.2,11.8,294.6,23.3,9.8,0.71,0.59,26.5,5,30.0,1722.5,82.1,8.1,20.1,0.674,6.53,6.53,6.53,6.53,0.0,0.0,0.0,0.0,IND_FIELD_0587,RCBD - 4 Replications,4,ICAR AICRP & Syngenta Multi-Locational Trials,https://icar.org.in
TR-2025-TE-00588,EXP-2025-TE-MUS-0294,ICAR_SYNGENTA_TRIALS,India,Telangana,Telangana & Andhra (Krishna Basin),Warangal,17.9689,79.5941,Mustard / Rapeseed,Mustard / Rapeseed,Rabi,2025,Syngenta Quantis,Syngenta Quantis,Biostimulant,1,Syngenta Quantis,1.5,0,1,0.44,0.44,7.04,250.2,11.8,294.6,23.3,9.8,0.71,0.59,26.5,5,30.0,1722.5,82.1,8.1,20.1,0.674,7.41,7.41,6.53,7.41,0.88,13.48,0.88,2698.0,IND_FIELD_0588,RCBD - 4 Replications,4,ICAR AICRP & Syngenta Multi-Locational Trials,https://icar.org.in
TR-2024-TA-00589,EXP-2024-TA-RIC-0295,ICAR_SYNGENTA_TRIALS,India,Tamil Nadu,Tamil Nadu & Cauvery Delta,Coimbatore,11.0168,76.9558,Rice (Paddy),Rice (Paddy),Kharif,2024,Control (Untreated Check),Untreated Check,Untreated Check,0,Untreated,0.0,1,0,0.52,0.52,7.47,234.5,8.1,211.8,36.3,17.6,0.67,0.52,29.4,3,591.4,1911.0,64.7,11.5,24.7,0.664,19.09,19.09,19.09,19.09,0.0,0.0,0.0,0.0,IND_FIELD_0589,RCBD - 4 Replications,4,ICAR AICRP & Syngenta Multi-Locational Trials,https://icar.org.in
TR-2024-TA-00590,EXP-2024-TA-RIC-0295,ICAR_SYNGENTA_TRIALS,India,Tamil Nadu,Tamil Nadu & Cauvery Delta,Coimbatore,11.0168,76.9558,Rice (Paddy),Rice (Paddy),Kharif,2024,Syngenta Quantis,Syngenta Quantis,Biostimulant,1,Syngenta Quantis,2.0,0,1,0.52,0.52,7.47,234.5,8.1,211.8,36.3,17.6,0.67,0.52,29.4,3,591.4,1911.0,64.7,11.5,24.7,0.664,21.14,21.14,19.09,21.14,2.05,10.74,2.05,7630.0,IND_FIELD_0590,RCBD - 4 Replications,4,ICAR AICRP & Syngenta Multi-Locational Trials,https://icar.org.in
TR-2025-PU-00591,EXP-2025-PU-MAI-0296,ICAR_SYNGENTA_TRIALS,India,Punjab,Punjab & Haryana (Indo-Gangetic),Ludhiana,30.901,75.8573,Maize,Maize,Kharif,2025,Control (Untreated Check),Untreated Check,Untreated Check,0,Untreated,0.0,1,0,0.55,0.55,8.6,210.4,41.5,175.7,41.8,9.9,0.83,0.49,30.3,2,737.8,1969.5,65.7,8.9,15.8,0.635,20.93,20.93,20.93,20.93,0.0,0.0,0.0,0.0,IND_FIELD_0591,RCBD - 4 Replications,4,ICAR AICRP & Syngenta Multi-Locational Trials,https://icar.org.in
TR-2025-PU-00592,EXP-2025-PU-MAI-0296,ICAR_SYNGENTA_TRIALS,India,Punjab,Punjab & Haryana (Indo-Gangetic),Ludhiana,30.901,75.8573,Maize,Maize,Kharif,2025,Syngenta Isabion,Syngenta Isabion,Biostimulant,1,Syngenta Isabion,2.0,0,1,0.55,0.55,8.6,210.4,41.5,175.7,41.8,9.9,0.83,0.49,30.3,2,737.8,1969.5,65.7,8.9,15.8,0.635,22.11,22.11,20.93,22.11,1.18,5.64,1.18,3628.0,IND_FIELD_0592,RCBD - 4 Replications,4,ICAR AICRP & Syngenta Multi-Locational Trials,https://icar.org.in
TR-2021-UT-00593,EXP-2021-UT-SUG-0297,ICAR_SYNGENTA_TRIALS,India,Uttar Pradesh,Indo-Gangetic Plain (Central),Varanasi,25.3176,82.9739,Sugarcane,Sugarcane,Annual,2021,Control (Untreated Check),Untreated Check,Untreated Check,0,Untreated,0.0,1,0,0.58,0.58,7.03,198.8,37.2,219.1,41.5,10.5,0.94,0.41,29.7,1,234.2,1930.5,74.0,8.5,19.2,0.7,343.33,343.33,343.33,343.33,0.0,0.0,0.0,0.0,IND_FIELD_0593,RCBD - 4 Replications,4,ICAR AICRP & Syngenta Multi-Locational Trials,https://icar.org.in
TR-2021-UT-00594,EXP-2021-UT-SUG-0297,ICAR_SYNGENTA_TRIALS,India,Uttar Pradesh,Indo-Gangetic Plain (Central),Varanasi,25.3176,82.9739,Sugarcane,Sugarcane,Annual,2021,Syngenta CropBio+,Syngenta CropBio+,Biostimulant,1,Syngenta CropBio+,3.0,0,1,0.58,0.58,7.03,198.8,37.2,219.1,41.5,10.5,0.94,0.41,29.7,1,234.2,1930.5,74.0,8.5,19.2,0.7,370.5,370.5,343.33,370.5,27.17,7.91,27.17,122282.0,IND_FIELD_0594,RCBD - 4 Replications,4,ICAR AICRP & Syngenta Multi-Locational Trials,https://icar.org.in
TR-2024-MA-00595,EXP-2024-MA-RIC-0298,ICAR_SYNGENTA_TRIALS,India,Madhya Pradesh,Madhya Pradesh & Central Belt,Bhopal,23.2599,77.4126,Rice (Paddy),Rice (Paddy),Kharif,2024,Control (Untreated Check),Untreated Check,Untreated Check,0,Untreated,0.0,1,0,0.63,0.63,7.42,208.3,23.7,323.9,32.4,14.5,1.23,0.2,27.0,12,645.6,1755.0,73.6,3.8,16.2,0.728,19.5,19.5,19.5,19.5,0.0,0.0,0.0,0.0,IND_FIELD_0595,RCBD - 4 Replications,4,ICAR AICRP & Syngenta Multi-Locational Trials,https://icar.org.in
TR-2024-MA-00596,EXP-2024-MA-RIC-0298,ICAR_SYNGENTA_TRIALS,India,Madhya Pradesh,Madhya Pradesh & Central Belt,Bhopal,23.2599,77.4126,Rice (Paddy),Rice (Paddy),Kharif,2024,Syngenta Quantis,Syngenta Quantis,Biostimulant,1,Syngenta Quantis,2.0,0,1,0.63,0.63,7.42,208.3,23.7,323.9,32.4,14.5,1.23,0.2,27.0,12,645.6,1755.0,73.6,3.8,16.2,0.728,23.5,23.5,19.5,23.5,4.0,20.51,4.0,16600.0,IND_FIELD_0596,RCBD - 4 Replications,4,ICAR AICRP & Syngenta Multi-Locational Trials,https://icar.org.in
TR-2025-TE-00597,EXP-2025-TE-MAI-0299,ICAR_SYNGENTA_TRIALS,India,Telangana,Telangana & Andhra (Krishna Basin),Warangal,17.9689,79.5941,Maize,Maize,Kharif,2025,Control (Untreated Check),Untreated Check,Untreated Check,0,Untreated,0.0,1,0,0.41,0.41,7.12,155.2,25.5,257.3,28.3,17.7,0.53,0.41,29.3,1,732.0,1904.5,67.3,9.4,21.7,0.725,24.65,24.65,24.65,24.65,0.0,0.0,0.0,0.0,IND_FIELD_0597,RCBD - 4 Replications,4,ICAR AICRP & Syngenta Multi-Locational Trials,https://icar.org.in
TR-2025-TE-00598,EXP-2025-TE-MAI-0299,ICAR_SYNGENTA_TRIALS,India,Telangana,Telangana & Andhra (Krishna Basin),Warangal,17.9689,79.5941,Maize,Maize,Kharif,2025,Syngenta Isabion,Syngenta Isabion,Biostimulant,1,Syngenta Isabion,2.0,0,1,0.41,0.41,7.12,155.2,25.5,257.3,28.3,17.7,0.53,0.41,29.3,1,732.0,1904.5,67.3,9.4,21.7,0.725,26.92,26.92,24.65,26.92,2.27,9.21,2.27,8642.0,IND_FIELD_0598,RCBD - 4 Replications,4,ICAR AICRP & Syngenta Multi-Locational Trials,https://icar.org.in
TR-2022-PU-00599,EXP-2022-PU-GRO-0300,ICAR_SYNGENTA_TRIALS,India,Punjab,Punjab & Haryana (Indo-Gangetic),Ludhiana,30.901,75.8573,Groundnut (Peanut),Groundnut (Peanut),Kharif,2022,Control (Untreated Check),Untreated Check,Untreated Check,0,Untreated,0.0,1,0,0.39,0.39,7.98,188.6,30.7,133.3,43.2,14.4,1.14,0.52,25.9,4,706.9,1683.5,56.6,8.4,19.5,0.578,11.01,11.01,11.01,11.01,0.0,0.0,0.0,0.0,IND_FIELD_0599,RCBD - 4 Replications,4,ICAR AICRP & Syngenta Multi-Locational Trials,https://icar.org.in
TR-2022-PU-00600,EXP-2022-PU-GRO-0300,ICAR_SYNGENTA_TRIALS,India,Punjab,Punjab & Haryana (Indo-Gangetic),Ludhiana,30.901,75.8573,Groundnut (Peanut),Groundnut (Peanut),Kharif,2022,Syngenta Isabion,Syngenta Isabion,Biostimulant,1,Syngenta Isabion,1.5,0,1,0.39,0.39,7.98,188.6,30.7,133.3,43.2,14.4,1.14,0.52,25.9,4,706.9,1683.5,56.6,8.4,19.5,0.578,10.6,10.6,11.01,10.6,0.0,0.0,0.0,-1350.0,IND_FIELD_0600,RCBD - 4 Replications,4,ICAR AICRP & Syngenta Multi-Locational Trials,https://icar.org.in
TR-2021-PU-00601,EXP-2021-PU-CHI-0301,ICAR_SYNGENTA_TRIALS,India,Punjab,Punjab & Haryana (Indo-Gangetic),Ludhiana,30.901,75.8573,Chickpea (Gram / Chana),Chickpea (Gram / Chana),Rabi,2021,Control (Untreated Check),Untreated Check,Untreated Check,0,Untreated,0.0,1,0,0.44,0.44,8.6,222.6,37.1,184.5,19.1,7.5,1.05,0.65,26.6,4,176.7,1729.0,70.5,7.5,18.2,0.68,6.99,6.99,6.99,6.99,0.0,0.0,0.0,0.0,IND_FIELD_0601,RCBD - 4 Replications,4,ICAR AICRP & Syngenta Multi-Locational Trials,https://icar.org.in
TR-2021-PU-00602,EXP-2021-PU-CHI-0301,ICAR_SYNGENTA_TRIALS,India,Punjab,Punjab & Haryana (Indo-Gangetic),Ludhiana,30.901,75.8573,Chickpea (Gram / Chana),Chickpea (Gram / Chana),Rabi,2021,Syngenta Isabion,Syngenta Isabion,Biostimulant,1,Syngenta Isabion,1.5,0,1,0.44,0.44,8.6,222.6,37.1,184.5,19.1,7.5,1.05,0.65,26.6,4,176.7,1729.0,70.5,7.5,18.2,0.68,8.2,8.2,6.99,8.2,1.21,17.31,1.21,4216.0,IND_FIELD_0602,RCBD - 4 Replications,4,ICAR AICRP & Syngenta Multi-Locational Trials,https://icar.org.in
TR-2025-TE-00603,EXP-2025-TE-TOM-0302,ICAR_SYNGENTA_TRIALS,India,Telangana,Telangana & Andhra (Krishna Basin),Warangal,17.9689,79.5941,Tomato,Tomato,Annual,2025,Control (Untreated Check),Untreated Check,Untreated Check,0,Untreated,0.0,1,0,0.59,0.59,6.83,207.5,15.6,345.5,47.8,12.4,0.82,0.65,26.4,1,236.5,1716.0,67.8,4.6,15.2,0.656,168.74,168.74,168.74,168.74,0.0,0.0,0.0,0.0,IND_FIELD_0603,RCBD - 4 Replications,4,ICAR AICRP & Syngenta Multi-Locational Trials,https://icar.org.in
TR-2025-TE-00604,EXP-2025-TE-TOM-0302,ICAR_SYNGENTA_TRIALS,India,Telangana,Telangana & Andhra (Krishna Basin),Warangal,17.9689,79.5941,Tomato,Tomato,Annual,2025,Syngenta Isabion,Syngenta Isabion,Biostimulant,1,Syngenta Isabion,2.5,0,1,0.59,0.59,6.83,207.5,15.6,345.5,47.8,12.4,0.82,0.65,26.4,1,236.5,1716.0,67.8,4.6,15.2,0.656,176.22,176.22,168.74,176.22,7.48,4.43,7.48,32158.0,IND_FIELD_0604,RCBD - 4 Replications,4,ICAR AICRP & Syngenta Multi-Locational Trials,https://icar.org.in
TR-2021-TA-00605,EXP-2021-TA-RIC-0303,ICAR_SYNGENTA_TRIALS,India,Tamil Nadu,Tamil Nadu & Cauvery Delta,Coimbatore,11.0168,76.9558,Rice (Paddy),Rice (Paddy),Kharif,2021,Control (Untreated Check),Untreated Check,Untreated Check,0,Untreated,0.0,1,0,0.35,0.35,7.72,176.0,22.8,252.6,25.4,15.0,1.01,0.6,29.1,4,765.2,1891.5,79.1,10.1,22.5,0.711,20.94,20.94,20.94,20.94,0.0,0.0,0.0,0.0,IND_FIELD_0605,RCBD - 4 Replications,4,ICAR AICRP & Syngenta Multi-Locational Trials,https://icar.org.in
TR-2021-TA-00606,EXP-2021-TA-RIC-0303,ICAR_SYNGENTA_TRIALS,India,Tamil Nadu,Tamil Nadu & Cauvery Delta,Coimbatore,11.0168,76.9558,Rice (Paddy),Rice (Paddy),Kharif,2021,Syngenta Quantis,Syngenta Quantis,Biostimulant,1,Syngenta Quantis,2.0,0,1,0.35,0.35,7.72,176.0,22.8,252.6,25.4,15.0,1.01,0.6,29.1,4,765.2,1891.5,79.1,10.1,22.5,0.711,22.76,22.76,20.94,22.76,1.82,8.69,1.82,6572.0,IND_FIELD_0606,RCBD - 4 Replications,4,ICAR AICRP & Syngenta Multi-Locational Trials,https://icar.org.in
TR-2021-KA-00607,EXP-2021-KA-WHE-0304,ICAR_SYNGENTA_TRIALS,India,Karnataka,Karnataka (Deccan Plateau),Dharwad,15.4589,75.0078,Wheat,Wheat,Rabi,2021,Control (Untreated Check),Untreated Check,Untreated Check,0,Untreated,0.0,1,0,0.52,0.52,7.18,291.2,31.5,274.8,29.6,10.2,0.65,0.55,23.2,0,73.2,1508.0,71.9,8.0,17.5,0.729,15.46,15.46,15.46,15.46,0.0,0.0,0.0,0.0,IND_FIELD_0607,RCBD - 4 Replications,4,ICAR AICRP & Syngenta Multi-Locational Trials,https://icar.org.in
TR-2021-KA-00608,EXP-2021-KA-WHE-0304,ICAR_SYNGENTA_TRIALS,India,Karnataka,Karnataka (Deccan Plateau),Dharwad,15.4589,75.0078,Wheat,Wheat,Rabi,2021,Syngenta Quantis,Syngenta Quantis,Biostimulant,1,Syngenta Quantis,1.5,0,1,0.52,0.52,7.18,291.2,31.5,274.8,29.6,10.2,0.65,0.55,23.2,0,73.2,1508.0,71.9,8.0,17.5,0.729,15.0,15.0,15.46,15.0,0.0,0.0,0.0,-1350.0,IND_FIELD_0608,RCBD - 4 Replications,4,ICAR AICRP & Syngenta Multi-Locational Trials,https://icar.org.in
TR-2021-TA-00609,EXP-2021-TA-SOY-0305,ICAR_SYNGENTA_TRIALS,India,Tamil Nadu,Tamil Nadu & Cauvery Delta,Coimbatore,11.0168,76.9558,Soybean,Soybean,Kharif,2021,Control (Untreated Check),Untreated Check,Untreated Check,0,Untreated,0.0,1,0,0.54,0.54,8.03,254.1,20.9,335.0,39.6,12.8,0.9,0.58,28.2,4,653.0,1833.0,57.0,4.7,18.2,0.608,10.15,10.15,10.15,10.15,0.0,0.0,0.0,0.0,IND_FIELD_0609,RCBD - 4 Replications,4,ICAR AICRP & Syngenta Multi-Locational Trials,https://icar.org.in
TR-2021-TA-00610,EXP-2021-TA-SOY-0305,ICAR_SYNGENTA_TRIALS,India,Tamil Nadu,Tamil Nadu & Cauvery Delta,Coimbatore,11.0168,76.9558,Soybean,Soybean,Kharif,2021,Syngenta Quantis,Syngenta Quantis,Biostimulant,1,Syngenta Quantis,2.0,0,1,0.54,0.54,8.03,254.1,20.9,335.0,39.6,12.8,0.9,0.58,28.2,4,653.0,1833.0,57.0,4.7,18.2,0.608,11.96,11.96,10.15,11.96,1.81,17.83,1.81,6526.0,IND_FIELD_0610,RCBD - 4 Replications,4,ICAR AICRP & Syngenta Multi-Locational Trials,https://icar.org.in
TR-2021-KA-00611,EXP-2021-KA-MAI-0306,ICAR_SYNGENTA_TRIALS,India,Karnataka,Karnataka (Deccan Plateau),Dharwad,15.4589,75.0078,Maize,Maize,Kharif,2021,Control (Untreated Check),Untreated Check,Untreated Check,0,Untreated,0.0,1,0,0.57,0.57,7.57,245.8,12.2,296.0,34.4,14.3,0.81,0.45,33.0,1,496.2,2145.0,76.5,13.0,17.9,0.694,23.26,23.26,23.26,23.26,0.0,0.0,0.0,0.0,IND_FIELD_0611,RCBD - 4 Replications,4,ICAR AICRP & Syngenta Multi-Locational Trials,https://icar.org.in
TR-2021-KA-00612,EXP-2021-KA-MAI-0306,ICAR_SYNGENTA_TRIALS,India,Karnataka,Karnataka (Deccan Plateau),Dharwad,15.4589,75.0078,Maize,Maize,Kharif,2021,Syngenta Isabion,Syngenta Isabion,Biostimulant,1,Syngenta Isabion,2.0,0,1,0.57,0.57,7.57,245.8,12.2,296.0,34.4,14.3,0.81,0.45,33.0,1,496.2,2145.0,76.5,13.0,17.9,0.694,25.74,25.74,23.26,25.74,2.48,10.66,2.48,9608.0,IND_FIELD_0612,RCBD - 4 Replications,4,ICAR AICRP & Syngenta Multi-Locational Trials,https://icar.org.in
TR-2024-KA-00613,EXP-2024-KA-RIC-0307,ICAR_SYNGENTA_TRIALS,India,Karnataka,Karnataka (Deccan Plateau),Dharwad,15.4589,75.0078,Rice (Paddy),Rice (Paddy),Kharif,2024,Control (Untreated Check),Untreated Check,Untreated Check,0,Untreated,0.0,1,0,0.62,0.62,6.95,245.9,25.9,270.8,33.1,9.3,0.67,0.65,24.9,5,481.4,1618.5,66.7,5.9,18.0,0.635,19.22,19.22,19.22,19.22,0.0,0.0,0.0,0.0,IND_FIELD_0613,RCBD - 4 Replications,4,ICAR AICRP & Syngenta Multi-Locational Trials,https://icar.org.in
TR-2024-KA-00614,EXP-2024-KA-RIC-0307,ICAR_SYNGENTA_TRIALS,India,Karnataka,Karnataka (Deccan Plateau),Dharwad,15.4589,75.0078,Rice (Paddy),Rice (Paddy),Kharif,2024,Syngenta Quantis,Syngenta Quantis,Biostimulant,1,Syngenta Quantis,2.0,0,1,0.62,0.62,6.95,245.9,25.9,270.8,33.1,9.3,0.67,0.65,24.9,5,481.4,1618.5,66.7,5.9,18.0,0.635,22.57,22.57,19.22,22.57,3.35,17.43,3.35,13610.0,IND_FIELD_0614,RCBD - 4 Replications,4,ICAR AICRP & Syngenta Multi-Locational Trials,https://icar.org.in
TR-2022-TE-00615,EXP-2022-TE-TUR-0308,ICAR_SYNGENTA_TRIALS,India,Telangana,Telangana & Andhra (Krishna Basin),Warangal,17.9689,79.5941,Tur / Pigeon Pea (Arhar),Tur / Pigeon Pea (Arhar),Kharif,2022,Control (Untreated Check),Untreated Check,Untreated Check,0,Untreated,0.0,1,0,0.38,0.38,7.01,194.3,17.2,302.1,36.7,16.2,0.47,0.6,29.8,2,613.8,1937.0,55.6,4.7,18.5,0.673,7.8,7.8,7.8,7.8,0.0,0.0,0.0,0.0,IND_FIELD_0615,RCBD - 4 Replications,4,ICAR AICRP & Syngenta Multi-Locational Trials,https://icar.org.in
TR-2022-TE-00616,EXP-2022-TE-TUR-0308,ICAR_SYNGENTA_TRIALS,India,Telangana,Telangana & Andhra (Krishna Basin),Warangal,17.9689,79.5941,Tur / Pigeon Pea (Arhar),Tur / Pigeon Pea (Arhar),Kharif,2022,Syngenta Quantis,Syngenta Quantis,Biostimulant,1,Syngenta Quantis,2.0,0,1,0.38,0.38,7.01,194.3,17.2,302.1,36.7,16.2,0.47,0.6,29.8,2,613.8,1937.0,55.6,4.7,18.5,0.673,8.58,8.58,7.8,8.58,0.78,10.0,0.78,1788.0,IND_FIELD_0616,RCBD - 4 Replications,4,ICAR AICRP & Syngenta Multi-Locational Trials,https://icar.org.in
TR-2023-TE-00617,EXP-2023-TE-CHI-0309,ICAR_SYNGENTA_TRIALS,India,Telangana,Telangana & Andhra (Krishna Basin),Warangal,17.9689,79.5941,Chickpea (Gram / Chana),Chickpea (Gram / Chana),Rabi,2023,Control (Untreated Check),Untreated Check,Untreated Check,0,Untreated,0.0,1,0,0.44,0.44,7.28,182.5,18.8,231.6,24.2,20.0,0.49,0.52,31.0,4,177.3,2015.0,79.4,10.7,19.7,0.592,6.3,6.3,6.3,6.3,0.0,0.0,0.0,0.0,IND_FIELD_0617,RCBD - 4 Replications,4,ICAR AICRP & Syngenta Multi-Locational Trials,https://icar.org.in
TR-2023-TE-00618,EXP-2023-TE-CHI-0309,ICAR_SYNGENTA_TRIALS,India,Telangana,Telangana & Andhra (Krishna Basin),Warangal,17.9689,79.5941,Chickpea (Gram / Chana),Chickpea (Gram / Chana),Rabi,2023,Syngenta Isabion,Syngenta Isabion,Biostimulant,1,Syngenta Isabion,1.5,0,1,0.44,0.44,7.28,182.5,18.8,231.6,24.2,20.0,0.49,0.52,31.0,4,177.3,2015.0,79.4,10.7,19.7,0.592,6.57,6.57,6.3,6.57,0.27,4.29,0.27,-108.0,IND_FIELD_0618,RCBD - 4 Replications,4,ICAR AICRP & Syngenta Multi-Locational Trials,https://icar.org.in
TR-2025-KA-00619,EXP-2025-KA-TOM-0310,ICAR_SYNGENTA_TRIALS,India,Karnataka,Karnataka (Deccan Plateau),Dharwad,15.4589,75.0078,Tomato,Tomato,Annual,2025,Control (Untreated Check),Untreated Check,Untreated Check,0,Untreated,0.0,1,0,0.33,0.33,6.96,251.2,25.2,323.5,32.1,16.3,0.79,0.65,24.8,3,30.0,1612.0,69.5,11.5,22.8,0.606,138.01,138.01,138.01,138.01,0.0,0.0,0.0,0.0,IND_FIELD_0619,RCBD - 4 Replications,4,ICAR AICRP & Syngenta Multi-Locational Trials,https://icar.org.in
TR-2025-KA-00620,EXP-2025-KA-TOM-0310,ICAR_SYNGENTA_TRIALS,India,Karnataka,Karnataka (Deccan Plateau),Dharwad,15.4589,75.0078,Tomato,Tomato,Annual,2025,Syngenta Isabion,Syngenta Isabion,Biostimulant,1,Syngenta Isabion,2.5,0,1,0.33,0.33,6.96,251.2,25.2,323.5,32.1,16.3,0.79,0.65,24.8,3,30.0,1612.0,69.5,11.5,22.8,0.606,153.46,153.46,138.01,153.46,15.45,11.19,15.45,68820.0,IND_FIELD_0620,RCBD - 4 Replications,4,ICAR AICRP & Syngenta Multi-Locational Trials,https://icar.org.in
TR-2023-GU-00621,EXP-2023-GU-TUR-0311,ICAR_SYNGENTA_TRIALS,India,Gujarat,Gujarat & Saurashtra Plain,Rajkot,22.3039,70.8022,Tur / Pigeon Pea (Arhar),Tur / Pigeon Pea (Arhar),Kharif,2023,Control (Untreated Check),Untreated Check,Untreated Check,0,Untreated,0.0,1,0,0.44,0.44,8.24,194.3,19.1,379.2,24.8,14.2,0.54,0.49,28.7,2,649.1,1865.5,57.3,14.0,16.2,0.807,7.27,7.27,7.27,7.27,0.0,0.0,0.0,0.0,IND_FIELD_0621,RCBD - 4 Replications,4,ICAR AICRP & Syngenta Multi-Locational Trials,https://icar.org.in
TR-2023-GU-00622,EXP-2023-GU-TUR-0311,ICAR_SYNGENTA_TRIALS,India,Gujarat,Gujarat & Saurashtra Plain,Rajkot,22.3039,70.8022,Tur / Pigeon Pea (Arhar),Tur / Pigeon Pea (Arhar),Kharif,2023,Syngenta Quantis,Syngenta Quantis,Biostimulant,1,Syngenta Quantis,2.0,0,1,0.44,0.44,8.24,194.3,19.1,379.2,24.8,14.2,0.54,0.49,28.7,2,649.1,1865.5,57.3,14.0,16.2,0.807,8.15,8.15,7.27,8.15,0.88,12.1,0.88,2248.0,IND_FIELD_0622,RCBD - 4 Replications,4,ICAR AICRP & Syngenta Multi-Locational Trials,https://icar.org.in
TR-2021-TE-00623,EXP-2021-TE-SOY-0312,ICAR_SYNGENTA_TRIALS,India,Telangana,Telangana & Andhra (Krishna Basin),Warangal,17.9689,79.5941,Soybean,Soybean,Kharif,2021,Control (Untreated Check),Untreated Check,Untreated Check,0,Untreated,0.0,1,0,0.35,0.35,6.96,219.1,18.2,322.3,17.4,12.0,1.1,0.62,32.3,4,755.9,2099.5,86.2,9.6,19.8,0.73,10.81,10.81,10.81,10.81,0.0,0.0,0.0,0.0,IND_FIELD_0623,RCBD - 4 Replications,4,ICAR AICRP & Syngenta Multi-Locational Trials,https://icar.org.in
TR-2021-TE-00624,EXP-2021-TE-SOY-0312,ICAR_SYNGENTA_TRIALS,India,Telangana,Telangana & Andhra (Krishna Basin),Warangal,17.9689,79.5941,Soybean,Soybean,Kharif,2021,Syngenta Quantis,Syngenta Quantis,Biostimulant,1,Syngenta Quantis,2.0,0,1,0.35,0.35,6.96,219.1,18.2,322.3,17.4,12.0,1.1,0.62,32.3,4,755.9,2099.5,86.2,9.6,19.8,0.73,12.47,12.47,10.81,12.47,1.66,15.36,1.66,5836.0,IND_FIELD_0624,RCBD - 4 Replications,4,ICAR AICRP & Syngenta Multi-Locational Trials,https://icar.org.in
TR-2025-MA-00625,EXP-2025-MA-SUG-0313,ICAR_SYNGENTA_TRIALS,India,Maharashtra,Maharashtra & Vidarbha (Deccan),Nagpur,21.1458,79.0882,Sugarcane,Sugarcane,Annual,2025,Control (Untreated Check),Untreated Check,Untreated Check,0,Untreated,0.0,1,0,0.52,0.52,8.24,171.1,21.2,304.5,45.0,15.3,0.77,0.6,28.5,2,130.6,1852.5,58.0,7.3,17.3,0.614,296.21,296.21,296.21,296.21,0.0,0.0,0.0,0.0,IND_FIELD_0625,RCBD - 4 Replications,4,ICAR AICRP & Syngenta Multi-Locational Trials,https://icar.org.in
TR-2025-MA-00626,EXP-2025-MA-SUG-0313,ICAR_SYNGENTA_TRIALS,India,Maharashtra,Maharashtra & Vidarbha (Deccan),Nagpur,21.1458,79.0882,Sugarcane,Sugarcane,Annual,2025,Syngenta CropBio+,Syngenta CropBio+,Biostimulant,1,Syngenta CropBio+,3.0,0,1,0.52,0.52,8.24,171.1,21.2,304.5,45.0,15.3,0.77,0.6,28.5,2,130.6,1852.5,58.0,7.3,17.3,0.614,343.64,343.64,296.21,343.64,47.43,16.01,47.43,215478.0,IND_FIELD_0626,RCBD - 4 Replications,4,ICAR AICRP & Syngenta Multi-Locational Trials,https://icar.org.in
TR-2025-PU-00627,EXP-2025-PU-MAI-0314,ICAR_SYNGENTA_TRIALS,India,Punjab,Punjab & Haryana (Indo-Gangetic),Ludhiana,30.901,75.8573,Maize,Maize,Kharif,2025,Control (Untreated Check),Untreated Check,Untreated Check,0,Untreated,0.0,1,0,0.48,0.48,8.5,209.7,35.0,168.8,28.9,17.7,0.75,0.4,26.9,2,835.9,1748.5,59.6,7.2,16.7,0.69,24.94,24.94,24.94,24.94,0.0,0.0,0.0,0.0,IND_FIELD_0627,RCBD - 4 Replications,4,ICAR AICRP & Syngenta Multi-Locational Trials,https://icar.org.in
TR-2025-PU-00628,EXP-2025-PU-MAI-0314,ICAR_SYNGENTA_TRIALS,India,Punjab,Punjab & Haryana (Indo-Gangetic),Ludhiana,30.901,75.8573,Maize,Maize,Kharif,2025,Syngenta Isabion,Syngenta Isabion,Biostimulant,1,Syngenta Isabion,2.0,0,1,0.48,0.48,8.5,209.7,35.0,168.8,28.9,17.7,0.75,0.4,26.9,2,835.9,1748.5,59.6,7.2,16.7,0.69,26.85,26.85,24.94,26.85,1.91,7.66,1.91,6986.0,IND_FIELD_0628,RCBD - 4 Replications,4,ICAR AICRP & Syngenta Multi-Locational Trials,https://icar.org.in
TR-2023-PU-00629,EXP-2023-PU-MUS-0315,ICAR_SYNGENTA_TRIALS,India,Punjab,Punjab & Haryana (Indo-Gangetic),Ludhiana,30.901,75.8573,Mustard / Rapeseed,Mustard / Rapeseed,Rabi,2023,Control (Untreated Check),Untreated Check,Untreated Check,0,Untreated,0.0,1,0,0.48,0.48,8.05,205.7,28.4,158.9,29.2,12.5,1.01,0.65,34.2,3,221.5,2223.0,71.0,8.1,22.8,0.608,6.77,6.77,6.77,6.77,0.0,0.0,0.0,0.0,IND_FIELD_0629,RCBD - 4 Replications,4,ICAR AICRP & Syngenta Multi-Locational Trials,https://icar.org.in
TR-2023-PU-00630,EXP-2023-PU-MUS-0315,ICAR_SYNGENTA_TRIALS,India,Punjab,Punjab & Haryana (Indo-Gangetic),Ludhiana,30.901,75.8573,Mustard / Rapeseed,Mustard / Rapeseed,Rabi,2023,Syngenta Quantis,Syngenta Quantis,Biostimulant,1,Syngenta Quantis,1.5,0,1,0.48,0.48,8.05,205.7,28.4,158.9,29.2,12.5,1.01,0.65,34.2,3,221.5,2223.0,71.0,8.1,22.8,0.608,7.07,7.07,6.77,7.07,0.3,4.43,0.3,30.0,IND_FIELD_0630,RCBD - 4 Replications,4,ICAR AICRP & Syngenta Multi-Locational Trials,https://icar.org.in
TR-2022-TE-00631,EXP-2022-TE-WHE-0316,ICAR_SYNGENTA_TRIALS,India,Telangana,Telangana & Andhra (Krishna Basin),Warangal,17.9689,79.5941,Wheat,Wheat,Rabi,2022,Control (Untreated Check),Untreated Check,Untreated Check,0,Untreated,0.0,1,0,0.51,0.51,7.3,224.7,23.4,309.2,42.1,12.4,0.76,0.39,27.2,6,246.5,1768.0,78.1,5.8,16.0,0.568,14.9,14.9,14.9,14.9,0.0,0.0,0.0,0.0,IND_FIELD_0631,RCBD - 4 Replications,4,ICAR AICRP & Syngenta Multi-Locational Trials,https://icar.org.in
TR-2022-TE-00632,EXP-2022-TE-WHE-0316,ICAR_SYNGENTA_TRIALS,India,Telangana,Telangana & Andhra (Krishna Basin),Warangal,17.9689,79.5941,Wheat,Wheat,Rabi,2022,Syngenta Quantis,Syngenta Quantis,Biostimulant,1,Syngenta Quantis,1.5,0,1,0.51,0.51,7.3,224.7,23.4,309.2,42.1,12.4,0.76,0.39,27.2,6,246.5,1768.0,78.1,5.8,16.0,0.568,16.14,16.14,14.9,16.14,1.24,8.32,1.24,4354.0,IND_FIELD_0632,RCBD - 4 Replications,4,ICAR AICRP & Syngenta Multi-Locational Trials,https://icar.org.in
TR-2024-UT-00633,EXP-2024-UT-SUG-0317,ICAR_SYNGENTA_TRIALS,India,Uttar Pradesh,Indo-Gangetic Plain (Central),Varanasi,25.3176,82.9739,Sugarcane,Sugarcane,Annual,2024,Control (Untreated Check),Untreated Check,Untreated Check,0,Untreated,0.0,1,0,0.56,0.56,7.71,215.1,22.0,250.8,33.1,14.3,0.73,0.5,30.3,1,173.0,1969.5,69.2,7.4,23.4,0.646,315.92,315.92,315.92,315.92,0.0,0.0,0.0,0.0,IND_FIELD_0633,RCBD - 4 Replications,4,ICAR AICRP & Syngenta Multi-Locational Trials,https://icar.org.in
TR-2024-UT-00634,EXP-2024-UT-SUG-0317,ICAR_SYNGENTA_TRIALS,India,Uttar Pradesh,Indo-Gangetic Plain (Central),Varanasi,25.3176,82.9739,Sugarcane,Sugarcane,Annual,2024,Syngenta CropBio+,Syngenta CropBio+,Biostimulant,1,Syngenta CropBio+,3.0,0,1,0.56,0.56,7.71,215.1,22.0,250.8,33.1,14.3,0.73,0.5,30.3,1,173.0,1969.5,69.2,7.4,23.4,0.646,339.93,339.93,315.92,339.93,24.01,7.6,24.01,107746.0,IND_FIELD_0634,RCBD - 4 Replications,4,ICAR AICRP & Syngenta Multi-Locational Trials,https://icar.org.in
TR-2023-TA-00635,EXP-2023-TA-CHI-0318,ICAR_SYNGENTA_TRIALS,India,Tamil Nadu,Tamil Nadu & Cauvery Delta,Coimbatore,11.0168,76.9558,Chickpea (Gram / Chana),Chickpea (Gram / Chana),Rabi,2023,Control (Untreated Check),Untreated Check,Untreated Check,0,Untreated,0.0,1,0,0.72,0.72,7.26,238.2,12.2,274.0,35.2,15.9,0.96,0.65,27.2,4,199.6,1768.0,56.3,10.1,19.5,0.65,7.03,7.03,7.03,7.03,0.0,0.0,0.0,0.0,IND_FIELD_0635,RCBD - 4 Replications,4,ICAR AICRP & Syngenta Multi-Locational Trials,https://icar.org.in
TR-2023-TA-00636,EXP-2023-TA-CHI-0318,ICAR_SYNGENTA_TRIALS,India,Tamil Nadu,Tamil Nadu & Cauvery Delta,Coimbatore,11.0168,76.9558,Chickpea (Gram / Chana),Chickpea (Gram / Chana),Rabi,2023,Syngenta Isabion,Syngenta Isabion,Biostimulant,1,Syngenta Isabion,1.5,0,1,0.72,0.72,7.26,238.2,12.2,274.0,35.2,15.9,0.96,0.65,27.2,4,199.6,1768.0,56.3,10.1,19.5,0.65,8.3,8.3,7.03,8.3,1.27,18.07,1.27,4492.0,IND_FIELD_0636,RCBD - 4 Replications,4,ICAR AICRP & Syngenta Multi-Locational Trials,https://icar.org.in
TR-2021-MA-00637,EXP-2021-MA-SUG-0319,ICAR_SYNGENTA_TRIALS,India,Madhya Pradesh,Madhya Pradesh & Central Belt,Bhopal,23.2599,77.4126,Sugarcane,Sugarcane,Annual,2021,Control (Untreated Check),Untreated Check,Untreated Check,0,Untreated,0.0,1,0,0.53,0.53,7.13,197.2,20.0,263.0,29.4,12.4,1.01,0.56,36.1,0,154.3,2346.5,74.9,6.9,17.3,0.716,276.33,276.33,276.33,276.33,0.0,0.0,0.0,0.0,IND_FIELD_0637,RCBD - 4 Replications,4,ICAR AICRP & Syngenta Multi-Locational Trials,https://icar.org.in
TR-2021-MA-00638,EXP-2021-MA-SUG-0319,ICAR_SYNGENTA_TRIALS,India,Madhya Pradesh,Madhya Pradesh & Central Belt,Bhopal,23.2599,77.4126,Sugarcane,Sugarcane,Annual,2021,Syngenta CropBio+,Syngenta CropBio+,Biostimulant,1,Syngenta CropBio+,3.0,0,1,0.53,0.53,7.13,197.2,20.0,263.0,29.4,12.4,1.01,0.56,36.1,0,154.3,2346.5,74.9,6.9,17.3,0.716,300.87,300.87,276.33,300.87,24.54,8.88,24.54,110184.0,IND_FIELD_0638,RCBD - 4 Replications,4,ICAR AICRP & Syngenta Multi-Locational Trials,https://icar.org.in
TR-2021-MA-00639,EXP-2021-MA-SUG-0320,ICAR_SYNGENTA_TRIALS,India,Maharashtra,Maharashtra & Vidarbha (Deccan),Nagpur,21.1458,79.0882,Sugarcane,Sugarcane,Annual,2021,Control (Untreated Check),Untreated Check,Untreated Check,0,Untreated,0.0,1,0,0.56,0.56,7.27,199.0,25.5,366.4,35.1,17.5,1.21,0.55,27.3,1,248.9,1774.5,62.6,10.4,17.4,0.654,316.95,316.95,316.95,316.95,0.0,0.0,0.0,0.0,IND_FIELD_0639,RCBD - 4 Replications,4,ICAR AICRP & Syngenta Multi-Locational Trials,https://icar.org.in
TR-2021-MA-00640,EXP-2021-MA-SUG-0320,ICAR_SYNGENTA_TRIALS,India,Maharashtra,Maharashtra & Vidarbha (Deccan),Nagpur,21.1458,79.0882,Sugarcane,Sugarcane,Annual,2021,Syngenta CropBio+,Syngenta CropBio+,Biostimulant,1,Syngenta CropBio+,3.0,0,1,0.56,0.56,7.27,199.0,25.5,366.4,35.1,17.5,1.21,0.55,27.3,1,248.9,1774.5,62.6,10.4,17.4,0.654,362.95,362.95,316.95,362.95,46.0,14.51,46.0,208900.0,IND_FIELD_0640,RCBD - 4 Replications,4,ICAR AICRP & Syngenta Multi-Locational Trials,https://icar.org.in
TR-2025-TA-00641,EXP-2025-TA-SUG-0321,ICAR_SYNGENTA_TRIALS,India,Tamil Nadu,Tamil Nadu & Cauvery Delta,Coimbatore,11.0168,76.9558,Sugarcane,Sugarcane,Annual,2025,Control (Untreated Check),Untreated Check,Untreated Check,0,Untreated,0.0,1,0,0.49,0.49,7.32,208.8,24.0,307.9,28.5,14.1,0.91,0.47,23.9,4,30.0,1553.5,71.1,12.7,16.9,0.716,274.34,274.34,274.34,274.34,0.0,0.0,0.0,0.0,IND_FIELD_0641,RCBD - 4 Replications,4,ICAR AICRP & Syngenta Multi-Locational Trials,https://icar.org.in
TR-2025-TA-00642,EXP-2025-TA-SUG-0321,ICAR_SYNGENTA_TRIALS,India,Tamil Nadu,Tamil Nadu & Cauvery Delta,Coimbatore,11.0168,76.9558,Sugarcane,Sugarcane,Annual,2025,Syngenta CropBio+,Syngenta CropBio+,Biostimulant,1,Syngenta CropBio+,3.0,0,1,0.49,0.49,7.32,208.8,24.0,307.9,28.5,14.1,0.91,0.47,23.9,4,30.0,1553.5,71.1,12.7,16.9,0.716,314.11,314.11,274.34,314.11,39.77,14.5,39.77,180242.0,IND_FIELD_0642,RCBD - 4 Replications,4,ICAR AICRP & Syngenta Multi-Locational Trials,https://icar.org.in
TR-2024-GU-00643,EXP-2024-GU-TUR-0322,ICAR_SYNGENTA_TRIALS,India,Gujarat,Gujarat & Saurashtra Plain,Rajkot,22.3039,70.8022,Tur / Pigeon Pea (Arhar),Tur / Pigeon Pea (Arhar),Kharif,2024,Control (Untreated Check),Untreated Check,Untreated Check,0,Untreated,0.0,1,0,0.47,0.47,7.36,199.8,23.3,272.6,38.8,19.6,0.55,0.47,30.1,6,591.4,1956.5,52.4,13.4,20.6,0.716,7.15,7.15,7.15,7.15,0.0,0.0,0.0,0.0,IND_FIELD_0643,RCBD - 4 Replications,4,ICAR AICRP & Syngenta Multi-Locational Trials,https://icar.org.in
TR-2024-GU-00644,EXP-2024-GU-TUR-0322,ICAR_SYNGENTA_TRIALS,India,Gujarat,Gujarat & Saurashtra Plain,Rajkot,22.3039,70.8022,Tur / Pigeon Pea (Arhar),Tur / Pigeon Pea (Arhar),Kharif,2024,Syngenta Quantis,Syngenta Quantis,Biostimulant,1,Syngenta Quantis,2.0,0,1,0.47,0.47,7.36,199.8,23.3,272.6,38.8,19.6,0.55,0.47,30.1,6,591.4,1956.5,52.4,13.4,20.6,0.716,8.84,8.84,7.15,8.84,1.69,23.64,1.69,5974.0,IND_FIELD_0644,RCBD - 4 Replications,4,ICAR AICRP & Syngenta Multi-Locational Trials,https://icar.org.in
TR-2024-MA-00645,EXP-2024-MA-WHE-0323,ICAR_SYNGENTA_TRIALS,India,Maharashtra,Maharashtra & Vidarbha (Deccan),Nagpur,21.1458,79.0882,Wheat,Wheat,Rabi,2024,Control (Untreated Check),Untreated Check,Untreated Check,0,Untreated,0.0,1,0,0.54,0.54,8.55,182.5,19.2,380.2,17.9,16.9,0.63,0.57,31.9,3,353.8,2073.5,62.7,11.1,21.8,0.568,18.23,18.23,18.23,18.23,0.0,0.0,0.0,0.0,IND_FIELD_0645,RCBD - 4 Replications,4,ICAR AICRP & Syngenta Multi-Locational Trials,https://icar.org.in
TR-2024-MA-00646,EXP-2024-MA-WHE-0323,ICAR_SYNGENTA_TRIALS,India,Maharashtra,Maharashtra & Vidarbha (Deccan),Nagpur,21.1458,79.0882,Wheat,Wheat,Rabi,2024,Syngenta Quantis,Syngenta Quantis,Biostimulant,1,Syngenta Quantis,1.5,0,1,0.54,0.54,8.55,182.5,19.2,380.2,17.9,16.9,0.63,0.57,31.9,3,353.8,2073.5,62.7,11.1,21.8,0.568,21.13,21.13,18.23,21.13,2.9,15.91,2.9,11990.0,IND_FIELD_0646,RCBD - 4 Replications,4,ICAR AICRP & Syngenta Multi-Locational Trials,https://icar.org.in
TR-2023-TA-00647,EXP-2023-TA-SUG-0324,ICAR_SYNGENTA_TRIALS,India,Tamil Nadu,Tamil Nadu & Cauvery Delta,Coimbatore,11.0168,76.9558,Sugarcane,Sugarcane,Annual,2023,Control (Untreated Check),Untreated Check,Untreated Check,0,Untreated,0.0,1,0,0.58,0.58,8.16,231.2,15.5,272.3,34.6,8.5,0.85,0.5,32.5,3,30.0,2112.5,49.6,4.7,23.0,0.617,345.18,345.18,345.18,345.18,0.0,0.0,0.0,0.0,IND_FIELD_0647,RCBD - 4 Replications,4,ICAR AICRP & Syngenta Multi-Locational Trials,https://icar.org.in
TR-2023-TA-00648,EXP-2023-TA-SUG-0324,ICAR_SYNGENTA_TRIALS,India,Tamil Nadu,Tamil Nadu & Cauvery Delta,Coimbatore,11.0168,76.9558,Sugarcane,Sugarcane,Annual,2023,Syngenta CropBio+,Syngenta CropBio+,Biostimulant,1,Syngenta CropBio+,3.0,0,1,0.58,0.58,8.16,231.2,15.5,272.3,34.6,8.5,0.85,0.5,32.5,3,30.0,2112.5,49.6,4.7,23.0,0.617,359.46,359.46,345.18,359.46,14.28,4.14,14.28,62988.0,IND_FIELD_0648,RCBD - 4 Replications,4,ICAR AICRP & Syngenta Multi-Locational Trials,https://icar.org.in
TR-2025-TE-00649,EXP-2025-TE-SUG-0325,ICAR_SYNGENTA_TRIALS,India,Telangana,Telangana & Andhra (Krishna Basin),Warangal,17.9689,79.5941,Sugarcane,Sugarcane,Annual,2025,Control (Untreated Check),Untreated Check,Untreated Check,0,Untreated,0.0,1,0,0.49,0.49,7.39,243.2,18.2,249.4,39.3,16.2,0.87,0.62,30.8,3,130.8,2002.0,74.1,8.3,20.2,0.611,309.61,309.61,309.61,309.61,0.0,0.0,0.0,0.0,IND_FIELD_0649,RCBD - 4 Replications,4,ICAR AICRP & Syngenta Multi-Locational Trials,https://icar.org.in
TR-2025-TE-00650,EXP-2025-TE-SUG-0325,ICAR_SYNGENTA_TRIALS,India,Telangana,Telangana & Andhra (Krishna Basin),Warangal,17.9689,79.5941,Sugarcane,Sugarcane,Annual,2025,Syngenta CropBio+,Syngenta CropBio+,Biostimulant,1,Syngenta CropBio+,3.0,0,1,0.49,0.49,7.39,243.2,18.2,249.4,39.3,16.2,0.87,0.62,30.8,3,130.8,2002.0,74.1,8.3,20.2,0.611,357.52,357.52,309.61,357.52,47.91,15.47,47.91,217686.0,IND_FIELD_0650,RCBD - 4 Replications,4,ICAR AICRP & Syngenta Multi-Locational Trials,https://icar.org.in
TR-2023-UT-00651,EXP-2023-UT-COT-0326,ICAR_SYNGENTA_TRIALS,India,Uttar Pradesh,Indo-Gangetic Plain (Central),Varanasi,25.3176,82.9739,Cotton,Cotton,Kharif,2023,Control (Untreated Check),Untreated Check,Untreated Check,0,Untreated,0.0,1,0,0.54,0.54,8.11,244.9,28.3,251.3,43.6,12.5,1.05,0.59,27.4,1,670.0,1781.0,76.6,9.2,18.7,0.775,11.53,11.53,11.53,11.53,0.0,0.0,0.0,0.0,IND_FIELD_0651,RCBD - 4 Replications,4,ICAR AICRP & Syngenta Multi-Locational Trials,https://icar.org.in
TR-2023-UT-00652,EXP-2023-UT-COT-0326,ICAR_SYNGENTA_TRIALS,India,Uttar Pradesh,Indo-Gangetic Plain (Central),Varanasi,25.3176,82.9739,Cotton,Cotton,Kharif,2023,Syngenta Isabion,Syngenta Isabion,Biostimulant,1,Syngenta Isabion,1.5,0,1,0.54,0.54,8.11,244.9,28.3,251.3,43.6,12.5,1.05,0.59,27.4,1,670.0,1781.0,76.6,9.2,18.7,0.775,13.24,13.24,11.53,13.24,1.71,14.83,1.71,6516.0,IND_FIELD_0652,RCBD - 4 Replications,4,ICAR AICRP & Syngenta Multi-Locational Trials,https://icar.org.in
TR-2024-TA-00653,EXP-2024-TA-WHE-0327,ICAR_SYNGENTA_TRIALS,India,Tamil Nadu,Tamil Nadu & Cauvery Delta,Coimbatore,11.0168,76.9558,Wheat,Wheat,Rabi,2024,Control (Untreated Check),Untreated Check,Untreated Check,0,Untreated,0.0,1,0,0.48,0.48,7.31,241.0,18.2,314.2,25.5,14.2,0.99,0.3,34.9,9,195.0,2268.5,67.0,14.5,14.8,0.69,14.12,14.12,14.12,14.12,0.0,0.0,0.0,0.0,IND_FIELD_0653,RCBD - 4 Replications,4,ICAR AICRP & Syngenta Multi-Locational Trials,https://icar.org.in
TR-2024-TA-00654,EXP-2024-TA-WHE-0327,ICAR_SYNGENTA_TRIALS,India,Tamil Nadu,Tamil Nadu & Cauvery Delta,Coimbatore,11.0168,76.9558,Wheat,Wheat,Rabi,2024,Syngenta Quantis,Syngenta Quantis,Biostimulant,1,Syngenta Quantis,1.5,0,1,0.48,0.48,7.31,241.0,18.2,314.2,25.5,14.2,0.99,0.3,34.9,9,195.0,2268.5,67.0,14.5,14.8,0.69,17.34,17.34,14.12,17.34,3.22,22.8,3.22,13462.0,IND_FIELD_0654,RCBD - 4 Replications,4,ICAR AICRP & Syngenta Multi-Locational Trials,https://icar.org.in
TR-2022-KA-00655,EXP-2022-KA-MUS-0328,ICAR_SYNGENTA_TRIALS,India,Karnataka,Karnataka (Deccan Plateau),Dharwad,15.4589,75.0078,Mustard / Rapeseed,Mustard / Rapeseed,Rabi,2022,Control (Untreated Check),Untreated Check,Untreated Check,0,Untreated,0.0,1,0,0.5,0.5,6.91,302.1,17.6,316.2,48.6,12.7,0.59,0.5,28.5,4,206.4,1852.5,88.3,15.3,15.7,0.679,6.26,6.26,6.26,6.26,0.0,0.0,0.0,0.0,IND_FIELD_0655,RCBD - 4 Replications,4,ICAR AICRP & Syngenta Multi-Locational Trials,https://icar.org.in
TR-2022-KA-00656,EXP-2022-KA-MUS-0328,ICAR_SYNGENTA_TRIALS,India,Karnataka,Karnataka (Deccan Plateau),Dharwad,15.4589,75.0078,Mustard / Rapeseed,Mustard / Rapeseed,Rabi,2022,Syngenta Quantis,Syngenta Quantis,Biostimulant,1,Syngenta Quantis,1.5,0,1,0.5,0.5,6.91,302.1,17.6,316.2,48.6,12.7,0.59,0.5,28.5,4,206.4,1852.5,88.3,15.3,15.7,0.679,7.04,7.04,6.26,7.04,0.78,12.46,0.78,2238.0,IND_FIELD_0656,RCBD - 4 Replications,4,ICAR AICRP & Syngenta Multi-Locational Trials,https://icar.org.in
TR-2025-GU-00657,EXP-2025-GU-ONI-0329,ICAR_SYNGENTA_TRIALS,India,Gujarat,Gujarat & Saurashtra Plain,Rajkot,22.3039,70.8022,Onion,Onion,Rabi,2025,Control (Untreated Check),Untreated Check,Untreated Check,0,Untreated,0.0,1,0,0.62,0.62,8.33,223.3,15.0,410.5,36.5,15.4,0.83,0.59,29.4,1,50.3,1911.0,58.7,9.0,17.6,0.637,111.66,111.66,111.66,111.66,0.0,0.0,0.0,0.0,IND_FIELD_0657,RCBD - 4 Replications,4,ICAR AICRP & Syngenta Multi-Locational Trials,https://icar.org.in
TR-2025-GU-00658,EXP-2025-GU-ONI-0329,ICAR_SYNGENTA_TRIALS,India,Gujarat,Gujarat & Saurashtra Plain,Rajkot,22.3039,70.8022,Onion,Onion,Rabi,2025,Syngenta Quantis,Syngenta Quantis,Biostimulant,1,Syngenta Quantis,2.0,0,1,0.62,0.62,8.33,223.3,15.0,410.5,36.5,15.4,0.83,0.59,29.4,1,50.3,1911.0,58.7,9.0,17.6,0.637,122.79,122.79,111.66,122.79,11.13,9.97,11.13,49398.0,IND_FIELD_0658,RCBD - 4 Replications,4,ICAR AICRP & Syngenta Multi-Locational Trials,https://icar.org.in
TR-2022-MA-00659,EXP-2022-MA-WHE-0330,ICAR_SYNGENTA_TRIALS,India,Maharashtra,Maharashtra & Vidarbha (Deccan),Nagpur,21.1458,79.0882,Wheat,Wheat,Rabi,2022,Control (Untreated Check),Untreated Check,Untreated Check,0,Untreated,0.0,1,0,0.62,0.62,7.64,195.6,15.7,419.4,31.2,18.4,1.09,0.57,24.1,4,140.6,1566.5,68.3,12.5,15.6,0.657,16.23,16.23,16.23,16.23,0.0,0.0,0.0,0.0,IND_FIELD_0659,RCBD - 4 Replications,4,ICAR AICRP & Syngenta Multi-Locational Trials,https://icar.org.in
TR-2022-MA-00660,EXP-2022-MA-WHE-0330,ICAR_SYNGENTA_TRIALS,India,Maharashtra,Maharashtra & Vidarbha (Deccan),Nagpur,21.1458,79.0882,Wheat,Wheat,Rabi,2022,Syngenta Quantis,Syngenta Quantis,Biostimulant,1,Syngenta Quantis,1.5,0,1,0.62,0.62,7.64,195.6,15.7,419.4,31.2,18.4,1.09,0.57,24.1,4,140.6,1566.5,68.3,12.5,15.6,0.657,18.45,18.45,16.23,18.45,2.22,13.68,2.22,8862.0,IND_FIELD_0660,RCBD - 4 Replications,4,ICAR AICRP & Syngenta Multi-Locational Trials,https://icar.org.in
TR-2022-TE-00661,EXP-2022-TE-WHE-0331,ICAR_SYNGENTA_TRIALS,India,Telangana,Telangana & Andhra (Krishna Basin),Warangal,17.9689,79.5941,Wheat,Wheat,Rabi,2022,Control (Untreated Check),Untreated Check,Untreated Check,0,Untreated,0.0,1,0,0.65,0.65,7.3,166.8,23.4,226.0,29.9,16.0,1.09,0.27,30.6,5,96.1,1989.0,64.5,10.2,17.6,0.648,15.22,15.22,15.22,15.22,0.0,0.0,0.0,0.0,IND_FIELD_0661,RCBD - 4 Replications,4,ICAR AICRP & Syngenta Multi-Locational Trials,https://icar.org.in
TR-2022-TE-00662,EXP-2022-TE-WHE-0331,ICAR_SYNGENTA_TRIALS,India,Telangana,Telangana & Andhra (Krishna Basin),Warangal,17.9689,79.5941,Wheat,Wheat,Rabi,2022,Syngenta Quantis,Syngenta Quantis,Biostimulant,1,Syngenta Quantis,1.5,0,1,0.65,0.65,7.3,166.8,23.4,226.0,29.9,16.0,1.09,0.27,30.6,5,96.1,1989.0,64.5,10.2,17.6,0.648,16.09,16.09,15.22,16.09,0.87,5.72,0.87,2652.0,IND_FIELD_0662,RCBD - 4 Replications,4,ICAR AICRP & Syngenta Multi-Locational Trials,https://icar.org.in
TR-2023-GU-00663,EXP-2023-GU-ONI-0332,ICAR_SYNGENTA_TRIALS,India,Gujarat,Gujarat & Saurashtra Plain,Rajkot,22.3039,70.8022,Onion,Onion,Rabi,2023,Control (Untreated Check),Untreated Check,Untreated Check,0,Untreated,0.0,1,0,0.58,0.58,7.44,196.5,14.5,298.0,27.8,11.2,1.1,0.57,33.2,4,79.0,2158.0,76.3,7.4,13.8,0.629,115.51,115.51,115.51,115.51,0.0,0.0,0.0,0.0,IND_FIELD_0663,RCBD - 4 Replications,4,ICAR AICRP & Syngenta Multi-Locational Trials,https://icar.org.in
TR-2023-GU-00664,EXP-2023-GU-ONI-0332,ICAR_SYNGENTA_TRIALS,India,Gujarat,Gujarat & Saurashtra Plain,Rajkot,22.3039,70.8022,Onion,Onion,Rabi,2023,Syngenta Quantis,Syngenta Quantis,Biostimulant,1,Syngenta Quantis,2.0,0,1,0.58,0.58,7.44,196.5,14.5,298.0,27.8,11.2,1.1,0.57,33.2,4,79.0,2158.0,76.3,7.4,13.8,0.629,126.11,126.11,115.51,126.11,10.6,9.18,10.6,46960.0,IND_FIELD_0664,RCBD - 4 Replications,4,ICAR AICRP & Syngenta Multi-Locational Trials,https://icar.org.in
TR-2023-PU-00665,EXP-2023-PU-WHE-0333,ICAR_SYNGENTA_TRIALS,India,Punjab,Punjab & Haryana (Indo-Gangetic),Ludhiana,30.901,75.8573,Wheat,Wheat,Rabi,2023,Control (Untreated Check),Untreated Check,Untreated Check,0,Untreated,0.0,1,0,0.41,0.41,8.19,204.0,26.6,164.1,37.1,14.1,0.87,0.55,31.4,7,396.9,2041.0,57.0,14.9,16.9,0.675,15.87,15.87,15.87,15.87,0.0,0.0,0.0,0.0,IND_FIELD_0665,RCBD - 4 Replications,4,ICAR AICRP & Syngenta Multi-Locational Trials,https://icar.org.in
TR-2023-PU-00666,EXP-2023-PU-WHE-0333,ICAR_SYNGENTA_TRIALS,India,Punjab,Punjab & Haryana (Indo-Gangetic),Ludhiana,30.901,75.8573,Wheat,Wheat,Rabi,2023,Syngenta Quantis,Syngenta Quantis,Biostimulant,1,Syngenta Quantis,1.5,0,1,0.41,0.41,8.19,204.0,26.6,164.1,37.1,14.1,0.87,0.55,31.4,7,396.9,2041.0,57.0,14.9,16.9,0.675,17.81,17.81,15.87,17.81,1.94,12.22,1.94,7574.0,IND_FIELD_0666,RCBD - 4 Replications,4,ICAR AICRP & Syngenta Multi-Locational Trials,https://icar.org.in
TR-2024-TE-00667,EXP-2024-TE-SOY-0334,ICAR_SYNGENTA_TRIALS,India,Telangana,Telangana & Andhra (Krishna Basin),Warangal,17.9689,79.5941,Soybean,Soybean,Kharif,2024,Control (Untreated Check),Untreated Check,Untreated Check,0,Untreated,0.0,1,0,0.52,0.52,6.87,181.8,18.8,353.6,30.2,17.3,0.68,0.4,29.9,6,855.6,1943.5,67.8,16.3,18.4,0.699,9.18,9.18,9.18,9.18,0.0,0.0,0.0,0.0,IND_FIELD_0667,RCBD - 4 Replications,4,ICAR AICRP & Syngenta Multi-Locational Trials,https://icar.org.in
TR-2024-TE-00668,EXP-2024-TE-SOY-0334,ICAR_SYNGENTA_TRIALS,India,Telangana,Telangana & Andhra (Krishna Basin),Warangal,17.9689,79.5941,Soybean,Soybean,Kharif,2024,Syngenta Quantis,Syngenta Quantis,Biostimulant,1,Syngenta Quantis,2.0,0,1,0.52,0.52,6.87,181.8,18.8,353.6,30.2,17.3,0.68,0.4,29.9,6,855.6,1943.5,67.8,16.3,18.4,0.699,10.56,10.56,9.18,10.56,1.38,15.03,1.38,4548.0,IND_FIELD_0668,RCBD - 4 Replications,4,ICAR AICRP & Syngenta Multi-Locational Trials,https://icar.org.in
TR-2022-UT-00669,EXP-2022-UT-GRO-0335,ICAR_SYNGENTA_TRIALS,India,Uttar Pradesh,Indo-Gangetic Plain (Central),Varanasi,25.3176,82.9739,Groundnut (Peanut),Groundnut (Peanut),Kharif,2022,Control (Untreated Check),Untreated Check,Untreated Check,0,Untreated,0.0,1,0,0.57,0.57,7.61,175.6,25.5,276.1,26.2,15.2,0.61,0.43,32.4,5,644.6,2106.0,75.7,5.3,14.3,0.575,10.7,10.7,10.7,10.7,0.0,0.0,0.0,0.0,IND_FIELD_0669,RCBD - 4 Replications,4,ICAR AICRP & Syngenta Multi-Locational Trials,https://icar.org.in
TR-2022-UT-00670,EXP-2022-UT-GRO-0335,ICAR_SYNGENTA_TRIALS,India,Uttar Pradesh,Indo-Gangetic Plain (Central),Varanasi,25.3176,82.9739,Groundnut (Peanut),Groundnut (Peanut),Kharif,2022,Syngenta Isabion,Syngenta Isabion,Biostimulant,1,Syngenta Isabion,1.5,0,1,0.57,0.57,7.61,175.6,25.5,276.1,26.2,15.2,0.61,0.43,32.4,5,644.6,2106.0,75.7,5.3,14.3,0.575,11.61,11.61,10.7,11.61,0.91,8.5,0.91,2836.0,IND_FIELD_0670,RCBD - 4 Replications,4,ICAR AICRP & Syngenta Multi-Locational Trials,https://icar.org.in
TR-2023-MA-00671,EXP-2023-MA-MAI-0336,ICAR_SYNGENTA_TRIALS,India,Madhya Pradesh,Madhya Pradesh & Central Belt,Bhopal,23.2599,77.4126,Maize,Maize,Kharif,2023,Control (Untreated Check),Untreated Check,Untreated Check,0,Untreated,0.0,1,0,0.63,0.63,6.91,251.6,18.0,334.0,32.8,10.5,0.82,0.56,26.7,4,752.7,1735.5,67.6,13.8,23.3,0.736,23.65,23.65,23.65,23.65,0.0,0.0,0.0,0.0,IND_FIELD_0671,RCBD - 4 Replications,4,ICAR AICRP & Syngenta Multi-Locational Trials,https://icar.org.in
TR-2023-MA-00672,EXP-2023-MA-MAI-0336,ICAR_SYNGENTA_TRIALS,India,Madhya Pradesh,Madhya Pradesh & Central Belt,Bhopal,23.2599,77.4126,Maize,Maize,Kharif,2023,Syngenta Isabion,Syngenta Isabion,Biostimulant,1,Syngenta Isabion,2.0,0,1,0.63,0.63,6.91,251.6,18.0,334.0,32.8,10.5,0.82,0.56,26.7,4,752.7,1735.5,67.6,13.8,23.3,0.736,26.17,26.17,23.65,26.17,2.52,10.66,2.52,9792.0,IND_FIELD_0672,RCBD - 4 Replications,4,ICAR AICRP & Syngenta Multi-Locational Trials,https://icar.org.in
TR-2024-UT-00673,EXP-2024-UT-MUS-0337,ICAR_SYNGENTA_TRIALS,India,Uttar Pradesh,Indo-Gangetic Plain (Central),Varanasi,25.3176,82.9739,Mustard / Rapeseed,Mustard / Rapeseed,Rabi,2024,Control (Untreated Check),Untreated Check,Untreated Check,0,Untreated,0.0,1,0,0.37,0.37,8.2,219.7,21.4,200.1,33.9,9.1,1.03,0.58,33.2,3,121.5,2158.0,62.3,9.9,17.0,0.698,6.28,6.28,6.28,6.28,0.0,0.0,0.0,0.0,IND_FIELD_0673,RCBD - 4 Replications,4,ICAR AICRP & Syngenta Multi-Locational Trials,https://icar.org.in
TR-2024-UT-00674,EXP-2024-UT-MUS-0337,ICAR_SYNGENTA_TRIALS,India,Uttar Pradesh,Indo-Gangetic Plain (Central),Varanasi,25.3176,82.9739,Mustard / Rapeseed,Mustard / Rapeseed,Rabi,2024,Syngenta Quantis,Syngenta Quantis,Biostimulant,1,Syngenta Quantis,1.5,0,1,0.37,0.37,8.2,219.7,21.4,200.1,33.9,9.1,1.03,0.58,33.2,3,121.5,2158.0,62.3,9.9,17.0,0.698,7.25,7.25,6.28,7.25,0.97,15.45,0.97,3112.0,IND_FIELD_0674,RCBD - 4 Replications,4,ICAR AICRP & Syngenta Multi-Locational Trials,https://icar.org.in
TR-2022-MA-00675,EXP-2022-MA-WHE-0338,ICAR_SYNGENTA_TRIALS,India,Madhya Pradesh,Madhya Pradesh & Central Belt,Bhopal,23.2599,77.4126,Wheat,Wheat,Rabi,2022,Control (Untreated Check),Untreated Check,Untreated Check,0,Untreated,0.0,1,0,0.51,0.51,8.11,337.7,22.5,341.5,19.5,19.3,1.01,0.49,32.2,4,124.6,2093.0,78.5,6.9,16.4,0.718,15.98,15.98,15.98,15.98,0.0,0.0,0.0,0.0,IND_FIELD_0675,RCBD - 4 Replications,4,ICAR AICRP & Syngenta Multi-Locational Trials,https://icar.org.in
TR-2022-MA-00676,EXP-2022-MA-WHE-0338,ICAR_SYNGENTA_TRIALS,India,Madhya Pradesh,Madhya Pradesh & Central Belt,Bhopal,23.2599,77.4126,Wheat,Wheat,Rabi,2022,Syngenta Quantis,Syngenta Quantis,Biostimulant,1,Syngenta Quantis,1.5,0,1,0.51,0.51,8.11,337.7,22.5,341.5,19.5,19.3,1.01,0.49,32.2,4,124.6,2093.0,78.5,6.9,16.4,0.718,17.67,17.67,15.98,17.67,1.69,10.58,1.69,6424.0,IND_FIELD_0676,RCBD - 4 Replications,4,ICAR AICRP & Syngenta Multi-Locational Trials,https://icar.org.in
TR-2023-KA-00677,EXP-2023-KA-MUS-0339,ICAR_SYNGENTA_TRIALS,India,Karnataka,Karnataka (Deccan Plateau),Dharwad,15.4589,75.0078,Mustard / Rapeseed,Mustard / Rapeseed,Rabi,2023,Control (Untreated Check),Untreated Check,Untreated Check,0,Untreated,0.0,1,0,0.48,0.48,7.27,231.1,14.5,229.7,34.5,15.2,0.79,0.47,24.3,4,140.5,1579.5,85.3,3.2,19.0,0.814,6.26,6.26,6.26,6.26,0.0,0.0,0.0,0.0,IND_FIELD_0677,RCBD - 4 Replications,4,ICAR AICRP & Syngenta Multi-Locational Trials,https://icar.org.in
TR-2023-KA-00678,EXP-2023-KA-MUS-0339,ICAR_SYNGENTA_TRIALS,India,Karnataka,Karnataka (Deccan Plateau),Dharwad,15.4589,75.0078,Mustard / Rapeseed,Mustard / Rapeseed,Rabi,2023,Syngenta Quantis,Syngenta Quantis,Biostimulant,1,Syngenta Quantis,1.5,0,1,0.48,0.48,7.27,231.1,14.5,229.7,34.5,15.2,0.79,0.47,24.3,4,140.5,1579.5,85.3,3.2,19.0,0.814,6.95,6.95,6.26,6.95,0.69,11.02,0.69,1824.0,IND_FIELD_0678,RCBD - 4 Replications,4,ICAR AICRP & Syngenta Multi-Locational Trials,https://icar.org.in
TR-2024-PU-00679,EXP-2024-PU-GRO-0340,ICAR_SYNGENTA_TRIALS,India,Punjab,Punjab & Haryana (Indo-Gangetic),Ludhiana,30.901,75.8573,Groundnut (Peanut),Groundnut (Peanut),Kharif,2024,Control (Untreated Check),Untreated Check,Untreated Check,0,Untreated,0.0,1,0,0.45,0.45,7.88,169.1,30.3,169.9,40.6,15.6,0.9,0.65,27.7,2,602.6,1800.5,72.9,6.5,17.4,0.455,10.97,10.97,10.97,10.97,0.0,0.0,0.0,0.0,IND_FIELD_0679,RCBD - 4 Replications,4,ICAR AICRP & Syngenta Multi-Locational Trials,https://icar.org.in
TR-2024-PU-00680,EXP-2024-PU-GRO-0340,ICAR_SYNGENTA_TRIALS,India,Punjab,Punjab & Haryana (Indo-Gangetic),Ludhiana,30.901,75.8573,Groundnut (Peanut),Groundnut (Peanut),Kharif,2024,Syngenta Isabion,Syngenta Isabion,Biostimulant,1,Syngenta Isabion,1.5,0,1,0.45,0.45,7.88,169.1,30.3,169.9,40.6,15.6,0.9,0.65,27.7,2,602.6,1800.5,72.9,6.5,17.4,0.455,11.72,11.72,10.97,11.72,0.75,6.84,0.75,2100.0,IND_FIELD_0680,RCBD - 4 Replications,4,ICAR AICRP & Syngenta Multi-Locational Trials,https://icar.org.in
TR-2023-UT-00681,EXP-2023-UT-MAI-0341,ICAR_SYNGENTA_TRIALS,India,Uttar Pradesh,Indo-Gangetic Plain (Central),Varanasi,25.3176,82.9739,Maize,Maize,Kharif,2023,Control (Untreated Check),Untreated Check,Untreated Check,0,Untreated,0.0,1,0,0.53,0.53,8.36,208.5,28.3,185.2,31.5,8.6,1.01,0.57,24.8,1,772.4,1612.0,82.8,9.1,15.1,0.697,26.34,26.34,26.34,26.34,0.0,0.0,0.0,0.0,IND_FIELD_0681,RCBD - 4 Replications,4,ICAR AICRP & Syngenta Multi-Locational Trials,https://icar.org.in
TR-2023-UT-00682,EXP-2023-UT-MAI-0341,ICAR_SYNGENTA_TRIALS,India,Uttar Pradesh,Indo-Gangetic Plain (Central),Varanasi,25.3176,82.9739,Maize,Maize,Kharif,2023,Syngenta Isabion,Syngenta Isabion,Biostimulant,1,Syngenta Isabion,2.0,0,1,0.53,0.53,8.36,208.5,28.3,185.2,31.5,8.6,1.01,0.57,24.8,1,772.4,1612.0,82.8,9.1,15.1,0.697,26.19,26.19,26.34,26.19,0.0,0.0,0.0,-1800.0,IND_FIELD_0682,RCBD - 4 Replications,4,ICAR AICRP & Syngenta Multi-Locational Trials,https://icar.org.in
TR-2025-TA-00683,EXP-2025-TA-SUG-0342,ICAR_SYNGENTA_TRIALS,India,Tamil Nadu,Tamil Nadu & Cauvery Delta,Coimbatore,11.0168,76.9558,Sugarcane,Sugarcane,Annual,2025,Control (Untreated Check),Untreated Check,Untreated Check,0,Untreated,0.0,1,0,0.42,0.42,7.38,237.7,24.9,281.1,30.7,16.1,0.8,0.69,34.6,1,60.7,2249.0,55.5,10.5,15.3,0.589,271.95,271.95,271.95,271.95,0.0,0.0,0.0,0.0,IND_FIELD_0683,RCBD - 4 Replications,4,ICAR AICRP & Syngenta Multi-Locational Trials,https://icar.org.in
TR-2025-TA-00684,EXP-2025-TA-SUG-0342,ICAR_SYNGENTA_TRIALS,India,Tamil Nadu,Tamil Nadu & Cauvery Delta,Coimbatore,11.0168,76.9558,Sugarcane,Sugarcane,Annual,2025,Syngenta CropBio+,Syngenta CropBio+,Biostimulant,1,Syngenta CropBio+,3.0,0,1,0.42,0.42,7.38,237.7,24.9,281.1,30.7,16.1,0.8,0.69,34.6,1,60.7,2249.0,55.5,10.5,15.3,0.589,289.63,289.63,271.95,289.63,17.68,6.5,17.68,78628.0,IND_FIELD_0684,RCBD - 4 Replications,4,ICAR AICRP & Syngenta Multi-Locational Trials,https://icar.org.in
TR-2023-TA-00685,EXP-2023-TA-MAI-0343,ICAR_SYNGENTA_TRIALS,India,Tamil Nadu,Tamil Nadu & Cauvery Delta,Coimbatore,11.0168,76.9558,Maize,Maize,Kharif,2023,Control (Untreated Check),Untreated Check,Untreated Check,0,Untreated,0.0,1,0,0.65,0.65,7.52,240.2,17.1,234.3,24.4,9.3,1.02,0.73,28.6,4,798.3,1859.0,65.9,4.0,18.2,0.725,22.19,22.19,22.19,22.19,0.0,0.0,0.0,0.0,IND_FIELD_0685,RCBD - 4 Replications,4,ICAR AICRP & Syngenta Multi-Locational Trials,https://icar.org.in
TR-2023-TA-00686,EXP-2023-TA-MAI-0343,ICAR_SYNGENTA_TRIALS,India,Tamil Nadu,Tamil Nadu & Cauvery Delta,Coimbatore,11.0168,76.9558,Maize,Maize,Kharif,2023,Syngenta Isabion,Syngenta Isabion,Biostimulant,1,Syngenta Isabion,2.0,0,1,0.65,0.65,7.52,240.2,17.1,234.3,24.4,9.3,1.02,0.73,28.6,4,798.3,1859.0,65.9,4.0,18.2,0.725,25.83,25.83,22.19,25.83,3.64,16.4,3.64,14944.0,IND_FIELD_0686,RCBD - 4 Replications,4,ICAR AICRP & Syngenta Multi-Locational Trials,https://icar.org.in
TR-2021-KA-00687,EXP-2021-KA-SOY-0344,ICAR_SYNGENTA_TRIALS,India,Karnataka,Karnataka (Deccan Plateau),Dharwad,15.4589,75.0078,Soybean,Soybean,Kharif,2021,Control (Untreated Check),Untreated Check,Untreated Check,0,Untreated,0.0,1,0,0.49,0.49,6.51,218.7,18.3,276.1,28.4,15.7,0.5,0.42,28.7,2,827.0,1865.5,60.7,5.6,13.1,0.678,9.72,9.72,9.72,9.72,0.0,0.0,0.0,0.0,IND_FIELD_0687,RCBD - 4 Replications,4,ICAR AICRP & Syngenta Multi-Locational Trials,https://icar.org.in
TR-2021-KA-00688,EXP-2021-KA-SOY-0344,ICAR_SYNGENTA_TRIALS,India,Karnataka,Karnataka (Deccan Plateau),Dharwad,15.4589,75.0078,Soybean,Soybean,Kharif,2021,Syngenta Quantis,Syngenta Quantis,Biostimulant,1,Syngenta Quantis,2.0,0,1,0.49,0.49,6.51,218.7,18.3,276.1,28.4,15.7,0.5,0.42,28.7,2,827.0,1865.5,60.7,5.6,13.1,0.678,9.66,9.66,9.72,9.66,0.0,0.0,0.0,-1800.0,IND_FIELD_0688,RCBD - 4 Replications,4,ICAR AICRP & Syngenta Multi-Locational Trials,https://icar.org.in
TR-2024-TE-00689,EXP-2024-TE-TUR-0345,ICAR_SYNGENTA_TRIALS,India,Telangana,Telangana & Andhra (Krishna Basin),Warangal,17.9689,79.5941,Tur / Pigeon Pea (Arhar),Tur / Pigeon Pea (Arhar),Kharif,2024,Control (Untreated Check),Untreated Check,Untreated Check,0,Untreated,0.0,1,0,0.63,0.63,7.47,224.0,25.8,316.5,26.2,10.4,1.01,0.6,29.0,3,824.7,1885.0,61.4,5.1,15.9,0.75,7.87,7.87,7.87,7.87,0.0,0.0,0.0,0.0,IND_FIELD_0689,RCBD - 4 Replications,4,ICAR AICRP & Syngenta Multi-Locational Trials,https://icar.org.in
TR-2024-TE-00690,EXP-2024-TE-TUR-0345,ICAR_SYNGENTA_TRIALS,India,Telangana,Telangana & Andhra (Krishna Basin),Warangal,17.9689,79.5941,Tur / Pigeon Pea (Arhar),Tur / Pigeon Pea (Arhar),Kharif,2024,Syngenta Quantis,Syngenta Quantis,Biostimulant,1,Syngenta Quantis,2.0,0,1,0.63,0.63,7.47,224.0,25.8,316.5,26.2,10.4,1.01,0.6,29.0,3,824.7,1885.0,61.4,5.1,15.9,0.75,8.5,8.5,7.87,8.5,0.63,8.01,0.63,1098.0,IND_FIELD_0690,RCBD - 4 Replications,4,ICAR AICRP & Syngenta Multi-Locational Trials,https://icar.org.in
TR-2024-UT-00691,EXP-2024-UT-WHE-0346,ICAR_SYNGENTA_TRIALS,India,Uttar Pradesh,Indo-Gangetic Plain (Central),Varanasi,25.3176,82.9739,Wheat,Wheat,Rabi,2024,Control (Untreated Check),Untreated Check,Untreated Check,0,Untreated,0.0,1,0,0.44,0.44,7.82,189.4,20.5,194.5,29.4,13.8,0.9,0.18,26.1,5,110.8,1696.5,60.0,8.1,16.5,0.629,17.29,17.29,17.29,17.29,0.0,0.0,0.0,0.0,IND_FIELD_0691,RCBD - 4 Replications,4,ICAR AICRP & Syngenta Multi-Locational Trials,https://icar.org.in
TR-2024-UT-00692,EXP-2024-UT-WHE-0346,ICAR_SYNGENTA_TRIALS,India,Uttar Pradesh,Indo-Gangetic Plain (Central),Varanasi,25.3176,82.9739,Wheat,Wheat,Rabi,2024,Syngenta Quantis,Syngenta Quantis,Biostimulant,1,Syngenta Quantis,1.5,0,1,0.44,0.44,7.82,189.4,20.5,194.5,29.4,13.8,0.9,0.18,26.1,5,110.8,1696.5,60.0,8.1,16.5,0.629,20.42,20.42,17.29,20.42,3.13,18.1,3.13,13048.0,IND_FIELD_0692,RCBD - 4 Replications,4,ICAR AICRP & Syngenta Multi-Locational Trials,https://icar.org.in
TR-2022-GU-00693,EXP-2022-GU-TOM-0347,ICAR_SYNGENTA_TRIALS,India,Gujarat,Gujarat & Saurashtra Plain,Rajkot,22.3039,70.8022,Tomato,Tomato,Annual,2022,Control (Untreated Check),Untreated Check,Untreated Check,0,Untreated,0.0,1,0,0.57,0.57,8.1,138.8,18.0,402.9,26.0,17.4,0.99,0.77,27.2,3,30.0,1768.0,68.9,8.3,18.5,0.746,139.5,139.5,139.5,139.5,0.0,0.0,0.0,0.0,IND_FIELD_0693,RCBD - 4 Replications,4,ICAR AICRP & Syngenta Multi-Locational Trials,https://icar.org.in
TR-2022-GU-00694,EXP-2022-GU-TOM-0347,ICAR_SYNGENTA_TRIALS,India,Gujarat,Gujarat & Saurashtra Plain,Rajkot,22.3039,70.8022,Tomato,Tomato,Annual,2022,Syngenta Isabion,Syngenta Isabion,Biostimulant,1,Syngenta Isabion,2.5,0,1,0.57,0.57,8.1,138.8,18.0,402.9,26.0,17.4,0.99,0.77,27.2,3,30.0,1768.0,68.9,8.3,18.5,0.746,141.08,141.08,139.5,141.08,1.58,1.13,1.58,5018.0,IND_FIELD_0694,RCBD - 4 Replications,4,ICAR AICRP & Syngenta Multi-Locational Trials,https://icar.org.in
TR-2022-UT-00695,EXP-2022-UT-COT-0348,ICAR_SYNGENTA_TRIALS,India,Uttar Pradesh,Indo-Gangetic Plain (Central),Varanasi,25.3176,82.9739,Cotton,Cotton,Kharif,2022,Control (Untreated Check),Untreated Check,Untreated Check,0,Untreated,0.0,1,0,0.69,0.69,8.14,201.5,24.7,239.3,39.6,12.8,1.15,0.29,30.8,6,596.0,2002.0,47.5,7.6,15.2,0.696,10.02,10.02,10.02,10.02,0.0,0.0,0.0,0.0,IND_FIELD_0695,RCBD - 4 Replications,4,ICAR AICRP & Syngenta Multi-Locational Trials,https://icar.org.in
TR-2022-UT-00696,EXP-2022-UT-COT-0348,ICAR_SYNGENTA_TRIALS,India,Uttar Pradesh,Indo-Gangetic Plain (Central),Varanasi,25.3176,82.9739,Cotton,Cotton,Kharif,2022,Syngenta Isabion,Syngenta Isabion,Biostimulant,1,Syngenta Isabion,1.5,0,1,0.69,0.69,8.14,201.5,24.7,239.3,39.6,12.8,1.15,0.29,30.8,6,596.0,2002.0,47.5,7.6,15.2,0.696,11.73,11.73,10.02,11.73,1.71,17.07,1.71,6516.0,IND_FIELD_0696,RCBD - 4 Replications,4,ICAR AICRP & Syngenta Multi-Locational Trials,https://icar.org.in
TR-2023-MA-00697,EXP-2023-MA-CHI-0349,ICAR_SYNGENTA_TRIALS,India,Madhya Pradesh,Madhya Pradesh & Central Belt,Bhopal,23.2599,77.4126,Chickpea (Gram / Chana),Chickpea (Gram / Chana),Rabi,2023,Control (Untreated Check),Untreated Check,Untreated Check,0,Untreated,0.0,1,0,0.39,0.39,7.4,213.0,19.3,347.5,37.3,20.3,0.79,0.47,29.8,3,129.8,1937.0,84.5,11.5,20.5,0.793,7.4,7.4,7.4,7.4,0.0,0.0,0.0,0.0,IND_FIELD_0697,RCBD - 4 Replications,4,ICAR AICRP & Syngenta Multi-Locational Trials,https://icar.org.in
TR-2023-MA-00698,EXP-2023-MA-CHI-0349,ICAR_SYNGENTA_TRIALS,India,Madhya Pradesh,Madhya Pradesh & Central Belt,Bhopal,23.2599,77.4126,Chickpea (Gram / Chana),Chickpea (Gram / Chana),Rabi,2023,Syngenta Isabion,Syngenta Isabion,Biostimulant,1,Syngenta Isabion,1.5,0,1,0.39,0.39,7.4,213.0,19.3,347.5,37.3,20.3,0.79,0.47,29.8,3,129.8,1937.0,84.5,11.5,20.5,0.793,7.72,7.72,7.4,7.72,0.32,4.32,0.32,122.0,IND_FIELD_0698,RCBD - 4 Replications,4,ICAR AICRP & Syngenta Multi-Locational Trials,https://icar.org.in
TR-2024-UT-00699,EXP-2024-UT-TOM-0350,ICAR_SYNGENTA_TRIALS,India,Uttar Pradesh,Indo-Gangetic Plain (Central),Varanasi,25.3176,82.9739,Tomato,Tomato,Annual,2024,Control (Untreated Check),Untreated Check,Untreated Check,0,Untreated,0.0,1,0,0.58,0.58,7.62,234.1,24.9,180.9,26.9,16.5,0.67,0.45,30.8,5,163.4,2002.0,73.5,7.7,16.0,0.645,158.22,158.22,158.22,158.22,0.0,0.0,0.0,0.0,IND_FIELD_0699,RCBD - 4 Replications,4,ICAR AICRP & Syngenta Multi-Locational Trials,https://icar.org.in
TR-2024-UT-00700,EXP-2024-UT-TOM-0350,ICAR_SYNGENTA_TRIALS,India,Uttar Pradesh,Indo-Gangetic Plain (Central),Varanasi,25.3176,82.9739,Tomato,Tomato,Annual,2024,Syngenta Isabion,Syngenta Isabion,Biostimulant,1,Syngenta Isabion,2.5,0,1,0.58,0.58,7.62,234.1,24.9,180.9,26.9,16.5,0.67,0.45,30.8,5,163.4,2002.0,73.5,7.7,16.0,0.645,177.64,177.64,158.22,177.64,19.42,12.27,19.42,87082.0,IND_FIELD_0700,RCBD - 4 Replications,4,ICAR AICRP & Syngenta Multi-Locational Trials,https://icar.org.in
TR-2022-UT-00701,EXP-2022-UT-COT-0351,ICAR_SYNGENTA_TRIALS,India,Uttar Pradesh,Indo-Gangetic Plain (Central),Varanasi,25.3176,82.9739,Cotton,Cotton,Kharif,2022,Control (Untreated Check),Untreated Check,Untreated Check,0,Untreated,0.0,1,0,0.48,0.48,7.52,212.2,22.3,269.7,41.4,14.3,0.82,0.49,28.8,5,755.3,1872.0,60.8,9.4,19.7,0.635,9.26,9.26,9.26,9.26,0.0,0.0,0.0,0.0,IND_FIELD_0701,RCBD - 4 Replications,4,ICAR AICRP & Syngenta Multi-Locational Trials,https://icar.org.in
TR-2022-UT-00702,EXP-2022-UT-COT-0351,ICAR_SYNGENTA_TRIALS,India,Uttar Pradesh,Indo-Gangetic Plain (Central),Varanasi,25.3176,82.9739,Cotton,Cotton,Kharif,2022,Syngenta Isabion,Syngenta Isabion,Biostimulant,1,Syngenta Isabion,1.5,0,1,0.48,0.48,7.52,212.2,22.3,269.7,41.4,14.3,0.82,0.49,28.8,5,755.3,1872.0,60.8,9.4,19.7,0.635,9.62,9.62,9.26,9.62,0.36,3.89,0.36,306.0,IND_FIELD_0702,RCBD - 4 Replications,4,ICAR AICRP & Syngenta Multi-Locational Trials,https://icar.org.in
TR-2023-MA-00703,EXP-2023-MA-RIC-0352,ICAR_SYNGENTA_TRIALS,India,Madhya Pradesh,Madhya Pradesh & Central Belt,Bhopal,23.2599,77.4126,Rice (Paddy),Rice (Paddy),Kharif,2023,Control (Untreated Check),Untreated Check,Untreated Check,0,Untreated,0.0,1,0,0.45,0.45,7.72,214.6,22.3,315.0,25.3,22.1,0.57,0.39,32.4,2,751.3,2106.0,66.8,13.6,22.3,0.695,20.8,20.8,20.8,20.8,0.0,0.0,0.0,0.0,IND_FIELD_0703,RCBD - 4 Replications,4,ICAR AICRP & Syngenta Multi-Locational Trials,https://icar.org.in
TR-2023-MA-00704,EXP-2023-MA-RIC-0352,ICAR_SYNGENTA_TRIALS,India,Madhya Pradesh,Madhya Pradesh & Central Belt,Bhopal,23.2599,77.4126,Rice (Paddy),Rice (Paddy),Kharif,2023,Syngenta Quantis,Syngenta Quantis,Biostimulant,1,Syngenta Quantis,2.0,0,1,0.45,0.45,7.72,214.6,22.3,315.0,25.3,22.1,0.57,0.39,32.4,2,751.3,2106.0,66.8,13.6,22.3,0.695,23.99,23.99,20.8,23.99,3.19,15.34,3.19,12874.0,IND_FIELD_0704,RCBD - 4 Replications,4,ICAR AICRP & Syngenta Multi-Locational Trials,https://icar.org.in
TR-2022-TE-00705,EXP-2022-TE-MUS-0353,ICAR_SYNGENTA_TRIALS,India,Telangana,Telangana & Andhra (Krishna Basin),Warangal,17.9689,79.5941,Mustard / Rapeseed,Mustard / Rapeseed,Rabi,2022,Control (Untreated Check),Untreated Check,Untreated Check,0,Untreated,0.0,1,0,0.59,0.59,6.84,237.0,20.5,264.5,34.4,17.9,0.79,0.69,23.2,3,257.3,1508.0,70.2,7.2,18.4,0.546,7.45,7.45,7.45,7.45,0.0,0.0,0.0,0.0,IND_FIELD_0705,RCBD - 4 Replications,4,ICAR AICRP & Syngenta Multi-Locational Trials,https://icar.org.in
TR-2022-TE-00706,EXP-2022-TE-MUS-0353,ICAR_SYNGENTA_TRIALS,India,Telangana,Telangana & Andhra (Krishna Basin),Warangal,17.9689,79.5941,Mustard / Rapeseed,Mustard / Rapeseed,Rabi,2022,Syngenta Quantis,Syngenta Quantis,Biostimulant,1,Syngenta Quantis,1.5,0,1,0.59,0.59,6.84,237.0,20.5,264.5,34.4,17.9,0.79,0.69,23.2,3,257.3,1508.0,70.2,7.2,18.4,0.546,8.37,8.37,7.45,8.37,0.92,12.35,0.92,2882.0,IND_FIELD_0706,RCBD - 4 Replications,4,ICAR AICRP & Syngenta Multi-Locational Trials,https://icar.org.in
TR-2025-UT-00707,EXP-2025-UT-SOY-0354,ICAR_SYNGENTA_TRIALS,India,Uttar Pradesh,Indo-Gangetic Plain (Central),Varanasi,25.3176,82.9739,Soybean,Soybean,Kharif,2025,Control (Untreated Check),Untreated Check,Untreated Check,0,Untreated,0.0,1,0,0.47,0.47,7.94,248.7,22.3,186.6,19.9,14.4,0.94,0.39,32.8,3,597.8,2132.0,75.2,10.4,17.2,0.715,10.84,10.84,10.84,10.84,0.0,0.0,0.0,0.0,IND_FIELD_0707,RCBD - 4 Replications,4,ICAR AICRP & Syngenta Multi-Locational Trials,https://icar.org.in
TR-2025-UT-00708,EXP-2025-UT-SOY-0354,ICAR_SYNGENTA_TRIALS,India,Uttar Pradesh,Indo-Gangetic Plain (Central),Varanasi,25.3176,82.9739,Soybean,Soybean,Kharif,2025,Syngenta Quantis,Syngenta Quantis,Biostimulant,1,Syngenta Quantis,2.0,0,1,0.47,0.47,7.94,248.7,22.3,186.6,19.9,14.4,0.94,0.39,32.8,3,597.8,2132.0,75.2,10.4,17.2,0.715,11.25,11.25,10.84,11.25,0.41,3.78,0.41,86.0,IND_FIELD_0708,RCBD - 4 Replications,4,ICAR AICRP & Syngenta Multi-Locational Trials,https://icar.org.in
TR-2024-MA-00709,EXP-2024-MA-CHI-0355,ICAR_SYNGENTA_TRIALS,India,Madhya Pradesh,Madhya Pradesh & Central Belt,Bhopal,23.2599,77.4126,Chickpea (Gram / Chana),Chickpea (Gram / Chana),Rabi,2024,Control (Untreated Check),Untreated Check,Untreated Check,0,Untreated,0.0,1,0,0.62,0.62,7.66,242.5,24.3,328.8,29.5,12.1,1.16,0.25,26.3,7,186.3,1709.5,62.7,6.2,18.3,0.732,6.49,6.49,6.49,6.49,0.0,0.0,0.0,0.0,IND_FIELD_0709,RCBD - 4 Replications,4,ICAR AICRP & Syngenta Multi-Locational Trials,https://icar.org.in
TR-2024-MA-00710,EXP-2024-MA-CHI-0355,ICAR_SYNGENTA_TRIALS,India,Madhya Pradesh,Madhya Pradesh & Central Belt,Bhopal,23.2599,77.4126,Chickpea (Gram / Chana),Chickpea (Gram / Chana),Rabi,2024,Syngenta Isabion,Syngenta Isabion,Biostimulant,1,Syngenta Isabion,1.5,0,1,0.62,0.62,7.66,242.5,24.3,328.8,29.5,12.1,1.16,0.25,26.3,7,186.3,1709.5,62.7,6.2,18.3,0.732,7.77,7.77,6.49,7.77,1.28,19.72,1.28,4538.0,IND_FIELD_0710,RCBD - 4 Replications,4,ICAR AICRP & Syngenta Multi-Locational Trials,https://icar.org.in
TR-2023-UT-00711,EXP-2023-UT-SOY-0356,ICAR_SYNGENTA_TRIALS,India,Uttar Pradesh,Indo-Gangetic Plain (Central),Varanasi,25.3176,82.9739,Soybean,Soybean,Kharif,2023,Control (Untreated Check),Untreated Check,Untreated Check,0,Untreated,0.0,1,0,0.3,0.3,7.19,238.0,34.2,259.6,39.4,16.5,0.98,0.33,28.1,2,730.9,1826.5,73.3,12.2,18.1,0.621,12.26,12.26,12.26,12.26,0.0,0.0,0.0,0.0,IND_FIELD_0711,RCBD - 4 Replications,4,ICAR AICRP & Syngenta Multi-Locational Trials,https://icar.org.in
TR-2023-UT-00712,EXP-2023-UT-SOY-0356,ICAR_SYNGENTA_TRIALS,India,Uttar Pradesh,Indo-Gangetic Plain (Central),Varanasi,25.3176,82.9739,Soybean,Soybean,Kharif,2023,Syngenta Quantis,Syngenta Quantis,Biostimulant,1,Syngenta Quantis,2.0,0,1,0.3,0.3,7.19,238.0,34.2,259.6,39.4,16.5,0.98,0.33,28.1,2,730.9,1826.5,73.3,12.2,18.1,0.621,12.57,12.57,12.26,12.57,0.31,2.53,0.31,-374.0,IND_FIELD_0712,RCBD - 4 Replications,4,ICAR AICRP & Syngenta Multi-Locational Trials,https://icar.org.in
TR-2023-PU-00713,EXP-2023-PU-TOM-0357,ICAR_SYNGENTA_TRIALS,India,Punjab,Punjab & Haryana (Indo-Gangetic),Ludhiana,30.901,75.8573,Tomato,Tomato,Annual,2023,Control (Untreated Check),Untreated Check,Untreated Check,0,Untreated,0.0,1,0,0.35,0.35,7.9,224.6,28.0,225.5,40.2,15.7,0.56,0.48,36.6,4,91.8,2379.0,72.0,5.8,17.9,0.77,144.31,144.31,144.31,144.31,0.0,0.0,0.0,0.0,IND_FIELD_0713,RCBD - 4 Replications,4,ICAR AICRP & Syngenta Multi-Locational Trials,https://icar.org.in
TR-2023-PU-00714,EXP-2023-PU-TOM-0357,ICAR_SYNGENTA_TRIALS,India,Punjab,Punjab & Haryana (Indo-Gangetic),Ludhiana,30.901,75.8573,Tomato,Tomato,Annual,2023,Syngenta Isabion,Syngenta Isabion,Biostimulant,1,Syngenta Isabion,2.5,0,1,0.35,0.35,7.9,224.6,28.0,225.5,40.2,15.7,0.56,0.48,36.6,4,91.8,2379.0,72.0,5.8,17.9,0.77,163.56,163.56,144.31,163.56,19.25,13.34,19.25,86300.0,IND_FIELD_0714,RCBD - 4 Replications,4,ICAR AICRP & Syngenta Multi-Locational Trials,https://icar.org.in
TR-2024-UT-00715,EXP-2024-UT-RIC-0358,ICAR_SYNGENTA_TRIALS,India,Uttar Pradesh,Indo-Gangetic Plain (Central),Varanasi,25.3176,82.9739,Rice (Paddy),Rice (Paddy),Kharif,2024,Control (Untreated Check),Untreated Check,Untreated Check,0,Untreated,0.0,1,0,0.54,0.54,7.93,205.6,25.8,262.4,23.6,10.5,0.46,0.48,32.5,5,667.9,2112.5,53.1,6.3,19.5,0.598,22.48,22.48,22.48,22.48,0.0,0.0,0.0,0.0,IND_FIELD_0715,RCBD - 4 Replications,4,ICAR AICRP & Syngenta Multi-Locational Trials,https://icar.org.in
TR-2024-UT-00716,EXP-2024-UT-RIC-0358,ICAR_SYNGENTA_TRIALS,India,Uttar Pradesh,Indo-Gangetic Plain (Central),Varanasi,25.3176,82.9739,Rice (Paddy),Rice (Paddy),Kharif,2024,Syngenta Quantis,Syngenta Quantis,Biostimulant,1,Syngenta Quantis,2.0,0,1,0.54,0.54,7.93,205.6,25.8,262.4,23.6,10.5,0.46,0.48,32.5,5,667.9,2112.5,53.1,6.3,19.5,0.598,25.0,25.0,22.48,25.0,2.52,11.21,2.52,9792.0,IND_FIELD_0716,RCBD - 4 Replications,4,ICAR AICRP & Syngenta Multi-Locational Trials,https://icar.org.in
TR-2024-KA-00717,EXP-2024-KA-TUR-0359,ICAR_SYNGENTA_TRIALS,India,Karnataka,Karnataka (Deccan Plateau),Dharwad,15.4589,75.0078,Tur / Pigeon Pea (Arhar),Tur / Pigeon Pea (Arhar),Kharif,2024,Control (Untreated Check),Untreated Check,Untreated Check,0,Untreated,0.0,1,0,0.66,0.66,7.11,261.7,26.8,261.5,35.8,12.8,0.85,0.52,27.1,1,611.1,1761.5,72.7,13.2,21.4,0.592,8.48,8.48,8.48,8.48,0.0,0.0,0.0,0.0,IND_FIELD_0717,RCBD - 4 Replications,4,ICAR AICRP & Syngenta Multi-Locational Trials,https://icar.org.in
TR-2024-KA-00718,EXP-2024-KA-TUR-0359,ICAR_SYNGENTA_TRIALS,India,Karnataka,Karnataka (Deccan Plateau),Dharwad,15.4589,75.0078,Tur / Pigeon Pea (Arhar),Tur / Pigeon Pea (Arhar),Kharif,2024,Syngenta Quantis,Syngenta Quantis,Biostimulant,1,Syngenta Quantis,2.0,0,1,0.66,0.66,7.11,261.7,26.8,261.5,35.8,12.8,0.85,0.52,27.1,1,611.1,1761.5,72.7,13.2,21.4,0.592,8.86,8.86,8.48,8.86,0.38,4.48,0.38,-52.0,IND_FIELD_0718,RCBD - 4 Replications,4,ICAR AICRP & Syngenta Multi-Locational Trials,https://icar.org.in
TR-2025-KA-00719,EXP-2025-KA-CHI-0360,ICAR_SYNGENTA_TRIALS,India,Karnataka,Karnataka (Deccan Plateau),Dharwad,15.4589,75.0078,Chickpea (Gram / Chana),Chickpea (Gram / Chana),Rabi,2025,Control (Untreated Check),Untreated Check,Untreated Check,0,Untreated,0.0,1,0,0.64,0.64,6.65,232.4,31.7,283.5,22.7,16.1,1.03,0.54,30.6,4,30.0,1989.0,53.6,10.7,19.5,0.614,7.33,7.33,7.33,7.33,0.0,0.0,0.0,0.0,IND_FIELD_0719,RCBD - 4 Replications,4,ICAR AICRP & Syngenta Multi-Locational Trials,https://icar.org.in
TR-2025-KA-00720,EXP-2025-KA-CHI-0360,ICAR_SYNGENTA_TRIALS,India,Karnataka,Karnataka (Deccan Plateau),Dharwad,15.4589,75.0078,Chickpea (Gram / Chana),Chickpea (Gram / Chana),Rabi,2025,Syngenta Isabion,Syngenta Isabion,Biostimulant,1,Syngenta Isabion,1.5,0,1,0.64,0.64,6.65,232.4,31.7,283.5,22.7,16.1,1.03,0.54,30.6,4,30.0,1989.0,53.6,10.7,19.5,0.614,8.62,8.62,7.33,8.62,1.29,17.6,1.29,4584.0,IND_FIELD_0720,RCBD - 4 Replications,4,ICAR AICRP & Syngenta Multi-Locational Trials,https://icar.org.in
TR-2025-PU-00721,EXP-2025-PU-COT-0361,ICAR_SYNGENTA_TRIALS,India,Punjab,Punjab & Haryana (Indo-Gangetic),Ludhiana,30.901,75.8573,Cotton,Cotton,Kharif,2025,Control (Untreated Check),Untreated Check,Untreated Check,0,Untreated,0.0,1,0,0.28,0.28,8.49,170.5,25.1,249.1,46.7,13.9,1.28,0.56,27.4,3,624.1,1781.0,63.4,12.4,17.5,0.652,11.62,11.62,11.62,11.62,0.0,0.0,0.0,0.0,IND_FIELD_0721,RCBD - 4 Replications,4,ICAR AICRP & Syngenta Multi-Locational Trials,https://icar.org.in
TR-2025-PU-00722,EXP-2025-PU-COT-0361,ICAR_SYNGENTA_TRIALS,India,Punjab,Punjab & Haryana (Indo-Gangetic),Ludhiana,30.901,75.8573,Cotton,Cotton,Kharif,2025,Syngenta Isabion,Syngenta Isabion,Biostimulant,1,Syngenta Isabion,1.5,0,1,0.28,0.28,8.49,170.5,25.1,249.1,46.7,13.9,1.28,0.56,27.4,3,624.1,1781.0,63.4,12.4,17.5,0.652,13.69,13.69,11.62,13.69,2.07,17.81,2.07,8172.0,IND_FIELD_0722,RCBD - 4 Replications,4,ICAR AICRP & Syngenta Multi-Locational Trials,https://icar.org.in
TR-2022-TE-00723,EXP-2022-TE-SOY-0362,ICAR_SYNGENTA_TRIALS,India,Telangana,Telangana & Andhra (Krishna Basin),Warangal,17.9689,79.5941,Soybean,Soybean,Kharif,2022,Control (Untreated Check),Untreated Check,Untreated Check,0,Untreated,0.0,1,0,0.57,0.57,7.23,236.2,14.1,318.9,32.6,8.0,0.66,0.49,28.3,1,868.9,1839.5,70.4,7.1,19.1,0.655,10.2,10.2,10.2,10.2,0.0,0.0,0.0,0.0,IND_FIELD_0723,RCBD - 4 Replications,4,ICAR AICRP & Syngenta Multi-Locational Trials,https://icar.org.in
TR-2022-TE-00724,EXP-2022-TE-SOY-0362,ICAR_SYNGENTA_TRIALS,India,Telangana,Telangana & Andhra (Krishna Basin),Warangal,17.9689,79.5941,Soybean,Soybean,Kharif,2022,Syngenta Quantis,Syngenta Quantis,Biostimulant,1,Syngenta Quantis,2.0,0,1,0.57,0.57,7.23,236.2,14.1,318.9,32.6,8.0,0.66,0.49,28.3,1,868.9,1839.5,70.4,7.1,19.1,0.655,11.12,11.12,10.2,11.12,0.92,9.02,0.92,2432.0,IND_FIELD_0724,RCBD - 4 Replications,4,ICAR AICRP & Syngenta Multi-Locational Trials,https://icar.org.in
TR-2024-MA-00725,EXP-2024-MA-CHI-0363,ICAR_SYNGENTA_TRIALS,India,Madhya Pradesh,Madhya Pradesh & Central Belt,Bhopal,23.2599,77.4126,Chickpea (Gram / Chana),Chickpea (Gram / Chana),Rabi,2024,Control (Untreated Check),Untreated Check,Untreated Check,0,Untreated,0.0,1,0,0.7,0.7,7.76,215.2,33.0,323.1,26.2,19.8,1.27,0.55,27.0,9,138.6,1755.0,67.4,8.4,21.9,0.629,5.84,5.84,5.84,5.84,0.0,0.0,0.0,0.0,IND_FIELD_0725,RCBD - 4 Replications,4,ICAR AICRP & Syngenta Multi-Locational Trials,https://icar.org.in
TR-2024-MA-00726,EXP-2024-MA-CHI-0363,ICAR_SYNGENTA_TRIALS,India,Madhya Pradesh,Madhya Pradesh & Central Belt,Bhopal,23.2599,77.4126,Chickpea (Gram / Chana),Chickpea (Gram / Chana),Rabi,2024,Syngenta Isabion,Syngenta Isabion,Biostimulant,1,Syngenta Isabion,1.5,0,1,0.7,0.7,7.76,215.2,33.0,323.1,26.2,19.8,1.27,0.55,27.0,9,138.6,1755.0,67.4,8.4,21.9,0.629,7.85,7.85,5.84,7.85,2.01,34.42,2.01,7896.0,IND_FIELD_0726,RCBD - 4 Replications,4,ICAR AICRP & Syngenta Multi-Locational Trials,https://icar.org.in
TR-2023-PU-00727,EXP-2023-PU-SUG-0364,ICAR_SYNGENTA_TRIALS,India,Punjab,Punjab & Haryana (Indo-Gangetic),Ludhiana,30.901,75.8573,Sugarcane,Sugarcane,Annual,2023,Control (Untreated Check),Untreated Check,Untreated Check,0,Untreated,0.0,1,0,0.52,0.52,7.38,146.7,16.3,189.5,24.0,14.2,0.52,0.56,27.3,4,300.2,1774.5,82.8,5.8,21.5,0.679,309.73,309.73,309.73,309.73,0.0,0.0,0.0,0.0,IND_FIELD_0727,RCBD - 4 Replications,4,ICAR AICRP & Syngenta Multi-Locational Trials,https://icar.org.in
TR-2023-PU-00728,EXP-2023-PU-SUG-0364,ICAR_SYNGENTA_TRIALS,India,Punjab,Punjab & Haryana (Indo-Gangetic),Ludhiana,30.901,75.8573,Sugarcane,Sugarcane,Annual,2023,Syngenta CropBio+,Syngenta CropBio+,Biostimulant,1,Syngenta CropBio+,3.0,0,1,0.52,0.52,7.38,146.7,16.3,189.5,24.0,14.2,0.52,0.56,27.3,4,300.2,1774.5,82.8,5.8,21.5,0.679,349.69,349.69,309.73,349.69,39.96,12.9,39.96,181116.0,IND_FIELD_0728,RCBD - 4 Replications,4,ICAR AICRP & Syngenta Multi-Locational Trials,https://icar.org.in
TR-2024-GU-00729,EXP-2024-GU-TUR-0365,ICAR_SYNGENTA_TRIALS,India,Gujarat,Gujarat & Saurashtra Plain,Rajkot,22.3039,70.8022,Tur / Pigeon Pea (Arhar),Tur / Pigeon Pea (Arhar),Kharif,2024,Control (Untreated Check),Untreated Check,Untreated Check,0,Untreated,0.0,1,0,0.43,0.43,8.05,201.2,17.7,331.3,36.4,14.4,0.53,0.49,25.8,2,626.2,1677.0,72.7,9.7,17.8,0.693,7.15,7.15,7.15,7.15,0.0,0.0,0.0,0.0,IND_FIELD_0729,RCBD - 4 Replications,4,ICAR AICRP & Syngenta Multi-Locational Trials,https://icar.org.in
TR-2024-GU-00730,EXP-2024-GU-TUR-0365,ICAR_SYNGENTA_TRIALS,India,Gujarat,Gujarat & Saurashtra Plain,Rajkot,22.3039,70.8022,Tur / Pigeon Pea (Arhar),Tur / Pigeon Pea (Arhar),Kharif,2024,Syngenta Quantis,Syngenta Quantis,Biostimulant,1,Syngenta Quantis,2.0,0,1,0.43,0.43,8.05,201.2,17.7,331.3,36.4,14.4,0.53,0.49,25.8,2,626.2,1677.0,72.7,9.7,17.8,0.693,7.71,7.71,7.15,7.71,0.56,7.83,0.56,776.0,IND_FIELD_0730,RCBD - 4 Replications,4,ICAR AICRP & Syngenta Multi-Locational Trials,https://icar.org.in
TR-2022-GU-00731,EXP-2022-GU-GRO-0366,ICAR_SYNGENTA_TRIALS,India,Gujarat,Gujarat & Saurashtra Plain,Rajkot,22.3039,70.8022,Groundnut (Peanut),Groundnut (Peanut),Kharif,2022,Control (Untreated Check),Untreated Check,Untreated Check,0,Untreated,0.0,1,0,0.48,0.48,7.55,198.2,21.8,397.0,32.2,12.7,1.04,0.63,26.6,7,600.5,1729.0,62.7,11.7,14.9,0.696,8.65,8.65,8.65,8.65,0.0,0.0,0.0,0.0,IND_FIELD_0731,RCBD - 4 Replications,4,ICAR AICRP & Syngenta Multi-Locational Trials,https://icar.org.in
TR-2022-GU-00732,EXP-2022-GU-GRO-0366,ICAR_SYNGENTA_TRIALS,India,Gujarat,Gujarat & Saurashtra Plain,Rajkot,22.3039,70.8022,Groundnut (Peanut),Groundnut (Peanut),Kharif,2022,Syngenta Isabion,Syngenta Isabion,Biostimulant,1,Syngenta Isabion,1.5,0,1,0.48,0.48,7.55,198.2,21.8,397.0,32.2,12.7,1.04,0.63,26.6,7,600.5,1729.0,62.7,11.7,14.9,0.696,9.73,9.73,8.65,9.73,1.08,12.49,1.08,3618.0,IND_FIELD_0732,RCBD - 4 Replications,4,ICAR AICRP & Syngenta Multi-Locational Trials,https://icar.org.in
TR-2025-MA-00733,EXP-2025-MA-GRO-0367,ICAR_SYNGENTA_TRIALS,India,Maharashtra,Maharashtra & Vidarbha (Deccan),Nagpur,21.1458,79.0882,Groundnut (Peanut),Groundnut (Peanut),Kharif,2025,Control (Untreated Check),Untreated Check,Untreated Check,0,Untreated,0.0,1,0,0.52,0.52,7.59,173.2,22.2,335.9,28.6,14.1,1.38,0.69,32.0,3,440.4,2080.0,61.2,8.2,13.8,0.599,8.83,8.83,8.83,8.83,0.0,0.0,0.0,0.0,IND_FIELD_0733,RCBD - 4 Replications,4,ICAR AICRP & Syngenta Multi-Locational Trials,https://icar.org.in
TR-2025-MA-00734,EXP-2025-MA-GRO-0367,ICAR_SYNGENTA_TRIALS,India,Maharashtra,Maharashtra & Vidarbha (Deccan),Nagpur,21.1458,79.0882,Groundnut (Peanut),Groundnut (Peanut),Kharif,2025,Syngenta Isabion,Syngenta Isabion,Biostimulant,1,Syngenta Isabion,1.5,0,1,0.52,0.52,7.59,173.2,22.2,335.9,28.6,14.1,1.38,0.69,32.0,3,440.4,2080.0,61.2,8.2,13.8,0.599,9.8,9.8,8.83,9.8,0.97,10.99,0.97,3112.0,IND_FIELD_0734,RCBD - 4 Replications,4,ICAR AICRP & Syngenta Multi-Locational Trials,https://icar.org.in
TR-2024-MA-00735,EXP-2024-MA-RIC-0368,ICAR_SYNGENTA_TRIALS,India,Maharashtra,Maharashtra & Vidarbha (Deccan),Nagpur,21.1458,79.0882,Rice (Paddy),Rice (Paddy),Kharif,2024,Control (Untreated Check),Untreated Check,Untreated Check,0,Untreated,0.0,1,0,0.56,0.56,7.41,142.4,9.2,289.2,25.8,13.4,0.65,0.59,27.8,6,681.1,1807.0,66.0,10.0,19.7,0.698,20.17,20.17,20.17,20.17,0.0,0.0,0.0,0.0,IND_FIELD_0735,RCBD - 4 Replications,4,ICAR AICRP & Syngenta Multi-Locational Trials,https://icar.org.in
TR-2024-MA-00736,EXP-2024-MA-RIC-0368,ICAR_SYNGENTA_TRIALS,India,Maharashtra,Maharashtra & Vidarbha (Deccan),Nagpur,21.1458,79.0882,Rice (Paddy),Rice (Paddy),Kharif,2024,Syngenta Quantis,Syngenta Quantis,Biostimulant,1,Syngenta Quantis,2.0,0,1,0.56,0.56,7.41,142.4,9.2,289.2,25.8,13.4,0.65,0.59,27.8,6,681.1,1807.0,66.0,10.0,19.7,0.698,22.6,22.6,20.17,22.6,2.43,12.05,2.43,9378.0,IND_FIELD_0736,RCBD - 4 Replications,4,ICAR AICRP & Syngenta Multi-Locational Trials,https://icar.org.in
TR-2025-TE-00737,EXP-2025-TE-TOM-0369,ICAR_SYNGENTA_TRIALS,India,Telangana,Telangana & Andhra (Krishna Basin),Warangal,17.9689,79.5941,Tomato,Tomato,Annual,2025,Control (Untreated Check),Untreated Check,Untreated Check,0,Untreated,0.0,1,0,0.52,0.52,7.11,161.6,32.2,319.1,25.1,14.8,0.58,0.49,24.1,3,67.3,1566.5,69.6,7.0,19.8,0.632,156.76,156.76,156.76,156.76,0.0,0.0,0.0,0.0,IND_FIELD_0737,RCBD - 4 Replications,4,ICAR AICRP & Syngenta Multi-Locational Trials,https://icar.org.in
TR-2025-TE-00738,EXP-2025-TE-TOM-0369,ICAR_SYNGENTA_TRIALS,India,Telangana,Telangana & Andhra (Krishna Basin),Warangal,17.9689,79.5941,Tomato,Tomato,Annual,2025,Syngenta Isabion,Syngenta Isabion,Biostimulant,1,Syngenta Isabion,2.5,0,1,0.52,0.52,7.11,161.6,32.2,319.1,25.1,14.8,0.58,0.49,24.1,3,67.3,1566.5,69.6,7.0,19.8,0.632,160.73,160.73,156.76,160.73,3.97,2.53,3.97,16012.0,IND_FIELD_0738,RCBD - 4 Replications,4,ICAR AICRP & Syngenta Multi-Locational Trials,https://icar.org.in
TR-2023-MA-00739,EXP-2023-MA-GRO-0370,ICAR_SYNGENTA_TRIALS,India,Madhya Pradesh,Madhya Pradesh & Central Belt,Bhopal,23.2599,77.4126,Groundnut (Peanut),Groundnut (Peanut),Kharif,2023,Control (Untreated Check),Untreated Check,Untreated Check,0,Untreated,0.0,1,0,0.44,0.44,7.57,213.3,21.3,345.1,37.5,13.9,0.5,0.91,33.7,2,752.3,2190.5,59.9,8.8,20.7,0.702,11.73,11.73,11.73,11.73,0.0,0.0,0.0,0.0,IND_FIELD_0739,RCBD - 4 Replications,4,ICAR AICRP & Syngenta Multi-Locational Trials,https://icar.org.in
TR-2023-MA-00740,EXP-2023-MA-GRO-0370,ICAR_SYNGENTA_TRIALS,India,Madhya Pradesh,Madhya Pradesh & Central Belt,Bhopal,23.2599,77.4126,Groundnut (Peanut),Groundnut (Peanut),Kharif,2023,Syngenta Isabion,Syngenta Isabion,Biostimulant,1,Syngenta Isabion,1.5,0,1,0.44,0.44,7.57,213.3,21.3,345.1,37.5,13.9,0.5,0.91,33.7,2,752.3,2190.5,59.9,8.8,20.7,0.702,12.34,12.34,11.73,12.34,0.61,5.2,0.61,1456.0,IND_FIELD_0740,RCBD - 4 Replications,4,ICAR AICRP & Syngenta Multi-Locational Trials,https://icar.org.in
TR-2024-KA-00741,EXP-2024-KA-RIC-0371,ICAR_SYNGENTA_TRIALS,India,Karnataka,Karnataka (Deccan Plateau),Dharwad,15.4589,75.0078,Rice (Paddy),Rice (Paddy),Kharif,2024,Control (Untreated Check),Untreated Check,Untreated Check,0,Untreated,0.0,1,0,0.45,0.45,6.89,258.8,18.9,249.8,33.1,16.6,0.72,0.45,34.2,1,652.6,2223.0,70.5,11.3,14.0,0.679,19.96,19.96,19.96,19.96,0.0,0.0,0.0,0.0,IND_FIELD_0741,RCBD - 4 Replications,4,ICAR AICRP & Syngenta Multi-Locational Trials,https://icar.org.in
TR-2024-KA-00742,EXP-2024-KA-RIC-0371,ICAR_SYNGENTA_TRIALS,India,Karnataka,Karnataka (Deccan Plateau),Dharwad,15.4589,75.0078,Rice (Paddy),Rice (Paddy),Kharif,2024,Syngenta Quantis,Syngenta Quantis,Biostimulant,1,Syngenta Quantis,2.0,0,1,0.45,0.45,6.89,258.8,18.9,249.8,33.1,16.6,0.72,0.45,34.2,1,652.6,2223.0,70.5,11.3,14.0,0.679,21.01,21.01,19.96,21.01,1.05,5.26,1.05,3030.0,IND_FIELD_0742,RCBD - 4 Replications,4,ICAR AICRP & Syngenta Multi-Locational Trials,https://icar.org.in
TR-2024-TE-00743,EXP-2024-TE-SUG-0372,ICAR_SYNGENTA_TRIALS,India,Telangana,Telangana & Andhra (Krishna Basin),Warangal,17.9689,79.5941,Sugarcane,Sugarcane,Annual,2024,Control (Untreated Check),Untreated Check,Untreated Check,0,Untreated,0.0,1,0,0.65,0.65,6.8,166.7,28.4,244.1,21.5,19.7,0.61,0.75,29.3,1,278.4,1904.5,69.9,12.5,16.2,0.637,298.81,298.81,298.81,298.81,0.0,0.0,0.0,0.0,IND_FIELD_0743,RCBD - 4 Replications,4,ICAR AICRP & Syngenta Multi-Locational Trials,https://icar.org.in
TR-2024-TE-00744,EXP-2024-TE-SUG-0372,ICAR_SYNGENTA_TRIALS,India,Telangana,Telangana & Andhra (Krishna Basin),Warangal,17.9689,79.5941,Sugarcane,Sugarcane,Annual,2024,Syngenta CropBio+,Syngenta CropBio+,Biostimulant,1,Syngenta CropBio+,3.0,0,1,0.65,0.65,6.8,166.7,28.4,244.1,21.5,19.7,0.61,0.75,29.3,1,278.4,1904.5,69.9,12.5,16.2,0.637,337.03,337.03,298.81,337.03,38.22,12.79,38.22,173112.0,IND_FIELD_0744,RCBD - 4 Replications,4,ICAR AICRP & Syngenta Multi-Locational Trials,https://icar.org.in
TR-2024-TA-00745,EXP-2024-TA-MUS-0373,ICAR_SYNGENTA_TRIALS,India,Tamil Nadu,Tamil Nadu & Cauvery Delta,Coimbatore,11.0168,76.9558,Mustard / Rapeseed,Mustard / Rapeseed,Rabi,2024,Control (Untreated Check),Untreated Check,Untreated Check,0,Untreated,0.0,1,0,0.35,0.35,7.71,288.7,19.3,258.7,25.4,18.4,0.69,0.51,31.6,8,176.9,2054.0,65.0,10.0,20.1,0.613,5.8,5.8,5.8,5.8,0.0,0.0,0.0,0.0,IND_FIELD_0745,RCBD - 4 Replications,4,ICAR AICRP & Syngenta Multi-Locational Trials,https://icar.org.in
TR-2024-TA-00746,EXP-2024-TA-MUS-0373,ICAR_SYNGENTA_TRIALS,India,Tamil Nadu,Tamil Nadu & Cauvery Delta,Coimbatore,11.0168,76.9558,Mustard / Rapeseed,Mustard / Rapeseed,Rabi,2024,Syngenta Quantis,Syngenta Quantis,Biostimulant,1,Syngenta Quantis,1.5,0,1,0.35,0.35,7.71,288.7,19.3,258.7,25.4,18.4,0.69,0.51,31.6,8,176.9,2054.0,65.0,10.0,20.1,0.613,6.47,6.47,5.8,6.47,0.67,11.55,0.67,1732.0,IND_FIELD_0746,RCBD - 4 Replications,4,ICAR AICRP & Syngenta Multi-Locational Trials,https://icar.org.in
TR-2025-UT-00747,EXP-2025-UT-TUR-0374,ICAR_SYNGENTA_TRIALS,India,Uttar Pradesh,Indo-Gangetic Plain (Central),Varanasi,25.3176,82.9739,Tur / Pigeon Pea (Arhar),Tur / Pigeon Pea (Arhar),Kharif,2025,Control (Untreated Check),Untreated Check,Untreated Check,0,Untreated,0.0,1,0,0.4,0.4,7.07,240.4,23.2,250.8,24.9,10.8,0.9,0.42,27.7,1,559.0,1800.5,68.2,8.5,19.3,0.69,7.45,7.45,7.45,7.45,0.0,0.0,0.0,0.0,IND_FIELD_0747,RCBD - 4 Replications,4,ICAR AICRP & Syngenta Multi-Locational Trials,https://icar.org.in
TR-2025-UT-00748,EXP-2025-UT-TUR-0374,ICAR_SYNGENTA_TRIALS,India,Uttar Pradesh,Indo-Gangetic Plain (Central),Varanasi,25.3176,82.9739,Tur / Pigeon Pea (Arhar),Tur / Pigeon Pea (Arhar),Kharif,2025,Syngenta Quantis,Syngenta Quantis,Biostimulant,1,Syngenta Quantis,2.0,0,1,0.4,0.4,7.07,240.4,23.2,250.8,24.9,10.8,0.9,0.42,27.7,1,559.0,1800.5,68.2,8.5,19.3,0.69,7.65,7.65,7.45,7.65,0.2,2.68,0.2,-880.0,IND_FIELD_0748,RCBD - 4 Replications,4,ICAR AICRP & Syngenta Multi-Locational Trials,https://icar.org.in
TR-2021-MA-00749,EXP-2021-MA-CHI-0375,ICAR_SYNGENTA_TRIALS,India,Maharashtra,Maharashtra & Vidarbha (Deccan),Nagpur,21.1458,79.0882,Chickpea (Gram / Chana),Chickpea (Gram / Chana),Rabi,2021,Control (Untreated Check),Untreated Check,Untreated Check,0,Untreated,0.0,1,0,0.43,0.43,8.49,203.4,17.6,251.4,30.6,16.9,0.64,0.46,30.9,0,167.1,2008.5,73.9,6.3,16.5,0.702,6.37,6.37,6.37,6.37,0.0,0.0,0.0,0.0,IND_FIELD_0749,RCBD - 4 Replications,4,ICAR AICRP & Syngenta Multi-Locational Trials,https://icar.org.in
TR-2021-MA-00750,EXP-2021-MA-CHI-0375,ICAR_SYNGENTA_TRIALS,India,Maharashtra,Maharashtra & Vidarbha (Deccan),Nagpur,21.1458,79.0882,Chickpea (Gram / Chana),Chickpea (Gram / Chana),Rabi,2021,Syngenta Isabion,Syngenta Isabion,Biostimulant,1,Syngenta Isabion,1.5,0,1,0.43,0.43,8.49,203.4,17.6,251.4,30.6,16.9,0.64,0.46,30.9,0,167.1,2008.5,73.9,6.3,16.5,0.702,6.86,6.86,6.37,6.86,0.49,7.69,0.49,904.0,IND_FIELD_0750,RCBD - 4 Replications,4,ICAR AICRP & Syngenta Multi-Locational Trials,https://icar.org.in
TR-2024-UT-00751,EXP-2024-UT-GRO-0376,ICAR_SYNGENTA_TRIALS,India,Uttar Pradesh,Indo-Gangetic Plain (Central),Varanasi,25.3176,82.9739,Groundnut (Peanut),Groundnut (Peanut),Kharif,2024,Control (Untreated Check),Untreated Check,Untreated Check,0,Untreated,0.0,1,0,0.36,0.36,7.44,237.7,25.3,190.3,36.3,15.2,0.73,0.57,30.8,4,619.2,2002.0,79.0,10.0,19.0,0.694,11.64,11.64,11.64,11.64,0.0,0.0,0.0,0.0,IND_FIELD_0751,RCBD - 4 Replications,4,ICAR AICRP & Syngenta Multi-Locational Trials,https://icar.org.in
TR-2024-UT-00752,EXP-2024-UT-GRO-0376,ICAR_SYNGENTA_TRIALS,India,Uttar Pradesh,Indo-Gangetic Plain (Central),Varanasi,25.3176,82.9739,Groundnut (Peanut),Groundnut (Peanut),Kharif,2024,Syngenta Isabion,Syngenta Isabion,Biostimulant,1,Syngenta Isabion,1.5,0,1,0.36,0.36,7.44,237.7,25.3,190.3,36.3,15.2,0.73,0.57,30.8,4,619.2,2002.0,79.0,10.0,19.0,0.694,12.56,12.56,11.64,12.56,0.92,7.9,0.92,2882.0,IND_FIELD_0752,RCBD - 4 Replications,4,ICAR AICRP & Syngenta Multi-Locational Trials,https://icar.org.in
TR-2024-KA-00753,EXP-2024-KA-MAI-0377,ICAR_SYNGENTA_TRIALS,India,Karnataka,Karnataka (Deccan Plateau),Dharwad,15.4589,75.0078,Maize,Maize,Kharif,2024,Control (Untreated Check),Untreated Check,Untreated Check,0,Untreated,0.0,1,0,0.59,0.59,6.56,185.6,20.1,275.2,26.0,10.6,0.84,0.72,30.6,6,479.0,1989.0,54.8,14.6,22.6,0.685,23.34,23.34,23.34,23.34,0.0,0.0,0.0,0.0,IND_FIELD_0753,RCBD - 4 Replications,4,ICAR AICRP & Syngenta Multi-Locational Trials,https://icar.org.in
TR-2024-KA-00754,EXP-2024-KA-MAI-0377,ICAR_SYNGENTA_TRIALS,India,Karnataka,Karnataka (Deccan Plateau),Dharwad,15.4589,75.0078,Maize,Maize,Kharif,2024,Syngenta Isabion,Syngenta Isabion,Biostimulant,1,Syngenta Isabion,2.0,0,1,0.59,0.59,6.56,185.6,20.1,275.2,26.0,10.6,0.84,0.72,30.6,6,479.0,1989.0,54.8,14.6,22.6,0.685,26.18,26.18,23.34,26.18,2.84,12.17,2.84,11264.0,IND_FIELD_0754,RCBD - 4 Replications,4,ICAR AICRP & Syngenta Multi-Locational Trials,https://icar.org.in
TR-2023-MA-00755,EXP-2023-MA-TUR-0378,ICAR_SYNGENTA_TRIALS,India,Maharashtra,Maharashtra & Vidarbha (Deccan),Nagpur,21.1458,79.0882,Tur / Pigeon Pea (Arhar),Tur / Pigeon Pea (Arhar),Kharif,2023,Control (Untreated Check),Untreated Check,Untreated Check,0,Untreated,0.0,1,0,0.46,0.46,6.91,241.8,12.6,306.7,28.3,6.8,0.73,0.47,27.4,3,509.9,1781.0,76.4,8.8,15.4,0.674,6.79,6.79,6.79,6.79,0.0,0.0,0.0,0.0,IND_FIELD_0755,RCBD - 4 Replications,4,ICAR AICRP & Syngenta Multi-Locational Trials,https://icar.org.in
TR-2023-MA-00756,EXP-2023-MA-TUR-0378,ICAR_SYNGENTA_TRIALS,India,Maharashtra,Maharashtra & Vidarbha (Deccan),Nagpur,21.1458,79.0882,Tur / Pigeon Pea (Arhar),Tur / Pigeon Pea (Arhar),Kharif,2023,Syngenta Quantis,Syngenta Quantis,Biostimulant,1,Syngenta Quantis,2.0,0,1,0.46,0.46,6.91,241.8,12.6,306.7,28.3,6.8,0.73,0.47,27.4,3,509.9,1781.0,76.4,8.8,15.4,0.674,7.1,7.1,6.79,7.1,0.31,4.57,0.31,-374.0,IND_FIELD_0756,RCBD - 4 Replications,4,ICAR AICRP & Syngenta Multi-Locational Trials,https://icar.org.in
TR-2024-KA-00757,EXP-2024-KA-MUS-0379,ICAR_SYNGENTA_TRIALS,India,Karnataka,Karnataka (Deccan Plateau),Dharwad,15.4589,75.0078,Mustard / Rapeseed,Mustard / Rapeseed,Rabi,2024,Control (Untreated Check),Untreated Check,Untreated Check,0,Untreated,0.0,1,0,0.45,0.45,7.5,271.4,21.9,287.5,44.8,11.2,0.89,0.38,28.1,4,237.8,1826.5,71.5,11.1,19.5,0.794,7.04,7.04,7.04,7.04,0.0,0.0,0.0,0.0,IND_FIELD_0757,RCBD - 4 Replications,4,ICAR AICRP & Syngenta Multi-Locational Trials,https://icar.org.in
TR-2024-KA-00758,EXP-2024-KA-MUS-0379,ICAR_SYNGENTA_TRIALS,India,Karnataka,Karnataka (Deccan Plateau),Dharwad,15.4589,75.0078,Mustard / Rapeseed,Mustard / Rapeseed,Rabi,2024,Syngenta Quantis,Syngenta Quantis,Biostimulant,1,Syngenta Quantis,1.5,0,1,0.45,0.45,7.5,271.4,21.9,287.5,44.8,11.2,0.89,0.38,28.1,4,237.8,1826.5,71.5,11.1,19.5,0.794,7.76,7.76,7.04,7.76,0.72,10.23,0.72,1962.0,IND_FIELD_0758,RCBD - 4 Replications,4,ICAR AICRP & Syngenta Multi-Locational Trials,https://icar.org.in
TR-2023-TE-00759,EXP-2023-TE-ONI-0380,ICAR_SYNGENTA_TRIALS,India,Telangana,Telangana & Andhra (Krishna Basin),Warangal,17.9689,79.5941,Onion,Onion,Rabi,2023,Control (Untreated Check),Untreated Check,Untreated Check,0,Untreated,0.0,1,0,0.42,0.42,7.13,217.8,12.2,252.9,37.7,14.8,0.87,0.59,28.8,2,274.3,1872.0,59.7,11.5,15.0,0.584,121.27,121.27,121.27,121.27,0.0,0.0,0.0,0.0,IND_FIELD_0759,RCBD - 4 Replications,4,ICAR AICRP & Syngenta Multi-Locational Trials,https://icar.org.in
TR-2023-TE-00760,EXP-2023-TE-ONI-0380,ICAR_SYNGENTA_TRIALS,India,Telangana,Telangana & Andhra (Krishna Basin),Warangal,17.9689,79.5941,Onion,Onion,Rabi,2023,Syngenta Quantis,Syngenta Quantis,Biostimulant,1,Syngenta Quantis,2.0,0,1,0.42,0.42,7.13,217.8,12.2,252.9,37.7,14.8,0.87,0.59,28.8,2,274.3,1872.0,59.7,11.5,15.0,0.584,136.46,136.46,121.27,136.46,15.19,12.53,15.19,68074.0,IND_FIELD_0760,RCBD - 4 Replications,4,ICAR AICRP & Syngenta Multi-Locational Trials,https://icar.org.in
TR-2024-TA-00761,EXP-2024-TA-ONI-0381,ICAR_SYNGENTA_TRIALS,India,Tamil Nadu,Tamil Nadu & Cauvery Delta,Coimbatore,11.0168,76.9558,Onion,Onion,Rabi,2024,Control (Untreated Check),Untreated Check,Untreated Check,0,Untreated,0.0,1,0,0.57,0.57,6.95,227.9,24.8,302.7,33.3,15.2,0.91,0.31,32.0,6,135.4,2080.0,78.1,6.5,19.2,0.64,114.22,114.22,114.22,114.22,0.0,0.0,0.0,0.0,IND_FIELD_0761,RCBD - 4 Replications,4,ICAR AICRP & Syngenta Multi-Locational Trials,https://icar.org.in
TR-2024-TA-00762,EXP-2024-TA-ONI-0381,ICAR_SYNGENTA_TRIALS,India,Tamil Nadu,Tamil Nadu & Cauvery Delta,Coimbatore,11.0168,76.9558,Onion,Onion,Rabi,2024,Syngenta Quantis,Syngenta Quantis,Biostimulant,1,Syngenta Quantis,2.0,0,1,0.57,0.57,6.95,227.9,24.8,302.7,33.3,15.2,0.91,0.31,32.0,6,135.4,2080.0,78.1,6.5,19.2,0.64,131.42,131.42,114.22,131.42,17.2,15.06,17.2,77320.0,IND_FIELD_0762,RCBD - 4 Replications,4,ICAR AICRP & Syngenta Multi-Locational Trials,https://icar.org.in
TR-2022-TE-00763,EXP-2022-TE-SOY-0382,ICAR_SYNGENTA_TRIALS,India,Telangana,Telangana & Andhra (Krishna Basin),Warangal,17.9689,79.5941,Soybean,Soybean,Kharif,2022,Control (Untreated Check),Untreated Check,Untreated Check,0,Untreated,0.0,1,0,0.52,0.52,7.04,280.5,21.9,359.6,32.8,15.9,0.8,0.45,30.2,2,636.4,1963.0,64.7,8.2,19.1,0.693,10.34,10.34,10.34,10.34,0.0,0.0,0.0,0.0,IND_FIELD_0763,RCBD - 4 Replications,4,ICAR AICRP & Syngenta Multi-Locational Trials,https://icar.org.in
TR-2022-TE-00764,EXP-2022-TE-SOY-0382,ICAR_SYNGENTA_TRIALS,India,Telangana,Telangana & Andhra (Krishna Basin),Warangal,17.9689,79.5941,Soybean,Soybean,Kharif,2022,Syngenta Quantis,Syngenta Quantis,Biostimulant,1,Syngenta Quantis,2.0,0,1,0.52,0.52,7.04,280.5,21.9,359.6,32.8,15.9,0.8,0.45,30.2,2,636.4,1963.0,64.7,8.2,19.1,0.693,11.31,11.31,10.34,11.31,0.97,9.38,0.97,2662.0,IND_FIELD_0764,RCBD - 4 Replications,4,ICAR AICRP & Syngenta Multi-Locational Trials,https://icar.org.in
TR-2021-MA-00765,EXP-2021-MA-RIC-0383,ICAR_SYNGENTA_TRIALS,India,Madhya Pradesh,Madhya Pradesh & Central Belt,Bhopal,23.2599,77.4126,Rice (Paddy),Rice (Paddy),Kharif,2021,Control (Untreated Check),Untreated Check,Untreated Check,0,Untreated,0.0,1,0,0.52,0.52,7.16,222.7,26.7,291.4,33.8,9.5,1.07,0.48,29.7,2,690.3,1930.5,73.9,10.9,18.1,0.634,22.19,22.19,22.19,22.19,0.0,0.0,0.0,0.0,IND_FIELD_0765,RCBD - 4 Replications,4,ICAR AICRP & Syngenta Multi-Locational Trials,https://icar.org.in
TR-2021-MA-00766,EXP-2021-MA-RIC-0383,ICAR_SYNGENTA_TRIALS,India,Madhya Pradesh,Madhya Pradesh & Central Belt,Bhopal,23.2599,77.4126,Rice (Paddy),Rice (Paddy),Kharif,2021,Syngenta Quantis,Syngenta Quantis,Biostimulant,1,Syngenta Quantis,2.0,0,1,0.52,0.52,7.16,222.7,26.7,291.4,33.8,9.5,1.07,0.48,29.7,2,690.3,1930.5,73.9,10.9,18.1,0.634,23.58,23.58,22.19,23.58,1.39,6.26,1.39,4594.0,IND_FIELD_0766,RCBD - 4 Replications,4,ICAR AICRP & Syngenta Multi-Locational Trials,https://icar.org.in
TR-2023-UT-00767,EXP-2023-UT-ONI-0384,ICAR_SYNGENTA_TRIALS,India,Uttar Pradesh,Indo-Gangetic Plain (Central),Varanasi,25.3176,82.9739,Onion,Onion,Rabi,2023,Control (Untreated Check),Untreated Check,Untreated Check,0,Untreated,0.0,1,0,0.52,0.52,7.72,227.6,25.4,206.9,34.5,12.5,0.84,0.69,27.0,3,188.7,1755.0,65.6,9.9,17.6,0.707,109.66,109.66,109.66,109.66,0.0,0.0,0.0,0.0,IND_FIELD_0767,RCBD - 4 Replications,4,ICAR AICRP & Syngenta Multi-Locational Trials,https://icar.org.in
TR-2023-UT-00768,EXP-2023-UT-ONI-0384,ICAR_SYNGENTA_TRIALS,India,Uttar Pradesh,Indo-Gangetic Plain (Central),Varanasi,25.3176,82.9739,Onion,Onion,Rabi,2023,Syngenta Quantis,Syngenta Quantis,Biostimulant,1,Syngenta Quantis,2.0,0,1,0.52,0.52,7.72,227.6,25.4,206.9,34.5,12.5,0.84,0.69,27.0,3,188.7,1755.0,65.6,9.9,17.6,0.707,122.61,122.61,109.66,122.61,12.95,11.81,12.95,57770.0,IND_FIELD_0768,RCBD - 4 Replications,4,ICAR AICRP & Syngenta Multi-Locational Trials,https://icar.org.in
TR-2022-UT-00769,EXP-2022-UT-TOM-0385,ICAR_SYNGENTA_TRIALS,India,Uttar Pradesh,Indo-Gangetic Plain (Central),Varanasi,25.3176,82.9739,Tomato,Tomato,Annual,2022,Control (Untreated Check),Untreated Check,Untreated Check,0,Untreated,0.0,1,0,0.39,0.39,8.1,214.6,15.9,184.9,37.9,16.8,0.59,0.74,28.4,0,117.5,1846.0,73.5,12.4,19.9,0.665,134.39,134.39,134.39,134.39,0.0,0.0,0.0,0.0,IND_FIELD_0769,RCBD - 4 Replications,4,ICAR AICRP & Syngenta Multi-Locational Trials,https://icar.org.in
TR-2022-UT-00770,EXP-2022-UT-TOM-0385,ICAR_SYNGENTA_TRIALS,India,Uttar Pradesh,Indo-Gangetic Plain (Central),Varanasi,25.3176,82.9739,Tomato,Tomato,Annual,2022,Syngenta Isabion,Syngenta Isabion,Biostimulant,1,Syngenta Isabion,2.5,0,1,0.39,0.39,8.1,214.6,15.9,184.9,37.9,16.8,0.59,0.74,28.4,0,117.5,1846.0,73.5,12.4,19.9,0.665,128.97,128.97,134.39,128.97,0.0,0.0,0.0,-2250.0,IND_FIELD_0770,RCBD - 4 Replications,4,ICAR AICRP & Syngenta Multi-Locational Trials,https://icar.org.in
TR-2024-MA-00771,EXP-2024-MA-WHE-0386,ICAR_SYNGENTA_TRIALS,India,Maharashtra,Maharashtra & Vidarbha (Deccan),Nagpur,21.1458,79.0882,Wheat,Wheat,Rabi,2024,Control (Untreated Check),Untreated Check,Untreated Check,0,Untreated,0.0,1,0,0.47,0.47,7.63,218.1,13.4,391.5,27.6,18.0,0.8,0.57,27.0,3,48.4,1755.0,78.1,8.3,16.3,0.579,15.84,15.84,15.84,15.84,0.0,0.0,0.0,0.0,IND_FIELD_0771,RCBD - 4 Replications,4,ICAR AICRP & Syngenta Multi-Locational Trials,https://icar.org.in
TR-2024-MA-00772,EXP-2024-MA-WHE-0386,ICAR_SYNGENTA_TRIALS,India,Maharashtra,Maharashtra & Vidarbha (Deccan),Nagpur,21.1458,79.0882,Wheat,Wheat,Rabi,2024,Syngenta Quantis,Syngenta Quantis,Biostimulant,1,Syngenta Quantis,1.5,0,1,0.47,0.47,7.63,218.1,13.4,391.5,27.6,18.0,0.8,0.57,27.0,3,48.4,1755.0,78.1,8.3,16.3,0.579,18.78,18.78,15.84,18.78,2.94,18.56,2.94,12174.0,IND_FIELD_0772,RCBD - 4 Replications,4,ICAR AICRP & Syngenta Multi-Locational Trials,https://icar.org.in
TR-2024-PU-00773,EXP-2024-PU-MAI-0387,ICAR_SYNGENTA_TRIALS,India,Punjab,Punjab & Haryana (Indo-Gangetic),Ludhiana,30.901,75.8573,Maize,Maize,Kharif,2024,Control (Untreated Check),Untreated Check,Untreated Check,0,Untreated,0.0,1,0,0.48,0.48,8.78,191.6,35.2,182.2,22.5,11.6,0.85,0.56,34.3,3,636.5,2229.5,64.9,5.8,16.6,0.717,24.4,24.4,24.4,24.4,0.0,0.0,0.0,0.0,IND_FIELD_0773,RCBD - 4 Replications,4,ICAR AICRP & Syngenta Multi-Locational Trials,https://icar.org.in
TR-2024-PU-00774,EXP-2024-PU-MAI-0387,ICAR_SYNGENTA_TRIALS,India,Punjab,Punjab & Haryana (Indo-Gangetic),Ludhiana,30.901,75.8573,Maize,Maize,Kharif,2024,Syngenta Isabion,Syngenta Isabion,Biostimulant,1,Syngenta Isabion,2.0,0,1,0.48,0.48,8.78,191.6,35.2,182.2,22.5,11.6,0.85,0.56,34.3,3,636.5,2229.5,64.9,5.8,16.6,0.717,27.51,27.51,24.4,27.51,3.11,12.75,3.11,12506.0,IND_FIELD_0774,RCBD - 4 Replications,4,ICAR AICRP & Syngenta Multi-Locational Trials,https://icar.org.in
TR-2023-TA-00775,EXP-2023-TA-MAI-0388,ICAR_SYNGENTA_TRIALS,India,Tamil Nadu,Tamil Nadu & Cauvery Delta,Coimbatore,11.0168,76.9558,Maize,Maize,Kharif,2023,Control (Untreated Check),Untreated Check,Untreated Check,0,Untreated,0.0,1,0,0.54,0.54,7.56,270.7,18.0,313.4,38.5,14.7,0.38,0.55,32.2,3,732.7,2093.0,72.1,12.9,18.1,0.708,24.85,24.85,24.85,24.85,0.0,0.0,0.0,0.0,IND_FIELD_0775,RCBD - 4 Replications,4,ICAR AICRP & Syngenta Multi-Locational Trials,https://icar.org.in
TR-2023-TA-00776,EXP-2023-TA-MAI-0388,ICAR_SYNGENTA_TRIALS,India,Tamil Nadu,Tamil Nadu & Cauvery Delta,Coimbatore,11.0168,76.9558,Maize,Maize,Kharif,2023,Syngenta Isabion,Syngenta Isabion,Biostimulant,1,Syngenta Isabion,2.0,0,1,0.54,0.54,7.56,270.7,18.0,313.4,38.5,14.7,0.38,0.55,32.2,3,732.7,2093.0,72.1,12.9,18.1,0.708,25.98,25.98,24.85,25.98,1.13,4.55,1.13,3398.0,IND_FIELD_0776,RCBD - 4 Replications,4,ICAR AICRP & Syngenta Multi-Locational Trials,https://icar.org.in
TR-2025-TA-00777,EXP-2025-TA-SUG-0389,ICAR_SYNGENTA_TRIALS,India,Tamil Nadu,Tamil Nadu & Cauvery Delta,Coimbatore,11.0168,76.9558,Sugarcane,Sugarcane,Annual,2025,Control (Untreated Check),Untreated Check,Untreated Check,0,Untreated,0.0,1,0,0.29,0.29,7.77,236.1,16.9,220.2,36.4,13.1,0.96,0.77,22.1,2,130.5,1436.5,60.7,10.5,24.8,0.658,303.75,303.75,303.75,303.75,0.0,0.0,0.0,0.0,IND_FIELD_0777,RCBD - 4 Replications,4,ICAR AICRP & Syngenta Multi-Locational Trials,https://icar.org.in
TR-2025-TA-00778,EXP-2025-TA-SUG-0389,ICAR_SYNGENTA_TRIALS,India,Tamil Nadu,Tamil Nadu & Cauvery Delta,Coimbatore,11.0168,76.9558,Sugarcane,Sugarcane,Annual,2025,Syngenta CropBio+,Syngenta CropBio+,Biostimulant,1,Syngenta CropBio+,3.0,0,1,0.29,0.29,7.77,236.1,16.9,220.2,36.4,13.1,0.96,0.77,22.1,2,130.5,1436.5,60.7,10.5,24.8,0.658,344.95,344.95,303.75,344.95,41.2,13.56,41.2,186820.0,IND_FIELD_0778,RCBD - 4 Replications,4,ICAR AICRP & Syngenta Multi-Locational Trials,https://icar.org.in
TR-2022-GU-00779,EXP-2022-GU-TOM-0390,ICAR_SYNGENTA_TRIALS,India,Gujarat,Gujarat & Saurashtra Plain,Rajkot,22.3039,70.8022,Tomato,Tomato,Annual,2022,Control (Untreated Check),Untreated Check,Untreated Check,0,Untreated,0.0,1,0,0.4,0.4,8.24,211.8,30.0,294.4,31.6,7.3,0.97,0.68,32.8,3,168.9,2132.0,65.4,5.9,17.0,0.744,161.64,161.64,161.64,161.64,0.0,0.0,0.0,0.0,IND_FIELD_0779,RCBD - 4 Replications,4,ICAR AICRP & Syngenta Multi-Locational Trials,https://icar.org.in
TR-2022-GU-00780,EXP-2022-GU-TOM-0390,ICAR_SYNGENTA_TRIALS,India,Gujarat,Gujarat & Saurashtra Plain,Rajkot,22.3039,70.8022,Tomato,Tomato,Annual,2022,Syngenta Isabion,Syngenta Isabion,Biostimulant,1,Syngenta Isabion,2.5,0,1,0.4,0.4,8.24,211.8,30.0,294.4,31.6,7.3,0.97,0.68,32.8,3,168.9,2132.0,65.4,5.9,17.0,0.744,169.28,169.28,161.64,169.28,7.64,4.73,7.64,32894.0,IND_FIELD_0780,RCBD - 4 Replications,4,ICAR AICRP & Syngenta Multi-Locational Trials,https://icar.org.in
TR-2021-MA-00781,EXP-2021-MA-SUG-0391,ICAR_SYNGENTA_TRIALS,India,Madhya Pradesh,Madhya Pradesh & Central Belt,Bhopal,23.2599,77.4126,Sugarcane,Sugarcane,Annual,2021,Control (Untreated Check),Untreated Check,Untreated Check,0,Untreated,0.0,1,0,0.56,0.56,7.13,256.7,21.8,206.9,28.0,11.9,0.99,0.63,23.5,2,256.4,1527.5,70.7,9.1,18.5,0.626,310.53,310.53,310.53,310.53,0.0,0.0,0.0,0.0,IND_FIELD_0781,RCBD - 4 Replications,4,ICAR AICRP & Syngenta Multi-Locational Trials,https://icar.org.in
TR-2021-MA-00782,EXP-2021-MA-SUG-0391,ICAR_SYNGENTA_TRIALS,India,Madhya Pradesh,Madhya Pradesh & Central Belt,Bhopal,23.2599,77.4126,Sugarcane,Sugarcane,Annual,2021,Syngenta CropBio+,Syngenta CropBio+,Biostimulant,1,Syngenta CropBio+,3.0,0,1,0.56,0.56,7.13,256.7,21.8,206.9,28.0,11.9,0.99,0.63,23.5,2,256.4,1527.5,70.7,9.1,18.5,0.626,350.65,350.65,310.53,350.65,40.12,12.92,40.12,181852.0,IND_FIELD_0782,RCBD - 4 Replications,4,ICAR AICRP & Syngenta Multi-Locational Trials,https://icar.org.in
TR-2023-PU-00783,EXP-2023-PU-ONI-0392,ICAR_SYNGENTA_TRIALS,India,Punjab,Punjab & Haryana (Indo-Gangetic),Ludhiana,30.901,75.8573,Onion,Onion,Rabi,2023,Control (Untreated Check),Untreated Check,Untreated Check,0,Untreated,0.0,1,0,0.39,0.39,8.23,121.8,30.4,148.9,35.4,17.5,1.14,0.47,25.1,2,108.1,1631.5,64.9,6.6,15.6,0.659,121.58,121.58,121.58,121.58,0.0,0.0,0.0,0.0,IND_FIELD_0783,RCBD - 4 Replications,4,ICAR AICRP & Syngenta Multi-Locational Trials,https://icar.org.in
TR-2023-PU-00784,EXP-2023-PU-ONI-0392,ICAR_SYNGENTA_TRIALS,India,Punjab,Punjab & Haryana (Indo-Gangetic),Ludhiana,30.901,75.8573,Onion,Onion,Rabi,2023,Syngenta Quantis,Syngenta Quantis,Biostimulant,1,Syngenta Quantis,2.0,0,1,0.39,0.39,8.23,121.8,30.4,148.9,35.4,17.5,1.14,0.47,25.1,2,108.1,1631.5,64.9,6.6,15.6,0.659,127.29,127.29,121.58,127.29,5.71,4.7,5.71,24466.0,IND_FIELD_0784,RCBD - 4 Replications,4,ICAR AICRP & Syngenta Multi-Locational Trials,https://icar.org.in
TR-2024-KA-00785,EXP-2024-KA-RIC-0393,ICAR_SYNGENTA_TRIALS,India,Karnataka,Karnataka (Deccan Plateau),Dharwad,15.4589,75.0078,Rice (Paddy),Rice (Paddy),Kharif,2024,Control (Untreated Check),Untreated Check,Untreated Check,0,Untreated,0.0,1,0,0.4,0.4,7.02,307.0,19.7,207.2,35.2,10.8,0.96,0.69,29.5,8,567.3,1917.5,69.4,10.6,20.5,0.714,18.67,18.67,18.67,18.67,0.0,0.0,0.0,0.0,IND_FIELD_0785,RCBD - 4 Replications,4,ICAR AICRP & Syngenta Multi-Locational Trials,https://icar.org.in
TR-2024-KA-00786,EXP-2024-KA-RIC-0393,ICAR_SYNGENTA_TRIALS,India,Karnataka,Karnataka (Deccan Plateau),Dharwad,15.4589,75.0078,Rice (Paddy),Rice (Paddy),Kharif,2024,Syngenta Quantis,Syngenta Quantis,Biostimulant,1,Syngenta Quantis,2.0,0,1,0.4,0.4,7.02,307.0,19.7,207.2,35.2,10.8,0.96,0.69,29.5,8,567.3,1917.5,69.4,10.6,20.5,0.714,20.84,20.84,18.67,20.84,2.17,11.62,2.17,8182.0,IND_FIELD_0786,RCBD - 4 Replications,4,ICAR AICRP & Syngenta Multi-Locational Trials,https://icar.org.in
TR-2023-TA-00787,EXP-2023-TA-MAI-0394,ICAR_SYNGENTA_TRIALS,India,Tamil Nadu,Tamil Nadu & Cauvery Delta,Coimbatore,11.0168,76.9558,Maize,Maize,Kharif,2023,Control (Untreated Check),Untreated Check,Untreated Check,0,Untreated,0.0,1,0,0.29,0.29,7.64,227.0,20.7,269.5,33.4,12.6,0.67,0.54,28.2,1,867.5,1833.0,59.9,9.1,17.9,0.649,23.61,23.61,23.61,23.61,0.0,0.0,0.0,0.0,IND_FIELD_0787,RCBD - 4 Replications,4,ICAR AICRP & Syngenta Multi-Locational Trials,https://icar.org.in
TR-2023-TA-00788,EXP-2023-TA-MAI-0394,ICAR_SYNGENTA_TRIALS,India,Tamil Nadu,Tamil Nadu & Cauvery Delta,Coimbatore,11.0168,76.9558,Maize,Maize,Kharif,2023,Syngenta Isabion,Syngenta Isabion,Biostimulant,1,Syngenta Isabion,2.0,0,1,0.29,0.29,7.64,227.0,20.7,269.5,33.4,12.6,0.67,0.54,28.2,1,867.5,1833.0,59.9,9.1,17.9,0.649,27.35,27.35,23.61,27.35,3.74,15.84,3.74,15404.0,IND_FIELD_0788,RCBD - 4 Replications,4,ICAR AICRP & Syngenta Multi-Locational Trials,https://icar.org.in
TR-2025-PU-00789,EXP-2025-PU-SUG-0395,ICAR_SYNGENTA_TRIALS,India,Punjab,Punjab & Haryana (Indo-Gangetic),Ludhiana,30.901,75.8573,Sugarcane,Sugarcane,Annual,2025,Control (Untreated Check),Untreated Check,Untreated Check,0,Untreated,0.0,1,0,0.39,0.39,8.31,120.0,30.0,257.2,31.6,15.8,0.73,0.58,33.4,2,30.0,2171.0,53.8,7.5,15.1,0.659,285.13,285.13,285.13,285.13,0.0,0.0,0.0,0.0,IND_FIELD_0789,RCBD - 4 Replications,4,ICAR AICRP & Syngenta Multi-Locational Trials,https://icar.org.in
TR-2025-PU-00790,EXP-2025-PU-SUG-0395,ICAR_SYNGENTA_TRIALS,India,Punjab,Punjab & Haryana (Indo-Gangetic),Ludhiana,30.901,75.8573,Sugarcane,Sugarcane,Annual,2025,Syngenta CropBio+,Syngenta CropBio+,Biostimulant,1,Syngenta CropBio+,3.0,0,1,0.39,0.39,8.31,120.0,30.0,257.2,31.6,15.8,0.73,0.58,33.4,2,30.0,2171.0,53.8,7.5,15.1,0.659,325.73,325.73,285.13,325.73,40.6,14.24,40.6,184060.0,IND_FIELD_0790,RCBD - 4 Replications,4,ICAR AICRP & Syngenta Multi-Locational Trials,https://icar.org.in
TR-2021-TA-00791,EXP-2021-TA-MAI-0396,ICAR_SYNGENTA_TRIALS,India,Tamil Nadu,Tamil Nadu & Cauvery Delta,Coimbatore,11.0168,76.9558,Maize,Maize,Kharif,2021,Control (Untreated Check),Untreated Check,Untreated Check,0,Untreated,0.0,1,0,0.42,0.42,7.54,216.8,35.8,321.3,34.9,13.2,0.76,0.53,29.4,2,492.0,1911.0,57.3,5.2,22.2,0.736,24.78,24.78,24.78,24.78,0.0,0.0,0.0,0.0,IND_FIELD_0791,RCBD - 4 Replications,4,ICAR AICRP & Syngenta Multi-Locational Trials,https://icar.org.in
TR-2021-TA-00792,EXP-2021-TA-MAI-0396,ICAR_SYNGENTA_TRIALS,India,Tamil Nadu,Tamil Nadu & Cauvery Delta,Coimbatore,11.0168,76.9558,Maize,Maize,Kharif,2021,Syngenta Isabion,Syngenta Isabion,Biostimulant,1,Syngenta Isabion,2.0,0,1,0.42,0.42,7.54,216.8,35.8,321.3,34.9,13.2,0.76,0.53,29.4,2,492.0,1911.0,57.3,5.2,22.2,0.736,26.36,26.36,24.78,26.36,1.58,6.38,1.58,5468.0,IND_FIELD_0792,RCBD - 4 Replications,4,ICAR AICRP & Syngenta Multi-Locational Trials,https://icar.org.in
TR-2023-PU-00793,EXP-2023-PU-COT-0397,ICAR_SYNGENTA_TRIALS,India,Punjab,Punjab & Haryana (Indo-Gangetic),Ludhiana,30.901,75.8573,Cotton,Cotton,Kharif,2023,Control (Untreated Check),Untreated Check,Untreated Check,0,Untreated,0.0,1,0,0.46,0.46,8.15,167.4,21.8,240.7,24.6,15.9,1.0,0.59,29.9,2,696.3,1943.5,82.6,12.2,15.3,0.597,11.49,11.49,11.49,11.49,0.0,0.0,0.0,0.0,IND_FIELD_0793,RCBD - 4 Replications,4,ICAR AICRP & Syngenta Multi-Locational Trials,https://icar.org.in
TR-2023-PU-00794,EXP-2023-PU-COT-0397,ICAR_SYNGENTA_TRIALS,India,Punjab,Punjab & Haryana (Indo-Gangetic),Ludhiana,30.901,75.8573,Cotton,Cotton,Kharif,2023,Syngenta Isabion,Syngenta Isabion,Biostimulant,1,Syngenta Isabion,1.5,0,1,0.46,0.46,8.15,167.4,21.8,240.7,24.6,15.9,1.0,0.59,29.9,2,696.3,1943.5,82.6,12.2,15.3,0.597,12.29,12.29,11.49,12.29,0.8,6.96,0.8,2330.0,IND_FIELD_0794,RCBD - 4 Replications,4,ICAR AICRP & Syngenta Multi-Locational Trials,https://icar.org.in
TR-2025-TE-00795,EXP-2025-TE-TUR-0398,ICAR_SYNGENTA_TRIALS,India,Telangana,Telangana & Andhra (Krishna Basin),Warangal,17.9689,79.5941,Tur / Pigeon Pea (Arhar),Tur / Pigeon Pea (Arhar),Kharif,2025,Control (Untreated Check),Untreated Check,Untreated Check,0,Untreated,0.0,1,0,0.46,0.46,7.22,252.3,17.1,352.7,26.5,16.3,1.14,0.38,27.5,4,794.2,1787.5,74.6,14.7,17.3,0.618,7.67,7.67,7.67,7.67,0.0,0.0,0.0,0.0,IND_FIELD_0795,RCBD - 4 Replications,4,ICAR AICRP & Syngenta Multi-Locational Trials,https://icar.org.in
TR-2025-TE-00796,EXP-2025-TE-TUR-0398,ICAR_SYNGENTA_TRIALS,India,Telangana,Telangana & Andhra (Krishna Basin),Warangal,17.9689,79.5941,Tur / Pigeon Pea (Arhar),Tur / Pigeon Pea (Arhar),Kharif,2025,Syngenta Quantis,Syngenta Quantis,Biostimulant,1,Syngenta Quantis,2.0,0,1,0.46,0.46,7.22,252.3,17.1,352.7,26.5,16.3,1.14,0.38,27.5,4,794.2,1787.5,74.6,14.7,17.3,0.618,8.69,8.69,7.67,8.69,1.02,13.3,1.02,2892.0,IND_FIELD_0796,RCBD - 4 Replications,4,ICAR AICRP & Syngenta Multi-Locational Trials,https://icar.org.in
TR-2024-TA-00797,EXP-2024-TA-TOM-0399,ICAR_SYNGENTA_TRIALS,India,Tamil Nadu,Tamil Nadu & Cauvery Delta,Coimbatore,11.0168,76.9558,Tomato,Tomato,Annual,2024,Control (Untreated Check),Untreated Check,Untreated Check,0,Untreated,0.0,1,0,0.48,0.48,8.41,261.6,18.1,221.3,41.2,18.2,0.79,0.59,28.0,4,199.7,1820.0,74.4,10.6,13.5,0.619,150.7,150.7,150.7,150.7,0.0,0.0,0.0,0.0,IND_FIELD_0797,RCBD - 4 Replications,4,ICAR AICRP & Syngenta Multi-Locational Trials,https://icar.org.in
TR-2024-TA-00798,EXP-2024-TA-TOM-0399,ICAR_SYNGENTA_TRIALS,India,Tamil Nadu,Tamil Nadu & Cauvery Delta,Coimbatore,11.0168,76.9558,Tomato,Tomato,Annual,2024,Syngenta Isabion,Syngenta Isabion,Biostimulant,1,Syngenta Isabion,2.5,0,1,0.48,0.48,8.41,261.6,18.1,221.3,41.2,18.2,0.79,0.59,28.0,4,199.7,1820.0,74.4,10.6,13.5,0.619,173.34,173.34,150.7,173.34,22.64,15.02,22.64,101894.0,IND_FIELD_0798,RCBD - 4 Replications,4,ICAR AICRP & Syngenta Multi-Locational Trials,https://icar.org.in
TR-2024-TE-00799,EXP-2024-TE-MUS-0400,ICAR_SYNGENTA_TRIALS,India,Telangana,Telangana & Andhra (Krishna Basin),Warangal,17.9689,79.5941,Mustard / Rapeseed,Mustard / Rapeseed,Rabi,2024,Control (Untreated Check),Untreated Check,Untreated Check,0,Untreated,0.0,1,0,0.59,0.59,7.23,249.0,20.6,292.6,30.1,14.3,0.95,0.58,29.6,4,284.3,1924.0,80.4,14.0,17.5,0.647,6.61,6.61,6.61,6.61,0.0,0.0,0.0,0.0,IND_FIELD_0799,RCBD - 4 Replications,4,ICAR AICRP & Syngenta Multi-Locational Trials,https://icar.org.in
TR-2024-TE-00800,EXP-2024-TE-MUS-0400,ICAR_SYNGENTA_TRIALS,India,Telangana,Telangana & Andhra (Krishna Basin),Warangal,17.9689,79.5941,Mustard / Rapeseed,Mustard / Rapeseed,Rabi,2024,Syngenta Quantis,Syngenta Quantis,Biostimulant,1,Syngenta Quantis,1.5,0,1,0.59,0.59,7.23,249.0,20.6,292.6,30.1,14.3,0.95,0.58,29.6,4,284.3,1924.0,80.4,14.0,17.5,0.647,7.57,7.57,6.61,7.57,0.96,14.52,0.96,3066.0,IND_FIELD_0800,RCBD - 4 Replications,4,ICAR AICRP & Syngenta Multi-Locational Trials,https://icar.org.in
TR-2024-TA-00801,EXP-2024-TA-GRO-0401,ICAR_SYNGENTA_TRIALS,India,Tamil Nadu,Tamil Nadu & Cauvery Delta,Coimbatore,11.0168,76.9558,Groundnut (Peanut),Groundnut (Peanut),Kharif,2024,Control (Untreated Check),Untreated Check,Untreated Check,0,Untreated,0.0,1,0,0.51,0.51,6.78,282.8,12.2,300.0,33.7,14.2,0.86,0.43,27.5,3,637.9,1787.5,52.4,7.3,23.1,0.63,10.82,10.82,10.82,10.82,0.0,0.0,0.0,0.0,IND_FIELD_0801,RCBD - 4 Replications,4,ICAR AICRP & Syngenta Multi-Locational Trials,https://icar.org.in
TR-2024-TA-00802,EXP-2024-TA-GRO-0401,ICAR_SYNGENTA_TRIALS,India,Tamil Nadu,Tamil Nadu & Cauvery Delta,Coimbatore,11.0168,76.9558,Groundnut (Peanut),Groundnut (Peanut),Kharif,2024,Syngenta Isabion,Syngenta Isabion,Biostimulant,1,Syngenta Isabion,1.5,0,1,0.51,0.51,6.78,282.8,12.2,300.0,33.7,14.2,0.86,0.43,27.5,3,637.9,1787.5,52.4,7.3,23.1,0.63,12.57,12.57,10.82,12.57,1.75,16.17,1.75,6700.0,IND_FIELD_0802,RCBD - 4 Replications,4,ICAR AICRP & Syngenta Multi-Locational Trials,https://icar.org.in
TR-2023-TE-00803,EXP-2023-TE-GRO-0402,ICAR_SYNGENTA_TRIALS,India,Telangana,Telangana & Andhra (Krishna Basin),Warangal,17.9689,79.5941,Groundnut (Peanut),Groundnut (Peanut),Kharif,2023,Control (Untreated Check),Untreated Check,Untreated Check,0,Untreated,0.0,1,0,0.46,0.46,7.88,202.4,26.0,278.7,25.8,14.9,0.62,0.61,37.9,3,790.6,2463.5,67.2,9.7,15.3,0.659,10.71,10.71,10.71,10.71,0.0,0.0,0.0,0.0,IND_FIELD_0803,RCBD - 4 Replications,4,ICAR AICRP & Syngenta Multi-Locational Trials,https://icar.org.in
TR-2023-TE-00804,EXP-2023-TE-GRO-0402,ICAR_SYNGENTA_TRIALS,India,Telangana,Telangana & Andhra (Krishna Basin),Warangal,17.9689,79.5941,Groundnut (Peanut),Groundnut (Peanut),Kharif,2023,Syngenta Isabion,Syngenta Isabion,Biostimulant,1,Syngenta Isabion,1.5,0,1,0.46,0.46,7.88,202.4,26.0,278.7,25.8,14.9,0.62,0.61,37.9,3,790.6,2463.5,67.2,9.7,15.3,0.659,12.52,12.52,10.71,12.52,1.81,16.9,1.81,6976.0,IND_FIELD_0804,RCBD - 4 Replications,4,ICAR AICRP & Syngenta Multi-Locational Trials,https://icar.org.in
TR-2023-PU-00805,EXP-2023-PU-MAI-0403,ICAR_SYNGENTA_TRIALS,India,Punjab,Punjab & Haryana (Indo-Gangetic),Ludhiana,30.901,75.8573,Maize,Maize,Kharif,2023,Control (Untreated Check),Untreated Check,Untreated Check,0,Untreated,0.0,1,0,0.44,0.44,8.56,199.3,33.5,183.5,36.7,16.9,0.8,0.44,25.7,2,733.0,1670.5,71.0,6.5,20.1,0.672,24.8,24.8,24.8,24.8,0.0,0.0,0.0,0.0,IND_FIELD_0805,RCBD - 4 Replications,4,ICAR AICRP & Syngenta Multi-Locational Trials,https://icar.org.in
TR-2023-PU-00806,EXP-2023-PU-MAI-0403,ICAR_SYNGENTA_TRIALS,India,Punjab,Punjab & Haryana (Indo-Gangetic),Ludhiana,30.901,75.8573,Maize,Maize,Kharif,2023,Syngenta Isabion,Syngenta Isabion,Biostimulant,1,Syngenta Isabion,2.0,0,1,0.44,0.44,8.56,199.3,33.5,183.5,36.7,16.9,0.8,0.44,25.7,2,733.0,1670.5,71.0,6.5,20.1,0.672,25.58,25.58,24.8,25.58,0.78,3.15,0.78,1788.0,IND_FIELD_0806,RCBD - 4 Replications,4,ICAR AICRP & Syngenta Multi-Locational Trials,https://icar.org.in
TR-2022-PU-00807,EXP-2022-PU-MUS-0404,ICAR_SYNGENTA_TRIALS,India,Punjab,Punjab & Haryana (Indo-Gangetic),Ludhiana,30.901,75.8573,Mustard / Rapeseed,Mustard / Rapeseed,Rabi,2022,Control (Untreated Check),Untreated Check,Untreated Check,0,Untreated,0.0,1,0,0.44,0.44,8.39,126.2,34.8,222.4,25.8,11.1,0.81,0.58,28.0,6,193.4,1820.0,67.8,8.7,19.4,0.621,6.17,6.17,6.17,6.17,0.0,0.0,0.0,0.0,IND_FIELD_0807,RCBD - 4 Replications,4,ICAR AICRP & Syngenta Multi-Locational Trials,https://icar.org.in
TR-2022-PU-00808,EXP-2022-PU-MUS-0404,ICAR_SYNGENTA_TRIALS,India,Punjab,Punjab & Haryana (Indo-Gangetic),Ludhiana,30.901,75.8573,Mustard / Rapeseed,Mustard / Rapeseed,Rabi,2022,Syngenta Quantis,Syngenta Quantis,Biostimulant,1,Syngenta Quantis,1.5,0,1,0.44,0.44,8.39,126.2,34.8,222.4,25.8,11.1,0.81,0.58,28.0,6,193.4,1820.0,67.8,8.7,19.4,0.621,6.52,6.52,6.17,6.52,0.35,5.67,0.35,260.0,IND_FIELD_0808,RCBD - 4 Replications,4,ICAR AICRP & Syngenta Multi-Locational Trials,https://icar.org.in
TR-2024-MA-00809,EXP-2024-MA-RIC-0405,ICAR_SYNGENTA_TRIALS,India,Madhya Pradesh,Madhya Pradesh & Central Belt,Bhopal,23.2599,77.4126,Rice (Paddy),Rice (Paddy),Kharif,2024,Control (Untreated Check),Untreated Check,Untreated Check,0,Untreated,0.0,1,0,0.41,0.41,7.76,249.2,21.4,309.3,34.1,16.2,1.01,0.51,28.1,4,804.6,1826.5,74.4,12.1,22.0,0.71,20.5,20.5,20.5,20.5,0.0,0.0,0.0,0.0,IND_FIELD_0809,RCBD - 4 Replications,4,ICAR AICRP & Syngenta Multi-Locational Trials,https://icar.org.in
TR-2024-MA-00810,EXP-2024-MA-RIC-0405,ICAR_SYNGENTA_TRIALS,India,Madhya Pradesh,Madhya Pradesh & Central Belt,Bhopal,23.2599,77.4126,Rice (Paddy),Rice (Paddy),Kharif,2024,Syngenta Quantis,Syngenta Quantis,Biostimulant,1,Syngenta Quantis,2.0,0,1,0.41,0.41,7.76,249.2,21.4,309.3,34.1,16.2,1.01,0.51,28.1,4,804.6,1826.5,74.4,12.1,22.0,0.71,23.41,23.41,20.5,23.41,2.91,14.2,2.91,11586.0,IND_FIELD_0810,RCBD - 4 Replications,4,ICAR AICRP & Syngenta Multi-Locational Trials,https://icar.org.in
TR-2022-GU-00811,EXP-2022-GU-RIC-0406,ICAR_SYNGENTA_TRIALS,India,Gujarat,Gujarat & Saurashtra Plain,Rajkot,22.3039,70.8022,Rice (Paddy),Rice (Paddy),Kharif,2022,Control (Untreated Check),Untreated Check,Untreated Check,0,Untreated,0.0,1,0,0.35,0.35,6.61,203.8,17.5,314.6,34.3,14.7,0.86,0.69,31.1,4,744.0,2021.5,59.7,11.1,18.3,0.712,21.4,21.4,21.4,21.4,0.0,0.0,0.0,0.0,IND_FIELD_0811,RCBD - 4 Replications,4,ICAR AICRP & Syngenta Multi-Locational Trials,https://icar.org.in
TR-2022-GU-00812,EXP-2022-GU-RIC-0406,ICAR_SYNGENTA_TRIALS,India,Gujarat,Gujarat & Saurashtra Plain,Rajkot,22.3039,70.8022,Rice (Paddy),Rice (Paddy),Kharif,2022,Syngenta Quantis,Syngenta Quantis,Biostimulant,1,Syngenta Quantis,2.0,0,1,0.35,0.35,6.61,203.8,17.5,314.6,34.3,14.7,0.86,0.69,31.1,4,744.0,2021.5,59.7,11.1,18.3,0.712,23.16,23.16,21.4,23.16,1.76,8.22,1.76,6296.0,IND_FIELD_0812,RCBD - 4 Replications,4,ICAR AICRP & Syngenta Multi-Locational Trials,https://icar.org.in
TR-2022-TA-00813,EXP-2022-TA-MUS-0407,ICAR_SYNGENTA_TRIALS,India,Tamil Nadu,Tamil Nadu & Cauvery Delta,Coimbatore,11.0168,76.9558,Mustard / Rapeseed,Mustard / Rapeseed,Rabi,2022,Control (Untreated Check),Untreated Check,Untreated Check,0,Untreated,0.0,1,0,0.51,0.51,7.46,234.2,15.8,260.7,29.1,15.4,0.57,0.54,26.4,2,185.4,1716.0,74.5,8.6,20.9,0.612,6.04,6.04,6.04,6.04,0.0,0.0,0.0,0.0,IND_FIELD_0813,RCBD - 4 Replications,4,ICAR AICRP & Syngenta Multi-Locational Trials,https://icar.org.in
TR-2022-TA-00814,EXP-2022-TA-MUS-0407,ICAR_SYNGENTA_TRIALS,India,Tamil Nadu,Tamil Nadu & Cauvery Delta,Coimbatore,11.0168,76.9558,Mustard / Rapeseed,Mustard / Rapeseed,Rabi,2022,Syngenta Quantis,Syngenta Quantis,Biostimulant,1,Syngenta Quantis,1.5,0,1,0.51,0.51,7.46,234.2,15.8,260.7,29.1,15.4,0.57,0.54,26.4,2,185.4,1716.0,74.5,8.6,20.9,0.612,6.07,6.07,6.04,6.07,0.03,0.5,0.03,-1212.0,IND_FIELD_0814,RCBD - 4 Replications,4,ICAR AICRP & Syngenta Multi-Locational Trials,https://icar.org.in
TR-2023-TE-00815,EXP-2023-TE-TUR-0408,ICAR_SYNGENTA_TRIALS,India,Telangana,Telangana & Andhra (Krishna Basin),Warangal,17.9689,79.5941,Tur / Pigeon Pea (Arhar),Tur / Pigeon Pea (Arhar),Kharif,2023,Control (Untreated Check),Untreated Check,Untreated Check,0,Untreated,0.0,1,0,0.4,0.4,6.58,257.8,18.9,299.0,25.7,15.1,0.67,0.66,31.5,3,666.5,2047.5,71.8,12.4,21.0,0.678,7.58,7.58,7.58,7.58,0.0,0.0,0.0,0.0,IND_FIELD_0815,RCBD - 4 Replications,4,ICAR AICRP & Syngenta Multi-Locational Trials,https://icar.org.in
TR-2023-TE-00816,EXP-2023-TE-TUR-0408,ICAR_SYNGENTA_TRIALS,India,Telangana,Telangana & Andhra (Krishna Basin),Warangal,17.9689,79.5941,Tur / Pigeon Pea (Arhar),Tur / Pigeon Pea (Arhar),Kharif,2023,Syngenta Quantis,Syngenta Quantis,Biostimulant,1,Syngenta Quantis,2.0,0,1,0.4,0.4,6.58,257.8,18.9,299.0,25.7,15.1,0.67,0.66,31.5,3,666.5,2047.5,71.8,12.4,21.0,0.678,8.56,8.56,7.58,8.56,0.98,12.93,0.98,2708.0,IND_FIELD_0816,RCBD - 4 Replications,4,ICAR AICRP & Syngenta Multi-Locational Trials,https://icar.org.in
TR-2021-TE-00817,EXP-2021-TE-TOM-0409,ICAR_SYNGENTA_TRIALS,India,Telangana,Telangana & Andhra (Krishna Basin),Warangal,17.9689,79.5941,Tomato,Tomato,Annual,2021,Control (Untreated Check),Untreated Check,Untreated Check,0,Untreated,0.0,1,0,0.56,0.56,7.59,234.1,16.1,361.9,42.7,10.4,0.67,0.46,31.0,2,309.4,2015.0,84.9,6.6,22.1,0.544,158.89,158.89,158.89,158.89,0.0,0.0,0.0,0.0,IND_FIELD_0817,RCBD - 4 Replications,4,ICAR AICRP & Syngenta Multi-Locational Trials,https://icar.org.in
TR-2021-TE-00818,EXP-2021-TE-TOM-0409,ICAR_SYNGENTA_TRIALS,India,Telangana,Telangana & Andhra (Krishna Basin),Warangal,17.9689,79.5941,Tomato,Tomato,Annual,2021,Syngenta Isabion,Syngenta Isabion,Biostimulant,1,Syngenta Isabion,2.5,0,1,0.56,0.56,7.59,234.1,16.1,361.9,42.7,10.4,0.67,0.46,31.0,2,309.4,2015.0,84.9,6.6,22.1,0.544,172.2,172.2,158.89,172.2,13.31,8.38,13.31,58976.0,IND_FIELD_0818,RCBD - 4 Replications,4,ICAR AICRP & Syngenta Multi-Locational Trials,https://icar.org.in
TR-2024-MA-00819,EXP-2024-MA-SOY-0410,ICAR_SYNGENTA_TRIALS,India,Maharashtra,Maharashtra & Vidarbha (Deccan),Nagpur,21.1458,79.0882,Soybean,Soybean,Kharif,2024,Control (Untreated Check),Untreated Check,Untreated Check,0,Untreated,0.0,1,0,0.51,0.51,7.73,243.6,21.5,328.4,37.9,21.2,0.72,0.75,26.7,4,821.0,1735.5,55.1,13.4,18.1,0.571,9.41,9.41,9.41,9.41,0.0,0.0,0.0,0.0,IND_FIELD_0819,RCBD - 4 Replications,4,ICAR AICRP & Syngenta Multi-Locational Trials,https://icar.org.in
TR-2024-MA-00820,EXP-2024-MA-SOY-0410,ICAR_SYNGENTA_TRIALS,India,Maharashtra,Maharashtra & Vidarbha (Deccan),Nagpur,21.1458,79.0882,Soybean,Soybean,Kharif,2024,Syngenta Quantis,Syngenta Quantis,Biostimulant,1,Syngenta Quantis,2.0,0,1,0.51,0.51,7.73,243.6,21.5,328.4,37.9,21.2,0.72,0.75,26.7,4,821.0,1735.5,55.1,13.4,18.1,0.571,10.46,10.46,9.41,10.46,1.05,11.16,1.05,3030.0,IND_FIELD_0820,RCBD - 4 Replications,4,ICAR AICRP & Syngenta Multi-Locational Trials,https://icar.org.in
TR-2022-TE-00821,EXP-2022-TE-MUS-0411,ICAR_SYNGENTA_TRIALS,India,Telangana,Telangana & Andhra (Krishna Basin),Warangal,17.9689,79.5941,Mustard / Rapeseed,Mustard / Rapeseed,Rabi,2022,Control (Untreated Check),Untreated Check,Untreated Check,0,Untreated,0.0,1,0,0.36,0.36,6.9,232.0,21.3,321.9,22.9,12.9,1.07,0.51,29.4,6,129.6,1911.0,58.4,8.8,18.2,0.749,6.26,6.26,6.26,6.26,0.0,0.0,0.0,0.0,IND_FIELD_0821,RCBD - 4 Replications,4,ICAR AICRP & Syngenta Multi-Locational Trials,https://icar.org.in
TR-2022-TE-00822,EXP-2022-TE-MUS-0411,ICAR_SYNGENTA_TRIALS,India,Telangana,Telangana & Andhra (Krishna Basin),Warangal,17.9689,79.5941,Mustard / Rapeseed,Mustard / Rapeseed,Rabi,2022,Syngenta Quantis,Syngenta Quantis,Biostimulant,1,Syngenta Quantis,1.5,0,1,0.36,0.36,6.9,232.0,21.3,321.9,22.9,12.9,1.07,0.51,29.4,6,129.6,1911.0,58.4,8.8,18.2,0.749,6.74,6.74,6.26,6.74,0.48,7.67,0.48,858.0,IND_FIELD_0822,RCBD - 4 Replications,4,ICAR AICRP & Syngenta Multi-Locational Trials,https://icar.org.in
TR-2024-GU-00823,EXP-2024-GU-RIC-0412,ICAR_SYNGENTA_TRIALS,India,Gujarat,Gujarat & Saurashtra Plain,Rajkot,22.3039,70.8022,Rice (Paddy),Rice (Paddy),Kharif,2024,Control (Untreated Check),Untreated Check,Untreated Check,0,Untreated,0.0,1,0,0.54,0.54,7.75,206.0,17.4,356.4,25.0,13.9,1.22,0.5,31.6,3,683.9,2054.0,91.8,9.7,15.4,0.564,21.67,21.67,21.67,21.67,0.0,0.0,0.0,0.0,IND_FIELD_0823,RCBD - 4 Replications,4,ICAR AICRP & Syngenta Multi-Locational Trials,https://icar.org.in
TR-2024-GU-00824,EXP-2024-GU-RIC-0412,ICAR_SYNGENTA_TRIALS,India,Gujarat,Gujarat & Saurashtra Plain,Rajkot,22.3039,70.8022,Rice (Paddy),Rice (Paddy),Kharif,2024,Syngenta Quantis,Syngenta Quantis,Biostimulant,1,Syngenta Quantis,2.0,0,1,0.54,0.54,7.75,206.0,17.4,356.4,25.0,13.9,1.22,0.5,31.6,3,683.9,2054.0,91.8,9.7,15.4,0.564,22.47,22.47,21.67,22.47,0.8,3.69,0.8,1880.0,IND_FIELD_0824,RCBD - 4 Replications,4,ICAR AICRP & Syngenta Multi-Locational Trials,https://icar.org.in
TR-2024-TE-00825,EXP-2024-TE-MUS-0413,ICAR_SYNGENTA_TRIALS,India,Telangana,Telangana & Andhra (Krishna Basin),Warangal,17.9689,79.5941,Mustard / Rapeseed,Mustard / Rapeseed,Rabi,2024,Control (Untreated Check),Untreated Check,Untreated Check,0,Untreated,0.0,1,0,0.5,0.5,7.46,227.3,28.3,315.0,38.3,8.9,0.62,0.61,23.9,3,87.6,1553.5,79.8,7.7,15.5,0.727,7.76,7.76,7.76,7.76,0.0,0.0,0.0,0.0,IND_FIELD_0825,RCBD - 4 Replications,4,ICAR AICRP & Syngenta Multi-Locational Trials,https://icar.org.in
TR-2024-TE-00826,EXP-2024-TE-MUS-0413,ICAR_SYNGENTA_TRIALS,India,Telangana,Telangana & Andhra (Krishna Basin),Warangal,17.9689,79.5941,Mustard / Rapeseed,Mustard / Rapeseed,Rabi,2024,Syngenta Quantis,Syngenta Quantis,Biostimulant,1,Syngenta Quantis,1.5,0,1,0.5,0.5,7.46,227.3,28.3,315.0,38.3,8.9,0.62,0.61,23.9,3,87.6,1553.5,79.8,7.7,15.5,0.727,8.29,8.29,7.76,8.29,0.53,6.83,0.53,1088.0,IND_FIELD_0826,RCBD - 4 Replications,4,ICAR AICRP & Syngenta Multi-Locational Trials,https://icar.org.in
TR-2021-TE-00827,EXP-2021-TE-TUR-0414,ICAR_SYNGENTA_TRIALS,India,Telangana,Telangana & Andhra (Krishna Basin),Warangal,17.9689,79.5941,Tur / Pigeon Pea (Arhar),Tur / Pigeon Pea (Arhar),Kharif,2021,Control (Untreated Check),Untreated Check,Untreated Check,0,Untreated,0.0,1,0,0.63,0.63,7.17,197.6,23.4,228.4,33.4,17.8,1.01,0.61,33.3,2,658.0,2164.5,48.0,9.2,15.4,0.593,8.24,8.24,8.24,8.24,0.0,0.0,0.0,0.0,IND_FIELD_0827,RCBD - 4 Replications,4,ICAR AICRP & Syngenta Multi-Locational Trials,https://icar.org.in
TR-2021-TE-00828,EXP-2021-TE-TUR-0414,ICAR_SYNGENTA_TRIALS,India,Telangana,Telangana & Andhra (Krishna Basin),Warangal,17.9689,79.5941,Tur / Pigeon Pea (Arhar),Tur / Pigeon Pea (Arhar),Kharif,2021,Syngenta Quantis,Syngenta Quantis,Biostimulant,1,Syngenta Quantis,2.0,0,1,0.63,0.63,7.17,197.6,23.4,228.4,33.4,17.8,1.01,0.61,33.3,2,658.0,2164.5,48.0,9.2,15.4,0.593,8.17,8.17,8.24,8.17,0.0,0.0,0.0,-1800.0,IND_FIELD_0828,RCBD - 4 Replications,4,ICAR AICRP & Syngenta Multi-Locational Trials,https://icar.org.in
TR-2025-TA-00829,EXP-2025-TA-MUS-0415,ICAR_SYNGENTA_TRIALS,India,Tamil Nadu,Tamil Nadu & Cauvery Delta,Coimbatore,11.0168,76.9558,Mustard / Rapeseed,Mustard / Rapeseed,Rabi,2025,Control (Untreated Check),Untreated Check,Untreated Check,0,Untreated,0.0,1,0,0.53,0.53,8.15,201.1,26.9,214.6,36.6,19.2,0.25,0.55,28.1,3,157.9,1826.5,79.2,11.1,18.6,0.664,5.8,5.8,5.8,5.8,0.0,0.0,0.0,0.0,IND_FIELD_0829,RCBD - 4 Replications,4,ICAR AICRP & Syngenta Multi-Locational Trials,https://icar.org.in
TR-2025-TA-00830,EXP-2025-TA-MUS-0415,ICAR_SYNGENTA_TRIALS,India,Tamil Nadu,Tamil Nadu & Cauvery Delta,Coimbatore,11.0168,76.9558,Mustard / Rapeseed,Mustard / Rapeseed,Rabi,2025,Syngenta Quantis,Syngenta Quantis,Biostimulant,1,Syngenta Quantis,1.5,0,1,0.53,0.53,8.15,201.1,26.9,214.6,36.6,19.2,0.25,0.55,28.1,3,157.9,1826.5,79.2,11.1,18.6,0.664,6.7,6.7,5.8,6.7,0.9,15.52,0.9,2790.0,IND_FIELD_0830,RCBD - 4 Replications,4,ICAR AICRP & Syngenta Multi-Locational Trials,https://icar.org.in
TR-2022-MA-00831,EXP-2022-MA-ONI-0416,ICAR_SYNGENTA_TRIALS,India,Madhya Pradesh,Madhya Pradesh & Central Belt,Bhopal,23.2599,77.4126,Onion,Onion,Rabi,2022,Control (Untreated Check),Untreated Check,Untreated Check,0,Untreated,0.0,1,0,0.61,0.61,6.98,270.4,20.2,304.0,36.4,15.1,0.96,0.57,29.1,5,168.8,1891.5,84.0,7.2,20.7,0.64,126.88,126.88,126.88,126.88,0.0,0.0,0.0,0.0,IND_FIELD_0831,RCBD - 4 Replications,4,ICAR AICRP & Syngenta Multi-Locational Trials,https://icar.org.in
TR-2022-MA-00832,EXP-2022-MA-ONI-0416,ICAR_SYNGENTA_TRIALS,India,Madhya Pradesh,Madhya Pradesh & Central Belt,Bhopal,23.2599,77.4126,Onion,Onion,Rabi,2022,Syngenta Quantis,Syngenta Quantis,Biostimulant,1,Syngenta Quantis,2.0,0,1,0.61,0.61,6.98,270.4,20.2,304.0,36.4,15.1,0.96,0.57,29.1,5,168.8,1891.5,84.0,7.2,20.7,0.64,156.12,156.12,126.88,156.12,29.24,23.05,29.24,132704.0,IND_FIELD_0832,RCBD - 4 Replications,4,ICAR AICRP & Syngenta Multi-Locational Trials,https://icar.org.in
TR-2022-TA-00833,EXP-2022-TA-TOM-0417,ICAR_SYNGENTA_TRIALS,India,Tamil Nadu,Tamil Nadu & Cauvery Delta,Coimbatore,11.0168,76.9558,Tomato,Tomato,Annual,2022,Control (Untreated Check),Untreated Check,Untreated Check,0,Untreated,0.0,1,0,0.28,0.28,6.92,173.0,23.1,302.5,37.6,16.1,0.95,0.56,28.1,3,202.5,1826.5,44.7,6.2,21.0,0.633,140.35,140.35,140.35,140.35,0.0,0.0,0.0,0.0,IND_FIELD_0833,RCBD - 4 Replications,4,ICAR AICRP & Syngenta Multi-Locational Trials,https://icar.org.in
TR-2022-TA-00834,EXP-2022-TA-TOM-0417,ICAR_SYNGENTA_TRIALS,India,Tamil Nadu,Tamil Nadu & Cauvery Delta,Coimbatore,11.0168,76.9558,Tomato,Tomato,Annual,2022,Syngenta Isabion,Syngenta Isabion,Biostimulant,1,Syngenta Isabion,2.5,0,1,0.28,0.28,6.92,173.0,23.1,302.5,37.6,16.1,0.95,0.56,28.1,3,202.5,1826.5,44.7,6.2,21.0,0.633,160.88,160.88,140.35,160.88,20.53,14.63,20.53,92188.0,IND_FIELD_0834,RCBD - 4 Replications,4,ICAR AICRP & Syngenta Multi-Locational Trials,https://icar.org.in
TR-2024-GU-00835,EXP-2024-GU-RIC-0418,ICAR_SYNGENTA_TRIALS,India,Gujarat,Gujarat & Saurashtra Plain,Rajkot,22.3039,70.8022,Rice (Paddy),Rice (Paddy),Kharif,2024,Control (Untreated Check),Untreated Check,Untreated Check,0,Untreated,0.0,1,0,0.46,0.46,7.32,162.7,22.1,381.3,27.7,18.2,1.09,0.58,25.8,2,638.7,1677.0,61.0,6.6,20.2,0.84,21.12,21.12,21.12,21.12,0.0,0.0,0.0,0.0,IND_FIELD_0835,RCBD - 4 Replications,4,ICAR AICRP & Syngenta Multi-Locational Trials,https://icar.org.in
TR-2024-GU-00836,EXP-2024-GU-RIC-0418,ICAR_SYNGENTA_TRIALS,India,Gujarat,Gujarat & Saurashtra Plain,Rajkot,22.3039,70.8022,Rice (Paddy),Rice (Paddy),Kharif,2024,Syngenta Quantis,Syngenta Quantis,Biostimulant,1,Syngenta Quantis,2.0,0,1,0.46,0.46,7.32,162.7,22.1,381.3,27.7,18.2,1.09,0.58,25.8,2,638.7,1677.0,61.0,6.6,20.2,0.84,22.21,22.21,21.12,22.21,1.09,5.16,1.09,3214.0,IND_FIELD_0836,RCBD - 4 Replications,4,ICAR AICRP & Syngenta Multi-Locational Trials,https://icar.org.in
TR-2023-TA-00837,EXP-2023-TA-TOM-0419,ICAR_SYNGENTA_TRIALS,India,Tamil Nadu,Tamil Nadu & Cauvery Delta,Coimbatore,11.0168,76.9558,Tomato,Tomato,Annual,2023,Control (Untreated Check),Untreated Check,Untreated Check,0,Untreated,0.0,1,0,0.45,0.45,7.58,198.7,26.0,233.2,38.3,19.1,0.93,0.53,29.2,4,148.6,1898.0,56.9,8.7,16.6,0.707,139.2,139.2,139.2,139.2,0.0,0.0,0.0,0.0,IND_FIELD_0837,RCBD - 4 Replications,4,ICAR AICRP & Syngenta Multi-Locational Trials,https://icar.org.in
TR-2023-TA-00838,EXP-2023-TA-TOM-0419,ICAR_SYNGENTA_TRIALS,India,Tamil Nadu,Tamil Nadu & Cauvery Delta,Coimbatore,11.0168,76.9558,Tomato,Tomato,Annual,2023,Syngenta Isabion,Syngenta Isabion,Biostimulant,1,Syngenta Isabion,2.5,0,1,0.45,0.45,7.58,198.7,26.0,233.2,38.3,19.1,0.93,0.53,29.2,4,148.6,1898.0,56.9,8.7,16.6,0.707,166.71,166.71,139.2,166.71,27.51,19.76,27.51,124296.0,IND_FIELD_0838,RCBD - 4 Replications,4,ICAR AICRP & Syngenta Multi-Locational Trials,https://icar.org.in
TR-2021-PU-00839,EXP-2021-PU-RIC-0420,ICAR_SYNGENTA_TRIALS,India,Punjab,Punjab & Haryana (Indo-Gangetic),Ludhiana,30.901,75.8573,Rice (Paddy),Rice (Paddy),Kharif,2021,Control (Untreated Check),Untreated Check,Untreated Check,0,Untreated,0.0,1,0,0.25,0.25,7.78,238.7,29.8,142.4,33.5,12.3,0.68,0.42,36.8,2,654.8,2392.0,62.4,10.5,19.3,0.639,20.81,20.81,20.81,20.81,0.0,0.0,0.0,0.0,IND_FIELD_0839,RCBD - 4 Replications,4,ICAR AICRP & Syngenta Multi-Locational Trials,https://icar.org.in
TR-2021-PU-00840,EXP-2021-PU-RIC-0420,ICAR_SYNGENTA_TRIALS,India,Punjab,Punjab & Haryana (Indo-Gangetic),Ludhiana,30.901,75.8573,Rice (Paddy),Rice (Paddy),Kharif,2021,Syngenta Quantis,Syngenta Quantis,Biostimulant,1,Syngenta Quantis,2.0,0,1,0.25,0.25,7.78,238.7,29.8,142.4,33.5,12.3,0.68,0.42,36.8,2,654.8,2392.0,62.4,10.5,19.3,0.639,21.37,21.37,20.81,21.37,0.56,2.69,0.56,776.0,IND_FIELD_0840,RCBD - 4 Replications,4,ICAR AICRP & Syngenta Multi-Locational Trials,https://icar.org.in
TR-2023-MA-00841,EXP-2023-MA-MAI-0421,ICAR_SYNGENTA_TRIALS,India,Madhya Pradesh,Madhya Pradesh & Central Belt,Bhopal,23.2599,77.4126,Maize,Maize,Kharif,2023,Control (Untreated Check),Untreated Check,Untreated Check,0,Untreated,0.0,1,0,0.63,0.63,7.99,287.2,26.5,269.5,23.7,7.7,0.73,0.56,25.5,3,818.1,1657.5,68.4,14.9,18.7,0.691,23.49,23.49,23.49,23.49,0.0,0.0,0.0,0.0,IND_FIELD_0841,RCBD - 4 Replications,4,ICAR AICRP & Syngenta Multi-Locational Trials,https://icar.org.in
TR-2023-MA-00842,EXP-2023-MA-MAI-0421,ICAR_SYNGENTA_TRIALS,India,Madhya Pradesh,Madhya Pradesh & Central Belt,Bhopal,23.2599,77.4126,Maize,Maize,Kharif,2023,Syngenta Isabion,Syngenta Isabion,Biostimulant,1,Syngenta Isabion,2.0,0,1,0.63,0.63,7.99,287.2,26.5,269.5,23.7,7.7,0.73,0.56,25.5,3,818.1,1657.5,68.4,14.9,18.7,0.691,25.09,25.09,23.49,25.09,1.6,6.81,1.6,5560.0,IND_FIELD_0842,RCBD - 4 Replications,4,ICAR AICRP & Syngenta Multi-Locational Trials,https://icar.org.in
TR-2024-MA-00843,EXP-2024-MA-WHE-0422,ICAR_SYNGENTA_TRIALS,India,Maharashtra,Maharashtra & Vidarbha (Deccan),Nagpur,21.1458,79.0882,Wheat,Wheat,Rabi,2024,Control (Untreated Check),Untreated Check,Untreated Check,0,Untreated,0.0,1,0,0.32,0.32,8.37,212.4,16.1,296.4,27.1,10.5,0.74,0.58,31.2,6,238.6,2028.0,83.7,8.6,19.0,0.645,14.1,14.1,14.1,14.1,0.0,0.0,0.0,0.0,IND_FIELD_0843,RCBD - 4 Replications,4,ICAR AICRP & Syngenta Multi-Locational Trials,https://icar.org.in
TR-2024-MA-00844,EXP-2024-MA-WHE-0422,ICAR_SYNGENTA_TRIALS,India,Maharashtra,Maharashtra & Vidarbha (Deccan),Nagpur,21.1458,79.0882,Wheat,Wheat,Rabi,2024,Syngenta Quantis,Syngenta Quantis,Biostimulant,1,Syngenta Quantis,1.5,0,1,0.32,0.32,8.37,212.4,16.1,296.4,27.1,10.5,0.74,0.58,31.2,6,238.6,2028.0,83.7,8.6,19.0,0.645,15.46,15.46,14.1,15.46,1.36,9.65,1.36,4906.0,IND_FIELD_0844,RCBD - 4 Replications,4,ICAR AICRP & Syngenta Multi-Locational Trials,https://icar.org.in
TR-2025-GU-00845,EXP-2025-GU-CHI-0423,ICAR_SYNGENTA_TRIALS,India,Gujarat,Gujarat & Saurashtra Plain,Rajkot,22.3039,70.8022,Chickpea (Gram / Chana),Chickpea (Gram / Chana),Rabi,2025,Control (Untreated Check),Untreated Check,Untreated Check,0,Untreated,0.0,1,0,0.49,0.49,7.67,178.0,12.8,468.9,36.3,16.5,0.69,0.61,27.8,4,201.0,1807.0,66.1,13.4,18.0,0.682,6.98,6.98,6.98,6.98,0.0,0.0,0.0,0.0,IND_FIELD_0845,RCBD - 4 Replications,4,ICAR AICRP & Syngenta Multi-Locational Trials,https://icar.org.in
TR-2025-GU-00846,EXP-2025-GU-CHI-0423,ICAR_SYNGENTA_TRIALS,India,Gujarat,Gujarat & Saurashtra Plain,Rajkot,22.3039,70.8022,Chickpea (Gram / Chana),Chickpea (Gram / Chana),Rabi,2025,Syngenta Isabion,Syngenta Isabion,Biostimulant,1,Syngenta Isabion,1.5,0,1,0.49,0.49,7.67,178.0,12.8,468.9,36.3,16.5,0.69,0.61,27.8,4,201.0,1807.0,66.1,13.4,18.0,0.682,7.44,7.44,6.98,7.44,0.46,6.59,0.46,766.0,IND_FIELD_0846,RCBD - 4 Replications,4,ICAR AICRP & Syngenta Multi-Locational Trials,https://icar.org.in
TR-2024-GU-00847,EXP-2024-GU-MUS-0424,ICAR_SYNGENTA_TRIALS,India,Gujarat,Gujarat & Saurashtra Plain,Rajkot,22.3039,70.8022,Mustard / Rapeseed,Mustard / Rapeseed,Rabi,2024,Control (Untreated Check),Untreated Check,Untreated Check,0,Untreated,0.0,1,0,0.47,0.47,7.91,189.3,17.7,390.0,36.3,12.8,0.91,0.61,25.5,5,166.8,1657.5,64.0,10.4,22.1,0.779,6.45,6.45,6.45,6.45,0.0,0.0,0.0,0.0,IND_FIELD_0847,RCBD - 4 Replications,4,ICAR AICRP & Syngenta Multi-Locational Trials,https://icar.org.in
TR-2024-GU-00848,EXP-2024-GU-MUS-0424,ICAR_SYNGENTA_TRIALS,India,Gujarat,Gujarat & Saurashtra Plain,Rajkot,22.3039,70.8022,Mustard / Rapeseed,Mustard / Rapeseed,Rabi,2024,Syngenta Quantis,Syngenta Quantis,Biostimulant,1,Syngenta Quantis,1.5,0,1,0.47,0.47,7.91,189.3,17.7,390.0,36.3,12.8,0.91,0.61,25.5,5,166.8,1657.5,64.0,10.4,22.1,0.779,7.41,7.41,6.45,7.41,0.96,14.88,0.96,3066.0,IND_FIELD_0848,RCBD - 4 Replications,4,ICAR AICRP & Syngenta Multi-Locational Trials,https://icar.org.in
TR-2024-MA-00849,EXP-2024-MA-MAI-0425,ICAR_SYNGENTA_TRIALS,India,Madhya Pradesh,Madhya Pradesh & Central Belt,Bhopal,23.2599,77.4126,Maize,Maize,Kharif,2024,Control (Untreated Check),Untreated Check,Untreated Check,0,Untreated,0.0,1,0,0.51,0.51,7.93,274.1,23.8,249.8,31.7,11.9,0.92,0.45,25.4,3,679.8,1651.0,57.3,6.0,16.0,0.629,25.43,25.43,25.43,25.43,0.0,0.0,0.0,0.0,IND_FIELD_0849,RCBD - 4 Replications,4,ICAR AICRP & Syngenta Multi-Locational Trials,https://icar.org.in
TR-2024-MA-00850,EXP-2024-MA-MAI-0425,ICAR_SYNGENTA_TRIALS,India,Madhya Pradesh,Madhya Pradesh & Central Belt,Bhopal,23.2599,77.4126,Maize,Maize,Kharif,2024,Syngenta Isabion,Syngenta Isabion,Biostimulant,1,Syngenta Isabion,2.0,0,1,0.51,0.51,7.93,274.1,23.8,249.8,31.7,11.9,0.92,0.45,25.4,3,679.8,1651.0,57.3,6.0,16.0,0.629,26.81,26.81,25.43,26.81,1.38,5.43,1.38,4548.0,IND_FIELD_0850,RCBD - 4 Replications,4,ICAR AICRP & Syngenta Multi-Locational Trials,https://icar.org.in
TR-2024-PU-00851,EXP-2024-PU-MUS-0426,ICAR_SYNGENTA_TRIALS,India,Punjab,Punjab & Haryana (Indo-Gangetic),Ludhiana,30.901,75.8573,Mustard / Rapeseed,Mustard / Rapeseed,Rabi,2024,Control (Untreated Check),Untreated Check,Untreated Check,0,Untreated,0.0,1,0,0.59,0.59,8.05,233.0,30.9,193.7,33.2,16.5,0.98,0.49,26.9,4,214.0,1748.5,67.7,8.4,20.4,0.605,6.52,6.52,6.52,6.52,0.0,0.0,0.0,0.0,IND_FIELD_0851,RCBD - 4 Replications,4,ICAR AICRP & Syngenta Multi-Locational Trials,https://icar.org.in
TR-2024-PU-00852,EXP-2024-PU-MUS-0426,ICAR_SYNGENTA_TRIALS,India,Punjab,Punjab & Haryana (Indo-Gangetic),Ludhiana,30.901,75.8573,Mustard / Rapeseed,Mustard / Rapeseed,Rabi,2024,Syngenta Quantis,Syngenta Quantis,Biostimulant,1,Syngenta Quantis,1.5,0,1,0.59,0.59,8.05,233.0,30.9,193.7,33.2,16.5,0.98,0.49,26.9,4,214.0,1748.5,67.7,8.4,20.4,0.605,7.39,7.39,6.52,7.39,0.87,13.34,0.87,2652.0,IND_FIELD_0852,RCBD - 4 Replications,4,ICAR AICRP & Syngenta Multi-Locational Trials,https://icar.org.in
TR-2023-GU-00853,EXP-2023-GU-MUS-0427,ICAR_SYNGENTA_TRIALS,India,Gujarat,Gujarat & Saurashtra Plain,Rajkot,22.3039,70.8022,Mustard / Rapeseed,Mustard / Rapeseed,Rabi,2023,Control (Untreated Check),Untreated Check,Untreated Check,0,Untreated,0.0,1,0,0.51,0.51,7.67,165.4,15.1,324.3,31.8,12.7,0.75,0.49,31.5,4,160.8,2047.5,65.5,10.3,19.2,0.7,6.54,6.54,6.54,6.54,0.0,0.0,0.0,0.0,IND_FIELD_0853,RCBD - 4 Replications,4,ICAR AICRP & Syngenta Multi-Locational Trials,https://icar.org.in
TR-2023-GU-00854,EXP-2023-GU-MUS-0427,ICAR_SYNGENTA_TRIALS,India,Gujarat,Gujarat & Saurashtra Plain,Rajkot,22.3039,70.8022,Mustard / Rapeseed,Mustard / Rapeseed,Rabi,2023,Syngenta Quantis,Syngenta Quantis,Biostimulant,1,Syngenta Quantis,1.5,0,1,0.51,0.51,7.67,165.4,15.1,324.3,31.8,12.7,0.75,0.49,31.5,4,160.8,2047.5,65.5,10.3,19.2,0.7,7.73,7.73,6.54,7.73,1.19,18.2,1.19,4124.0,IND_FIELD_0854,RCBD - 4 Replications,4,ICAR AICRP & Syngenta Multi-Locational Trials,https://icar.org.in
TR-2024-GU-00855,EXP-2024-GU-ONI-0428,ICAR_SYNGENTA_TRIALS,India,Gujarat,Gujarat & Saurashtra Plain,Rajkot,22.3039,70.8022,Onion,Onion,Rabi,2024,Control (Untreated Check),Untreated Check,Untreated Check,0,Untreated,0.0,1,0,0.46,0.46,7.51,173.6,8.0,441.1,38.0,11.1,0.79,0.47,33.1,5,30.0,2151.5,58.3,9.7,22.1,0.558,100.05,100.05,100.05,100.05,0.0,0.0,0.0,0.0,IND_FIELD_0855,RCBD - 4 Replications,4,ICAR AICRP & Syngenta Multi-Locational Trials,https://icar.org.in
TR-2024-GU-00856,EXP-2024-GU-ONI-0428,ICAR_SYNGENTA_TRIALS,India,Gujarat,Gujarat & Saurashtra Plain,Rajkot,22.3039,70.8022,Onion,Onion,Rabi,2024,Syngenta Quantis,Syngenta Quantis,Biostimulant,1,Syngenta Quantis,2.0,0,1,0.46,0.46,7.51,173.6,8.0,441.1,38.0,11.1,0.79,0.47,33.1,5,30.0,2151.5,58.3,9.7,22.1,0.558,110.74,110.74,100.05,110.74,10.69,10.68,10.69,47374.0,IND_FIELD_0856,RCBD - 4 Replications,4,ICAR AICRP & Syngenta Multi-Locational Trials,https://icar.org.in
TR-2025-TE-00857,EXP-2025-TE-MUS-0429,ICAR_SYNGENTA_TRIALS,India,Telangana,Telangana & Andhra (Krishna Basin),Warangal,17.9689,79.5941,Mustard / Rapeseed,Mustard / Rapeseed,Rabi,2025,Control (Untreated Check),Untreated Check,Untreated Check,0,Untreated,0.0,1,0,0.47,0.47,7.5,218.9,21.1,265.0,33.6,16.7,0.7,0.64,28.7,5,203.7,1865.5,55.5,13.5,13.9,0.632,6.5,6.5,6.5,6.5,0.0,0.0,0.0,0.0,IND_FIELD_0857,RCBD - 4 Replications,4,ICAR AICRP & Syngenta Multi-Locational Trials,https://icar.org.in
TR-2025-TE-00858,EXP-2025-TE-MUS-0429,ICAR_SYNGENTA_TRIALS,India,Telangana,Telangana & Andhra (Krishna Basin),Warangal,17.9689,79.5941,Mustard / Rapeseed,Mustard / Rapeseed,Rabi,2025,Syngenta Quantis,Syngenta Quantis,Biostimulant,1,Syngenta Quantis,1.5,0,1,0.47,0.47,7.5,218.9,21.1,265.0,33.6,16.7,0.7,0.64,28.7,5,203.7,1865.5,55.5,13.5,13.9,0.632,7.58,7.58,6.5,7.58,1.08,16.62,1.08,3618.0,IND_FIELD_0858,RCBD - 4 Replications,4,ICAR AICRP & Syngenta Multi-Locational Trials,https://icar.org.in
TR-2022-KA-00859,EXP-2022-KA-ONI-0430,ICAR_SYNGENTA_TRIALS,India,Karnataka,Karnataka (Deccan Plateau),Dharwad,15.4589,75.0078,Onion,Onion,Rabi,2022,Control (Untreated Check),Untreated Check,Untreated Check,0,Untreated,0.0,1,0,0.74,0.74,5.95,251.1,25.4,333.6,32.8,17.7,0.97,0.5,24.3,5,177.5,1579.5,70.1,9.4,17.4,0.707,113.61,113.61,113.61,113.61,0.0,0.0,0.0,0.0,IND_FIELD_0859,RCBD - 4 Replications,4,ICAR AICRP & Syngenta Multi-Locational Trials,https://icar.org.in
TR-2022-KA-00860,EXP-2022-KA-ONI-0430,ICAR_SYNGENTA_TRIALS,India,Karnataka,Karnataka (Deccan Plateau),Dharwad,15.4589,75.0078,Onion,Onion,Rabi,2022,Syngenta Quantis,Syngenta Quantis,Biostimulant,1,Syngenta Quantis,2.0,0,1,0.74,0.74,5.95,251.1,25.4,333.6,32.8,17.7,0.97,0.5,24.3,5,177.5,1579.5,70.1,9.4,17.4,0.707,122.26,122.26,113.61,122.26,8.65,7.61,8.65,37990.0,IND_FIELD_0860,RCBD - 4 Replications,4,ICAR AICRP & Syngenta Multi-Locational Trials,https://icar.org.in
TR-2024-KA-00861,EXP-2024-KA-MUS-0431,ICAR_SYNGENTA_TRIALS,India,Karnataka,Karnataka (Deccan Plateau),Dharwad,15.4589,75.0078,Mustard / Rapeseed,Mustard / Rapeseed,Rabi,2024,Control (Untreated Check),Untreated Check,Untreated Check,0,Untreated,0.0,1,0,0.59,0.59,7.47,240.6,30.6,277.0,24.8,20.5,1.05,0.54,30.7,5,247.9,1995.5,65.5,10.1,15.1,0.809,7.51,7.51,7.51,7.51,0.0,0.0,0.0,0.0,IND_FIELD_0861,RCBD - 4 Replications,4,ICAR AICRP & Syngenta Multi-Locational Trials,https://icar.org.in
TR-2024-KA-00862,EXP-2024-KA-MUS-0431,ICAR_SYNGENTA_TRIALS,India,Karnataka,Karnataka (Deccan Plateau),Dharwad,15.4589,75.0078,Mustard / Rapeseed,Mustard / Rapeseed,Rabi,2024,Syngenta Quantis,Syngenta Quantis,Biostimulant,1,Syngenta Quantis,1.5,0,1,0.59,0.59,7.47,240.6,30.6,277.0,24.8,20.5,1.05,0.54,30.7,5,247.9,1995.5,65.5,10.1,15.1,0.809,8.48,8.48,7.51,8.48,0.97,12.92,0.97,3112.0,IND_FIELD_0862,RCBD - 4 Replications,4,ICAR AICRP & Syngenta Multi-Locational Trials,https://icar.org.in
TR-2023-MA-00863,EXP-2023-MA-WHE-0432,ICAR_SYNGENTA_TRIALS,India,Maharashtra,Maharashtra & Vidarbha (Deccan),Nagpur,21.1458,79.0882,Wheat,Wheat,Rabi,2023,Control (Untreated Check),Untreated Check,Untreated Check,0,Untreated,0.0,1,0,0.44,0.44,8.18,286.0,13.4,307.2,23.7,15.5,0.89,0.53,30.9,4,273.2,2008.5,72.5,11.2,16.9,0.559,16.48,16.48,16.48,16.48,0.0,0.0,0.0,0.0,IND_FIELD_0863,RCBD - 4 Replications,4,ICAR AICRP & Syngenta Multi-Locational Trials,https://icar.org.in
TR-2023-MA-00864,EXP-2023-MA-WHE-0432,ICAR_SYNGENTA_TRIALS,India,Maharashtra,Maharashtra & Vidarbha (Deccan),Nagpur,21.1458,79.0882,Wheat,Wheat,Rabi,2023,Syngenta Quantis,Syngenta Quantis,Biostimulant,1,Syngenta Quantis,1.5,0,1,0.44,0.44,8.18,286.0,13.4,307.2,23.7,15.5,0.89,0.53,30.9,4,273.2,2008.5,72.5,11.2,16.9,0.559,18.54,18.54,16.48,18.54,2.06,12.5,2.06,8126.0,IND_FIELD_0864,RCBD - 4 Replications,4,ICAR AICRP & Syngenta Multi-Locational Trials,https://icar.org.in
TR-2024-TA-00865,EXP-2024-TA-RIC-0433,ICAR_SYNGENTA_TRIALS,India,Tamil Nadu,Tamil Nadu & Cauvery Delta,Coimbatore,11.0168,76.9558,Rice (Paddy),Rice (Paddy),Kharif,2024,Control (Untreated Check),Untreated Check,Untreated Check,0,Untreated,0.0,1,0,0.5,0.5,7.75,273.2,16.2,332.4,30.1,12.7,0.99,0.51,29.5,4,740.8,1917.5,62.0,5.4,21.1,0.711,21.36,21.36,21.36,21.36,0.0,0.0,0.0,0.0,IND_FIELD_0865,RCBD - 4 Replications,4,ICAR AICRP & Syngenta Multi-Locational Trials,https://icar.org.in
TR-2024-TA-00866,EXP-2024-TA-RIC-0433,ICAR_SYNGENTA_TRIALS,India,Tamil Nadu,Tamil Nadu & Cauvery Delta,Coimbatore,11.0168,76.9558,Rice (Paddy),Rice (Paddy),Kharif,2024,Syngenta Quantis,Syngenta Quantis,Biostimulant,1,Syngenta Quantis,2.0,0,1,0.5,0.5,7.75,273.2,16.2,332.4,30.1,12.7,0.99,0.51,29.5,4,740.8,1917.5,62.0,5.4,21.1,0.711,23.05,23.05,21.36,23.05,1.69,7.91,1.69,5974.0,IND_FIELD_0866,RCBD - 4 Replications,4,ICAR AICRP & Syngenta Multi-Locational Trials,https://icar.org.in
TR-2024-MA-00867,EXP-2024-MA-SUG-0434,ICAR_SYNGENTA_TRIALS,India,Madhya Pradesh,Madhya Pradesh & Central Belt,Bhopal,23.2599,77.4126,Sugarcane,Sugarcane,Annual,2024,Control (Untreated Check),Untreated Check,Untreated Check,0,Untreated,0.0,1,0,0.6,0.6,7.07,248.4,15.9,399.1,27.2,16.3,0.61,0.53,31.2,4,260.1,2028.0,70.2,3.8,19.9,0.712,298.82,298.82,298.82,298.82,0.0,0.0,0.0,0.0,IND_FIELD_0867,RCBD - 4 Replications,4,ICAR AICRP & Syngenta Multi-Locational Trials,https://icar.org.in
TR-2024-MA-00868,EXP-2024-MA-SUG-0434,ICAR_SYNGENTA_TRIALS,India,Madhya Pradesh,Madhya Pradesh & Central Belt,Bhopal,23.2599,77.4126,Sugarcane,Sugarcane,Annual,2024,Syngenta CropBio+,Syngenta CropBio+,Biostimulant,1,Syngenta CropBio+,3.0,0,1,0.6,0.6,7.07,248.4,15.9,399.1,27.2,16.3,0.61,0.53,31.2,4,260.1,2028.0,70.2,3.8,19.9,0.712,357.06,357.06,298.82,357.06,58.24,19.49,58.24,265204.0,IND_FIELD_0868,RCBD - 4 Replications,4,ICAR AICRP & Syngenta Multi-Locational Trials,https://icar.org.in
TR-2022-PU-00869,EXP-2022-PU-MUS-0435,ICAR_SYNGENTA_TRIALS,India,Punjab,Punjab & Haryana (Indo-Gangetic),Ludhiana,30.901,75.8573,Mustard / Rapeseed,Mustard / Rapeseed,Rabi,2022,Control (Untreated Check),Untreated Check,Untreated Check,0,Untreated,0.0,1,0,0.47,0.47,8.6,120.0,29.9,242.2,21.0,12.7,0.93,0.32,24.5,9,230.8,1592.5,67.6,9.5,19.8,0.715,5.4,5.4,5.4,5.4,0.0,0.0,0.0,0.0,IND_FIELD_0869,RCBD - 4 Replications,4,ICAR AICRP & Syngenta Multi-Locational Trials,https://icar.org.in
TR-2022-PU-00870,EXP-2022-PU-MUS-0435,ICAR_SYNGENTA_TRIALS,India,Punjab,Punjab & Haryana (Indo-Gangetic),Ludhiana,30.901,75.8573,Mustard / Rapeseed,Mustard / Rapeseed,Rabi,2022,Syngenta Quantis,Syngenta Quantis,Biostimulant,1,Syngenta Quantis,1.5,0,1,0.47,0.47,8.6,120.0,29.9,242.2,21.0,12.7,0.93,0.32,24.5,9,230.8,1592.5,67.6,9.5,19.8,0.715,6.47,6.47,5.4,6.47,1.07,19.81,1.07,3572.0,IND_FIELD_0870,RCBD - 4 Replications,4,ICAR AICRP & Syngenta Multi-Locational Trials,https://icar.org.in
TR-2022-TA-00871,EXP-2022-TA-SOY-0436,ICAR_SYNGENTA_TRIALS,India,Tamil Nadu,Tamil Nadu & Cauvery Delta,Coimbatore,11.0168,76.9558,Soybean,Soybean,Kharif,2022,Control (Untreated Check),Untreated Check,Untreated Check,0,Untreated,0.0,1,0,0.55,0.55,7.77,311.6,19.9,330.4,35.8,20.7,0.66,0.49,25.7,4,672.2,1670.5,64.0,12.2,16.9,0.643,10.33,10.33,10.33,10.33,0.0,0.0,0.0,0.0,IND_FIELD_0871,RCBD - 4 Replications,4,ICAR AICRP & Syngenta Multi-Locational Trials,https://icar.org.in
TR-2022-TA-00872,EXP-2022-TA-SOY-0436,ICAR_SYNGENTA_TRIALS,India,Tamil Nadu,Tamil Nadu & Cauvery Delta,Coimbatore,11.0168,76.9558,Soybean,Soybean,Kharif,2022,Syngenta Quantis,Syngenta Quantis,Biostimulant,1,Syngenta Quantis,2.0,0,1,0.55,0.55,7.77,311.6,19.9,330.4,35.8,20.7,0.66,0.49,25.7,4,672.2,1670.5,64.0,12.2,16.9,0.643,11.27,11.27,10.33,11.27,0.94,9.1,0.94,2524.0,IND_FIELD_0872,RCBD - 4 Replications,4,ICAR AICRP & Syngenta Multi-Locational Trials,https://icar.org.in
TR-2024-TE-00873,EXP-2024-TE-ONI-0437,ICAR_SYNGENTA_TRIALS,India,Telangana,Telangana & Andhra (Krishna Basin),Warangal,17.9689,79.5941,Onion,Onion,Rabi,2024,Control (Untreated Check),Untreated Check,Untreated Check,0,Untreated,0.0,1,0,0.57,0.57,8.12,196.1,21.0,291.2,39.3,14.7,0.7,0.41,30.3,1,41.6,1969.5,79.8,11.0,18.7,0.588,118.99,118.99,118.99,118.99,0.0,0.0,0.0,0.0,IND_FIELD_0873,RCBD - 4 Replications,4,ICAR AICRP & Syngenta Multi-Locational Trials,https://icar.org.in
TR-2024-TE-00874,EXP-2024-TE-ONI-0437,ICAR_SYNGENTA_TRIALS,India,Telangana,Telangana & Andhra (Krishna Basin),Warangal,17.9689,79.5941,Onion,Onion,Rabi,2024,Syngenta Quantis,Syngenta Quantis,Biostimulant,1,Syngenta Quantis,2.0,0,1,0.57,0.57,8.12,196.1,21.0,291.2,39.3,14.7,0.7,0.41,30.3,1,41.6,1969.5,79.8,11.0,18.7,0.588,138.69,138.69,118.99,138.69,19.7,16.56,19.7,88820.0,IND_FIELD_0874,RCBD - 4 Replications,4,ICAR AICRP & Syngenta Multi-Locational Trials,https://icar.org.in
TR-2021-MA-00875,EXP-2021-MA-SUG-0438,ICAR_SYNGENTA_TRIALS,India,Maharashtra,Maharashtra & Vidarbha (Deccan),Nagpur,21.1458,79.0882,Sugarcane,Sugarcane,Annual,2021,Control (Untreated Check),Untreated Check,Untreated Check,0,Untreated,0.0,1,0,0.44,0.44,8.31,154.4,13.0,388.8,42.2,11.7,1.18,0.67,27.7,3,30.0,1800.5,75.6,11.6,17.3,0.664,290.38,290.38,290.38,290.38,0.0,0.0,0.0,0.0,IND_FIELD_0875,RCBD - 4 Replications,4,ICAR AICRP & Syngenta Multi-Locational Trials,https://icar.org.in
TR-2021-MA-00876,EXP-2021-MA-SUG-0438,ICAR_SYNGENTA_TRIALS,India,Maharashtra,Maharashtra & Vidarbha (Deccan),Nagpur,21.1458,79.0882,Sugarcane,Sugarcane,Annual,2021,Syngenta CropBio+,Syngenta CropBio+,Biostimulant,1,Syngenta CropBio+,3.0,0,1,0.44,0.44,8.31,154.4,13.0,388.8,42.2,11.7,1.18,0.67,27.7,3,30.0,1800.5,75.6,11.6,17.3,0.664,319.95,319.95,290.38,319.95,29.57,10.18,29.57,133322.0,IND_FIELD_0876,RCBD - 4 Replications,4,ICAR AICRP & Syngenta Multi-Locational Trials,https://icar.org.in
TR-2025-GU-00877,EXP-2025-GU-TOM-0439,ICAR_SYNGENTA_TRIALS,India,Gujarat,Gujarat & Saurashtra Plain,Rajkot,22.3039,70.8022,Tomato,Tomato,Annual,2025,Control (Untreated Check),Untreated Check,Untreated Check,0,Untreated,0.0,1,0,0.29,0.29,7.82,194.2,20.9,326.7,33.4,16.0,0.82,0.34,31.5,3,227.5,2047.5,82.9,6.4,21.9,0.759,144.91,144.91,144.91,144.91,0.0,0.0,0.0,0.0,IND_FIELD_0877,RCBD - 4 Replications,4,ICAR AICRP & Syngenta Multi-Locational Trials,https://icar.org.in
TR-2025-GU-00878,EXP-2025-GU-TOM-0439,ICAR_SYNGENTA_TRIALS,India,Gujarat,Gujarat & Saurashtra Plain,Rajkot,22.3039,70.8022,Tomato,Tomato,Annual,2025,Syngenta Isabion,Syngenta Isabion,Biostimulant,1,Syngenta Isabion,2.5,0,1,0.29,0.29,7.82,194.2,20.9,326.7,33.4,16.0,0.82,0.34,31.5,3,227.5,2047.5,82.9,6.4,21.9,0.759,158.18,158.18,144.91,158.18,13.27,9.16,13.27,58792.0,IND_FIELD_0878,RCBD - 4 Replications,4,ICAR AICRP & Syngenta Multi-Locational Trials,https://icar.org.in
TR-2025-GU-00879,EXP-2025-GU-TOM-0440,ICAR_SYNGENTA_TRIALS,India,Gujarat,Gujarat & Saurashtra Plain,Rajkot,22.3039,70.8022,Tomato,Tomato,Annual,2025,Control (Untreated Check),Untreated Check,Untreated Check,0,Untreated,0.0,1,0,0.32,0.32,7.66,201.7,18.8,295.3,39.0,18.6,0.96,0.44,27.5,3,268.3,1787.5,59.6,10.4,19.1,0.574,156.51,156.51,156.51,156.51,0.0,0.0,0.0,0.0,IND_FIELD_0879,RCBD - 4 Replications,4,ICAR AICRP & Syngenta Multi-Locational Trials,https://icar.org.in
TR-2025-GU-00880,EXP-2025-GU-TOM-0440,ICAR_SYNGENTA_TRIALS,India,Gujarat,Gujarat & Saurashtra Plain,Rajkot,22.3039,70.8022,Tomato,Tomato,Annual,2025,Syngenta Isabion,Syngenta Isabion,Biostimulant,1,Syngenta Isabion,2.5,0,1,0.32,0.32,7.66,201.7,18.8,295.3,39.0,18.6,0.96,0.44,27.5,3,268.3,1787.5,59.6,10.4,19.1,0.574,178.64,178.64,156.51,178.64,22.13,14.14,22.13,99548.0,IND_FIELD_0880,RCBD - 4 Replications,4,ICAR AICRP & Syngenta Multi-Locational Trials,https://icar.org.in
TR-2023-PU-00881,EXP-2023-PU-COT-0441,ICAR_SYNGENTA_TRIALS,India,Punjab,Punjab & Haryana (Indo-Gangetic),Ludhiana,30.901,75.8573,Cotton,Cotton,Kharif,2023,Control (Untreated Check),Untreated Check,Untreated Check,0,Untreated,0.0,1,0,0.41,0.41,8.69,167.9,39.1,162.5,23.9,14.0,0.69,0.59,27.4,6,721.1,1781.0,75.7,8.5,19.1,0.705,9.3,9.3,9.3,9.3,0.0,0.0,0.0,0.0,IND_FIELD_0881,RCBD - 4 Replications,4,ICAR AICRP & Syngenta Multi-Locational Trials,https://icar.org.in
TR-2023-PU-00882,EXP-2023-PU-COT-0441,ICAR_SYNGENTA_TRIALS,India,Punjab,Punjab & Haryana (Indo-Gangetic),Ludhiana,30.901,75.8573,Cotton,Cotton,Kharif,2023,Syngenta Isabion,Syngenta Isabion,Biostimulant,1,Syngenta Isabion,1.5,0,1,0.41,0.41,8.69,167.9,39.1,162.5,23.9,14.0,0.69,0.59,27.4,6,721.1,1781.0,75.7,8.5,19.1,0.705,10.28,10.28,9.3,10.28,0.98,10.54,0.98,3158.0,IND_FIELD_0882,RCBD - 4 Replications,4,ICAR AICRP & Syngenta Multi-Locational Trials,https://icar.org.in
TR-2025-TE-00883,EXP-2025-TE-SOY-0442,ICAR_SYNGENTA_TRIALS,India,Telangana,Telangana & Andhra (Krishna Basin),Warangal,17.9689,79.5941,Soybean,Soybean,Kharif,2025,Control (Untreated Check),Untreated Check,Untreated Check,0,Untreated,0.0,1,0,0.51,0.51,7.38,292.8,16.0,305.2,41.1,7.7,0.9,0.35,35.1,2,732.2,2281.5,71.1,5.9,16.7,0.705,10.73,10.73,10.73,10.73,0.0,0.0,0.0,0.0,IND_FIELD_0883,RCBD - 4 Replications,4,ICAR AICRP & Syngenta Multi-Locational Trials,https://icar.org.in
TR-2025-TE-00884,EXP-2025-TE-SOY-0442,ICAR_SYNGENTA_TRIALS,India,Telangana,Telangana & Andhra (Krishna Basin),Warangal,17.9689,79.5941,Soybean,Soybean,Kharif,2025,Syngenta Quantis,Syngenta Quantis,Biostimulant,1,Syngenta Quantis,2.0,0,1,0.51,0.51,7.38,292.8,16.0,305.2,41.1,7.7,0.9,0.35,35.1,2,732.2,2281.5,71.1,5.9,16.7,0.705,10.96,10.96,10.73,10.96,0.23,2.14,0.23,-742.0,IND_FIELD_0884,RCBD - 4 Replications,4,ICAR AICRP & Syngenta Multi-Locational Trials,https://icar.org.in
TR-2023-TE-00885,EXP-2023-TE-SUG-0443,ICAR_SYNGENTA_TRIALS,India,Telangana,Telangana & Andhra (Krishna Basin),Warangal,17.9689,79.5941,Sugarcane,Sugarcane,Annual,2023,Control (Untreated Check),Untreated Check,Untreated Check,0,Untreated,0.0,1,0,0.39,0.39,7.05,259.6,24.6,363.3,35.0,14.7,0.95,0.61,23.7,4,122.3,1540.5,67.6,6.6,14.9,0.693,308.46,308.46,308.46,308.46,0.0,0.0,0.0,0.0,IND_FIELD_0885,RCBD - 4 Replications,4,ICAR AICRP & Syngenta Multi-Locational Trials,https://icar.org.in
TR-2023-TE-00886,EXP-2023-TE-SUG-0443,ICAR_SYNGENTA_TRIALS,India,Telangana,Telangana & Andhra (Krishna Basin),Warangal,17.9689,79.5941,Sugarcane,Sugarcane,Annual,2023,Syngenta CropBio+,Syngenta CropBio+,Biostimulant,1,Syngenta CropBio+,3.0,0,1,0.39,0.39,7.05,259.6,24.6,363.3,35.0,14.7,0.95,0.61,23.7,4,122.3,1540.5,67.6,6.6,14.9,0.693,332.8,332.8,308.46,332.8,24.34,7.89,24.34,109264.0,IND_FIELD_0886,RCBD - 4 Replications,4,ICAR AICRP & Syngenta Multi-Locational Trials,https://icar.org.in
TR-2023-MA-00887,EXP-2023-MA-SUG-0444,ICAR_SYNGENTA_TRIALS,India,Madhya Pradesh,Madhya Pradesh & Central Belt,Bhopal,23.2599,77.4126,Sugarcane,Sugarcane,Annual,2023,Control (Untreated Check),Untreated Check,Untreated Check,0,Untreated,0.0,1,0,0.45,0.45,7.54,202.8,23.3,264.0,24.0,5.7,0.82,0.72,32.7,2,182.4,2125.5,74.3,10.6,19.9,0.761,310.12,310.12,310.12,310.12,0.0,0.0,0.0,0.0,IND_FIELD_0887,RCBD - 4 Replications,4,ICAR AICRP & Syngenta Multi-Locational Trials,https://icar.org.in
TR-2023-MA-00888,EXP-2023-MA-SUG-0444,ICAR_SYNGENTA_TRIALS,India,Madhya Pradesh,Madhya Pradesh & Central Belt,Bhopal,23.2599,77.4126,Sugarcane,Sugarcane,Annual,2023,Syngenta CropBio+,Syngenta CropBio+,Biostimulant,1,Syngenta CropBio+,3.0,0,1,0.45,0.45,7.54,202.8,23.3,264.0,24.0,5.7,0.82,0.72,32.7,2,182.4,2125.5,74.3,10.6,19.9,0.761,359.91,359.91,310.12,359.91,49.79,16.06,49.79,226334.0,IND_FIELD_0888,RCBD - 4 Replications,4,ICAR AICRP & Syngenta Multi-Locational Trials,https://icar.org.in
TR-2022-KA-00889,EXP-2022-KA-TOM-0445,ICAR_SYNGENTA_TRIALS,India,Karnataka,Karnataka (Deccan Plateau),Dharwad,15.4589,75.0078,Tomato,Tomato,Annual,2022,Control (Untreated Check),Untreated Check,Untreated Check,0,Untreated,0.0,1,0,0.69,0.69,6.49,199.2,22.8,286.2,29.7,15.8,1.24,0.39,22.6,3,137.9,1469.0,67.7,8.3,18.4,0.699,178.1,178.1,178.1,178.1,0.0,0.0,0.0,0.0,IND_FIELD_0889,RCBD - 4 Replications,4,ICAR AICRP & Syngenta Multi-Locational Trials,https://icar.org.in
TR-2022-KA-00890,EXP-2022-KA-TOM-0445,ICAR_SYNGENTA_TRIALS,India,Karnataka,Karnataka (Deccan Plateau),Dharwad,15.4589,75.0078,Tomato,Tomato,Annual,2022,Syngenta Isabion,Syngenta Isabion,Biostimulant,1,Syngenta Isabion,2.5,0,1,0.69,0.69,6.49,199.2,22.8,286.2,29.7,15.8,1.24,0.39,22.6,3,137.9,1469.0,67.7,8.3,18.4,0.699,200.14,200.14,178.1,200.14,22.04,12.38,22.04,99134.0,IND_FIELD_0890,RCBD - 4 Replications,4,ICAR AICRP & Syngenta Multi-Locational Trials,https://icar.org.in
TR-2023-PU-00891,EXP-2023-PU-COT-0446,ICAR_SYNGENTA_TRIALS,India,Punjab,Punjab & Haryana (Indo-Gangetic),Ludhiana,30.901,75.8573,Cotton,Cotton,Kharif,2023,Control (Untreated Check),Untreated Check,Untreated Check,0,Untreated,0.0,1,0,0.54,0.54,7.87,189.8,35.6,203.4,38.4,8.9,0.86,0.71,25.6,4,792.1,1664.0,51.6,8.9,18.1,0.627,9.82,9.82,9.82,9.82,0.0,0.0,0.0,0.0,IND_FIELD_0891,RCBD - 4 Replications,4,ICAR AICRP & Syngenta Multi-Locational Trials,https://icar.org.in
TR-2023-PU-00892,EXP-2023-PU-COT-0446,ICAR_SYNGENTA_TRIALS,India,Punjab,Punjab & Haryana (Indo-Gangetic),Ludhiana,30.901,75.8573,Cotton,Cotton,Kharif,2023,Syngenta Isabion,Syngenta Isabion,Biostimulant,1,Syngenta Isabion,1.5,0,1,0.54,0.54,7.87,189.8,35.6,203.4,38.4,8.9,0.86,0.71,25.6,4,792.1,1664.0,51.6,8.9,18.1,0.627,10.3,10.3,9.82,10.3,0.48,4.89,0.48,858.0,IND_FIELD_0892,RCBD - 4 Replications,4,ICAR AICRP & Syngenta Multi-Locational Trials,https://icar.org.in
TR-2023-GU-00893,EXP-2023-GU-ONI-0447,ICAR_SYNGENTA_TRIALS,India,Gujarat,Gujarat & Saurashtra Plain,Rajkot,22.3039,70.8022,Onion,Onion,Rabi,2023,Control (Untreated Check),Untreated Check,Untreated Check,0,Untreated,0.0,1,0,0.54,0.54,8.01,178.8,8.0,348.0,35.6,11.4,0.62,0.54,29.5,3,268.1,1917.5,69.3,12.6,22.4,0.578,128.18,128.18,128.18,128.18,0.0,0.0,0.0,0.0,IND_FIELD_0893,RCBD - 4 Replications,4,ICAR AICRP & Syngenta Multi-Locational Trials,https://icar.org.in
TR-2023-GU-00894,EXP-2023-GU-ONI-0447,ICAR_SYNGENTA_TRIALS,India,Gujarat,Gujarat & Saurashtra Plain,Rajkot,22.3039,70.8022,Onion,Onion,Rabi,2023,Syngenta Quantis,Syngenta Quantis,Biostimulant,1,Syngenta Quantis,2.0,0,1,0.54,0.54,8.01,178.8,8.0,348.0,35.6,11.4,0.62,0.54,29.5,3,268.1,1917.5,69.3,12.6,22.4,0.578,150.49,150.49,128.18,150.49,22.31,17.41,22.31,100826.0,IND_FIELD_0894,RCBD - 4 Replications,4,ICAR AICRP & Syngenta Multi-Locational Trials,https://icar.org.in
TR-2023-MA-00895,EXP-2023-MA-MAI-0448,ICAR_SYNGENTA_TRIALS,India,Maharashtra,Maharashtra & Vidarbha (Deccan),Nagpur,21.1458,79.0882,Maize,Maize,Kharif,2023,Control (Untreated Check),Untreated Check,Untreated Check,0,Untreated,0.0,1,0,0.44,0.44,8.11,121.3,22.8,283.3,41.7,15.4,1.05,0.45,24.5,5,503.6,1592.5,71.7,7.1,17.6,0.893,21.58,21.58,21.58,21.58,0.0,0.0,0.0,0.0,IND_FIELD_0895,RCBD - 4 Replications,4,ICAR AICRP & Syngenta Multi-Locational Trials,https://icar.org.in
TR-2023-MA-00896,EXP-2023-MA-MAI-0448,ICAR_SYNGENTA_TRIALS,India,Maharashtra,Maharashtra & Vidarbha (Deccan),Nagpur,21.1458,79.0882,Maize,Maize,Kharif,2023,Syngenta Isabion,Syngenta Isabion,Biostimulant,1,Syngenta Isabion,2.0,0,1,0.44,0.44,8.11,121.3,22.8,283.3,41.7,15.4,1.05,0.45,24.5,5,503.6,1592.5,71.7,7.1,17.6,0.893,21.99,21.99,21.58,21.99,0.41,1.9,0.41,86.0,IND_FIELD_0896,RCBD - 4 Replications,4,ICAR AICRP & Syngenta Multi-Locational Trials,https://icar.org.in
TR-2021-PU-00897,EXP-2021-PU-TUR-0449,ICAR_SYNGENTA_TRIALS,India,Punjab,Punjab & Haryana (Indo-Gangetic),Ludhiana,30.901,75.8573,Tur / Pigeon Pea (Arhar),Tur / Pigeon Pea (Arhar),Kharif,2021,Control (Untreated Check),Untreated Check,Untreated Check,0,Untreated,0.0,1,0,0.25,0.25,8.43,185.7,33.3,174.4,36.1,11.1,0.72,0.63,29.6,3,854.7,1924.0,47.4,4.7,19.6,0.507,6.42,6.42,6.42,6.42,0.0,0.0,0.0,0.0,IND_FIELD_0897,RCBD - 4 Replications,4,ICAR AICRP & Syngenta Multi-Locational Trials,https://icar.org.in
TR-2021-PU-00898,EXP-2021-PU-TUR-0449,ICAR_SYNGENTA_TRIALS,India,Punjab,Punjab & Haryana (Indo-Gangetic),Ludhiana,30.901,75.8573,Tur / Pigeon Pea (Arhar),Tur / Pigeon Pea (Arhar),Kharif,2021,Syngenta Quantis,Syngenta Quantis,Biostimulant,1,Syngenta Quantis,2.0,0,1,0.25,0.25,8.43,185.7,33.3,174.4,36.1,11.1,0.72,0.63,29.6,3,854.7,1924.0,47.4,4.7,19.6,0.507,7.44,7.44,6.42,7.44,1.02,15.89,1.02,2892.0,IND_FIELD_0898,RCBD - 4 Replications,4,ICAR AICRP & Syngenta Multi-Locational Trials,https://icar.org.in
TR-2024-PU-00899,EXP-2024-PU-CHI-0450,ICAR_SYNGENTA_TRIALS,India,Punjab,Punjab & Haryana (Indo-Gangetic),Ludhiana,30.901,75.8573,Chickpea (Gram / Chana),Chickpea (Gram / Chana),Rabi,2024,Control (Untreated Check),Untreated Check,Untreated Check,0,Untreated,0.0,1,0,0.38,0.38,7.97,198.9,34.4,184.8,27.5,14.8,1.13,0.64,26.6,5,50.8,1729.0,85.8,10.4,20.3,0.617,6.2,6.2,6.2,6.2,0.0,0.0,0.0,0.0,IND_FIELD_0899,RCBD - 4 Replications,4,ICAR AICRP & Syngenta Multi-Locational Trials,https://icar.org.in
TR-2024-PU-00900,EXP-2024-PU-CHI-0450,ICAR_SYNGENTA_TRIALS,India,Punjab,Punjab & Haryana (Indo-Gangetic),Ludhiana,30.901,75.8573,Chickpea (Gram / Chana),Chickpea (Gram / Chana),Rabi,2024,Syngenta Isabion,Syngenta Isabion,Biostimulant,1,Syngenta Isabion,1.5,0,1,0.38,0.38,7.97,198.9,34.4,184.8,27.5,14.8,1.13,0.64,26.6,5,50.8,1729.0,85.8,10.4,20.3,0.617,7.64,7.64,6.2,7.64,1.44,23.23,1.44,5274.0,IND_FIELD_0900,RCBD - 4 Replications,4,ICAR AICRP & Syngenta Multi-Locational Trials,https://icar.org.in
TR-2023-MA-00901,EXP-2023-MA-TUR-0451,ICAR_SYNGENTA_TRIALS,India,Maharashtra,Maharashtra & Vidarbha (Deccan),Nagpur,21.1458,79.0882,Tur / Pigeon Pea (Arhar),Tur / Pigeon Pea (Arhar),Kharif,2023,Control (Untreated Check),Untreated Check,Untreated Check,0,Untreated,0.0,1,0,0.59,0.59,8.1,169.0,16.4,365.8,25.1,13.3,1.0,0.48,26.0,2,823.4,1690.0,69.9,11.4,14.8,0.764,8.11,8.11,8.11,8.11,0.0,0.0,0.0,0.0,IND_FIELD_0901,RCBD - 4 Replications,4,ICAR AICRP & Syngenta Multi-Locational Trials,https://icar.org.in
TR-2023-MA-00902,EXP-2023-MA-TUR-0451,ICAR_SYNGENTA_TRIALS,India,Maharashtra,Maharashtra & Vidarbha (Deccan),Nagpur,21.1458,79.0882,Tur / Pigeon Pea (Arhar),Tur / Pigeon Pea (Arhar),Kharif,2023,Syngenta Quantis,Syngenta Quantis,Biostimulant,1,Syngenta Quantis,2.0,0,1,0.59,0.59,8.1,169.0,16.4,365.8,25.1,13.3,1.0,0.48,26.0,2,823.4,1690.0,69.9,11.4,14.8,0.764,7.92,7.92,8.11,7.92,0.0,0.0,0.0,-1800.0,IND_FIELD_0902,RCBD - 4 Replications,4,ICAR AICRP & Syngenta Multi-Locational Trials,https://icar.org.in
TR-2022-MA-00903,EXP-2022-MA-ONI-0452,ICAR_SYNGENTA_TRIALS,India,Maharashtra,Maharashtra & Vidarbha (Deccan),Nagpur,21.1458,79.0882,Onion,Onion,Rabi,2022,Control (Untreated Check),Untreated Check,Untreated Check,0,Untreated,0.0,1,0,0.41,0.41,7.2,207.0,23.9,423.4,38.9,12.9,1.1,0.66,27.0,3,91.8,1755.0,78.4,8.4,22.0,0.726,123.74,123.74,123.74,123.74,0.0,0.0,0.0,0.0,IND_FIELD_0903,RCBD - 4 Replications,4,ICAR AICRP & Syngenta Multi-Locational Trials,https://icar.org.in
TR-2022-MA-00904,EXP-2022-MA-ONI-0452,ICAR_SYNGENTA_TRIALS,India,Maharashtra,Maharashtra & Vidarbha (Deccan),Nagpur,21.1458,79.0882,Onion,Onion,Rabi,2022,Syngenta Quantis,Syngenta Quantis,Biostimulant,1,Syngenta Quantis,2.0,0,1,0.41,0.41,7.2,207.0,23.9,423.4,38.9,12.9,1.1,0.66,27.0,3,91.8,1755.0,78.4,8.4,22.0,0.726,132.08,132.08,123.74,132.08,8.34,6.74,8.34,36564.0,IND_FIELD_0904,RCBD - 4 Replications,4,ICAR AICRP & Syngenta Multi-Locational Trials,https://icar.org.in
TR-2025-TE-00905,EXP-2025-TE-GRO-0453,ICAR_SYNGENTA_TRIALS,India,Telangana,Telangana & Andhra (Krishna Basin),Warangal,17.9689,79.5941,Groundnut (Peanut),Groundnut (Peanut),Kharif,2025,Control (Untreated Check),Untreated Check,Untreated Check,0,Untreated,0.0,1,0,0.69,0.69,7.42,213.4,16.5,277.6,24.9,17.5,0.67,0.58,27.2,0,739.6,1768.0,61.9,9.0,22.7,0.689,10.61,10.61,10.61,10.61,0.0,0.0,0.0,0.0,IND_FIELD_0905,RCBD - 4 Replications,4,ICAR AICRP & Syngenta Multi-Locational Trials,https://icar.org.in
TR-2025-TE-00906,EXP-2025-TE-GRO-0453,ICAR_SYNGENTA_TRIALS,India,Telangana,Telangana & Andhra (Krishna Basin),Warangal,17.9689,79.5941,Groundnut (Peanut),Groundnut (Peanut),Kharif,2025,Syngenta Isabion,Syngenta Isabion,Biostimulant,1,Syngenta Isabion,1.5,0,1,0.69,0.69,7.42,213.4,16.5,277.6,24.9,17.5,0.67,0.58,27.2,0,739.6,1768.0,61.9,9.0,22.7,0.689,10.13,10.13,10.61,10.13,0.0,0.0,0.0,-1350.0,IND_FIELD_0906,RCBD - 4 Replications,4,ICAR AICRP & Syngenta Multi-Locational Trials,https://icar.org.in
TR-2023-MA-00907,EXP-2023-MA-MUS-0454,ICAR_SYNGENTA_TRIALS,India,Madhya Pradesh,Madhya Pradesh & Central Belt,Bhopal,23.2599,77.4126,Mustard / Rapeseed,Mustard / Rapeseed,Rabi,2023,Control (Untreated Check),Untreated Check,Untreated Check,0,Untreated,0.0,1,0,0.45,0.45,7.06,241.8,23.9,354.3,32.1,12.2,0.73,0.59,26.4,2,39.6,1716.0,68.7,9.6,18.8,0.731,6.62,6.62,6.62,6.62,0.0,0.0,0.0,0.0,IND_FIELD_0907,RCBD - 4 Replications,4,ICAR AICRP & Syngenta Multi-Locational Trials,https://icar.org.in
TR-2023-MA-00908,EXP-2023-MA-MUS-0454,ICAR_SYNGENTA_TRIALS,India,Madhya Pradesh,Madhya Pradesh & Central Belt,Bhopal,23.2599,77.4126,Mustard / Rapeseed,Mustard / Rapeseed,Rabi,2023,Syngenta Quantis,Syngenta Quantis,Biostimulant,1,Syngenta Quantis,1.5,0,1,0.45,0.45,7.06,241.8,23.9,354.3,32.1,12.2,0.73,0.59,26.4,2,39.6,1716.0,68.7,9.6,18.8,0.731,7.08,7.08,6.62,7.08,0.46,6.95,0.46,766.0,IND_FIELD_0908,RCBD - 4 Replications,4,ICAR AICRP & Syngenta Multi-Locational Trials,https://icar.org.in
TR-2023-MA-00909,EXP-2023-MA-SOY-0455,ICAR_SYNGENTA_TRIALS,India,Madhya Pradesh,Madhya Pradesh & Central Belt,Bhopal,23.2599,77.4126,Soybean,Soybean,Kharif,2023,Control (Untreated Check),Untreated Check,Untreated Check,0,Untreated,0.0,1,0,0.64,0.64,8.55,230.2,18.8,328.1,35.0,16.2,1.02,0.63,31.7,4,719.3,2060.5,49.6,4.8,17.3,0.619,10.17,10.17,10.17,10.17,0.0,0.0,0.0,0.0,IND_FIELD_0909,RCBD - 4 Replications,4,ICAR AICRP & Syngenta Multi-Locational Trials,https://icar.org.in
TR-2023-MA-00910,EXP-2023-MA-SOY-0455,ICAR_SYNGENTA_TRIALS,India,Madhya Pradesh,Madhya Pradesh & Central Belt,Bhopal,23.2599,77.4126,Soybean,Soybean,Kharif,2023,Syngenta Quantis,Syngenta Quantis,Biostimulant,1,Syngenta Quantis,2.0,0,1,0.64,0.64,8.55,230.2,18.8,328.1,35.0,16.2,1.02,0.63,31.7,4,719.3,2060.5,49.6,4.8,17.3,0.619,11.37,11.37,10.17,11.37,1.2,11.8,1.2,3720.0,IND_FIELD_0910,RCBD - 4 Replications,4,ICAR AICRP & Syngenta Multi-Locational Trials,https://icar.org.in
TR-2024-GU-00911,EXP-2024-GU-WHE-0456,ICAR_SYNGENTA_TRIALS,India,Gujarat,Gujarat & Saurashtra Plain,Rajkot,22.3039,70.8022,Wheat,Wheat,Rabi,2024,Control (Untreated Check),Untreated Check,Untreated Check,0,Untreated,0.0,1,0,0.58,0.58,7.47,175.5,19.2,327.0,23.1,15.7,0.84,0.52,31.8,5,258.9,2067.0,54.0,9.4,16.4,0.746,14.48,14.48,14.48,14.48,0.0,0.0,0.0,0.0,IND_FIELD_0911,RCBD - 4 Replications,4,ICAR AICRP & Syngenta Multi-Locational Trials,https://icar.org.in
TR-2024-GU-00912,EXP-2024-GU-WHE-0456,ICAR_SYNGENTA_TRIALS,India,Gujarat,Gujarat & Saurashtra Plain,Rajkot,22.3039,70.8022,Wheat,Wheat,Rabi,2024,Syngenta Quantis,Syngenta Quantis,Biostimulant,1,Syngenta Quantis,1.5,0,1,0.58,0.58,7.47,175.5,19.2,327.0,23.1,15.7,0.84,0.52,31.8,5,258.9,2067.0,54.0,9.4,16.4,0.746,15.32,15.32,14.48,15.32,0.84,5.8,0.84,2514.0,IND_FIELD_0912,RCBD - 4 Replications,4,ICAR AICRP & Syngenta Multi-Locational Trials,https://icar.org.in
TR-2023-MA-00913,EXP-2023-MA-TOM-0457,ICAR_SYNGENTA_TRIALS,India,Maharashtra,Maharashtra & Vidarbha (Deccan),Nagpur,21.1458,79.0882,Tomato,Tomato,Annual,2023,Control (Untreated Check),Untreated Check,Untreated Check,0,Untreated,0.0,1,0,0.65,0.65,7.73,188.9,20.3,375.4,33.4,13.8,0.65,0.63,32.8,1,168.1,2132.0,68.0,6.1,17.2,0.805,144.23,144.23,144.23,144.23,0.0,0.0,0.0,0.0,IND_FIELD_0913,RCBD - 4 Replications,4,ICAR AICRP & Syngenta Multi-Locational Trials,https://icar.org.in
TR-2023-MA-00914,EXP-2023-MA-TOM-0457,ICAR_SYNGENTA_TRIALS,India,Maharashtra,Maharashtra & Vidarbha (Deccan),Nagpur,21.1458,79.0882,Tomato,Tomato,Annual,2023,Syngenta Isabion,Syngenta Isabion,Biostimulant,1,Syngenta Isabion,2.5,0,1,0.65,0.65,7.73,188.9,20.3,375.4,33.4,13.8,0.65,0.63,32.8,1,168.1,2132.0,68.0,6.1,17.2,0.805,151.17,151.17,144.23,151.17,6.94,4.81,6.94,29674.0,IND_FIELD_0914,RCBD - 4 Replications,4,ICAR AICRP & Syngenta Multi-Locational Trials,https://icar.org.in
TR-2025-MA-00915,EXP-2025-MA-SUG-0458,ICAR_SYNGENTA_TRIALS,India,Maharashtra,Maharashtra & Vidarbha (Deccan),Nagpur,21.1458,79.0882,Sugarcane,Sugarcane,Annual,2025,Control (Untreated Check),Untreated Check,Untreated Check,0,Untreated,0.0,1,0,0.39,0.39,7.46,194.4,20.2,392.3,33.4,11.6,1.16,0.3,30.5,3,47.3,1982.5,70.2,13.6,25.0,0.571,322.62,322.62,322.62,322.62,0.0,0.0,0.0,0.0,IND_FIELD_0915,RCBD - 4 Replications,4,ICAR AICRP & Syngenta Multi-Locational Trials,https://icar.org.in
TR-2025-MA-00916,EXP-2025-MA-SUG-0458,ICAR_SYNGENTA_TRIALS,India,Maharashtra,Maharashtra & Vidarbha (Deccan),Nagpur,21.1458,79.0882,Sugarcane,Sugarcane,Annual,2025,Syngenta CropBio+,Syngenta CropBio+,Biostimulant,1,Syngenta CropBio+,3.0,0,1,0.39,0.39,7.46,194.4,20.2,392.3,33.4,11.6,1.16,0.3,30.5,3,47.3,1982.5,70.2,13.6,25.0,0.571,358.24,358.24,322.62,358.24,35.62,11.04,35.62,161152.0,IND_FIELD_0916,RCBD - 4 Replications,4,ICAR AICRP & Syngenta Multi-Locational Trials,https://icar.org.in
TR-2021-TE-00917,EXP-2021-TE-MUS-0459,ICAR_SYNGENTA_TRIALS,India,Telangana,Telangana & Andhra (Krishna Basin),Warangal,17.9689,79.5941,Mustard / Rapeseed,Mustard / Rapeseed,Rabi,2021,Control (Untreated Check),Untreated Check,Untreated Check,0,Untreated,0.0,1,0,0.38,0.38,6.7,164.3,21.7,303.1,26.3,19.3,0.72,0.7,28.9,1,30.0,1878.5,70.2,9.6,19.8,0.742,6.36,6.36,6.36,6.36,0.0,0.0,0.0,0.0,IND_FIELD_0917,RCBD - 4 Replications,4,ICAR AICRP & Syngenta Multi-Locational Trials,https://icar.org.in
TR-2021-TE-00918,EXP-2021-TE-MUS-0459,ICAR_SYNGENTA_TRIALS,India,Telangana,Telangana & Andhra (Krishna Basin),Warangal,17.9689,79.5941,Mustard / Rapeseed,Mustard / Rapeseed,Rabi,2021,Syngenta Quantis,Syngenta Quantis,Biostimulant,1,Syngenta Quantis,1.5,0,1,0.38,0.38,6.7,164.3,21.7,303.1,26.3,19.3,0.72,0.7,28.9,1,30.0,1878.5,70.2,9.6,19.8,0.742,6.27,6.27,6.36,6.27,0.0,0.0,0.0,-1350.0,IND_FIELD_0918,RCBD - 4 Replications,4,ICAR AICRP & Syngenta Multi-Locational Trials,https://icar.org.in
TR-2024-UT-00919,EXP-2024-UT-RIC-0460,ICAR_SYNGENTA_TRIALS,India,Uttar Pradesh,Indo-Gangetic Plain (Central),Varanasi,25.3176,82.9739,Rice (Paddy),Rice (Paddy),Kharif,2024,Control (Untreated Check),Untreated Check,Untreated Check,0,Untreated,0.0,1,0,0.58,0.58,7.45,317.0,18.6,176.7,33.6,21.4,0.68,0.52,31.7,1,678.2,2060.5,64.7,11.1,19.2,0.752,23.73,23.73,23.73,23.73,0.0,0.0,0.0,0.0,IND_FIELD_0919,RCBD - 4 Replications,4,ICAR AICRP & Syngenta Multi-Locational Trials,https://icar.org.in
TR-2024-UT-00920,EXP-2024-UT-RIC-0460,ICAR_SYNGENTA_TRIALS,India,Uttar Pradesh,Indo-Gangetic Plain (Central),Varanasi,25.3176,82.9739,Rice (Paddy),Rice (Paddy),Kharif,2024,Syngenta Quantis,Syngenta Quantis,Biostimulant,1,Syngenta Quantis,2.0,0,1,0.58,0.58,7.45,317.0,18.6,176.7,33.6,21.4,0.68,0.52,31.7,1,678.2,2060.5,64.7,11.1,19.2,0.752,25.42,25.42,23.73,25.42,1.69,7.12,1.69,5974.0,IND_FIELD_0920,RCBD - 4 Replications,4,ICAR AICRP & Syngenta Multi-Locational Trials,https://icar.org.in
TR-2022-KA-00921,EXP-2022-KA-CHI-0461,ICAR_SYNGENTA_TRIALS,India,Karnataka,Karnataka (Deccan Plateau),Dharwad,15.4589,75.0078,Chickpea (Gram / Chana),Chickpea (Gram / Chana),Rabi,2022,Control (Untreated Check),Untreated Check,Untreated Check,0,Untreated,0.0,1,0,0.41,0.41,7.04,299.7,21.4,295.8,28.6,16.0,0.4,0.57,29.7,6,113.1,1930.5,60.1,12.3,18.9,0.698,7.25,7.25,7.25,7.25,0.0,0.0,0.0,0.0,IND_FIELD_0921,RCBD - 4 Replications,4,ICAR AICRP & Syngenta Multi-Locational Trials,https://icar.org.in
TR-2022-KA-00922,EXP-2022-KA-CHI-0461,ICAR_SYNGENTA_TRIALS,India,Karnataka,Karnataka (Deccan Plateau),Dharwad,15.4589,75.0078,Chickpea (Gram / Chana),Chickpea (Gram / Chana),Rabi,2022,Syngenta Isabion,Syngenta Isabion,Biostimulant,1,Syngenta Isabion,1.5,0,1,0.41,0.41,7.04,299.7,21.4,295.8,28.6,16.0,0.4,0.57,29.7,6,113.1,1930.5,60.1,12.3,18.9,0.698,8.28,8.28,7.25,8.28,1.03,14.21,1.03,3388.0,IND_FIELD_0922,RCBD - 4 Replications,4,ICAR AICRP & Syngenta Multi-Locational Trials,https://icar.org.in
TR-2024-PU-00923,EXP-2024-PU-CHI-0462,ICAR_SYNGENTA_TRIALS,India,Punjab,Punjab & Haryana (Indo-Gangetic),Ludhiana,30.901,75.8573,Chickpea (Gram / Chana),Chickpea (Gram / Chana),Rabi,2024,Control (Untreated Check),Untreated Check,Untreated Check,0,Untreated,0.0,1,0,0.38,0.38,8.12,154.2,33.5,217.9,36.4,17.6,0.8,0.53,30.1,3,238.8,1956.5,64.4,7.5,16.0,0.669,7.39,7.39,7.39,7.39,0.0,0.0,0.0,0.0,IND_FIELD_0923,RCBD - 4 Replications,4,ICAR AICRP & Syngenta Multi-Locational Trials,https://icar.org.in
TR-2024-PU-00924,EXP-2024-PU-CHI-0462,ICAR_SYNGENTA_TRIALS,India,Punjab,Punjab & Haryana (Indo-Gangetic),Ludhiana,30.901,75.8573,Chickpea (Gram / Chana),Chickpea (Gram / Chana),Rabi,2024,Syngenta Isabion,Syngenta Isabion,Biostimulant,1,Syngenta Isabion,1.5,0,1,0.38,0.38,8.12,154.2,33.5,217.9,36.4,17.6,0.8,0.53,30.1,3,238.8,1956.5,64.4,7.5,16.0,0.669,7.95,7.95,7.39,7.95,0.56,7.58,0.56,1226.0,IND_FIELD_0924,RCBD - 4 Replications,4,ICAR AICRP & Syngenta Multi-Locational Trials,https://icar.org.in
TR-2023-TE-00925,EXP-2023-TE-MUS-0463,ICAR_SYNGENTA_TRIALS,India,Telangana,Telangana & Andhra (Krishna Basin),Warangal,17.9689,79.5941,Mustard / Rapeseed,Mustard / Rapeseed,Rabi,2023,Control (Untreated Check),Untreated Check,Untreated Check,0,Untreated,0.0,1,0,0.55,0.55,7.18,193.1,20.9,349.1,45.6,18.9,1.02,0.6,25.4,0,195.3,1651.0,65.8,12.7,18.0,0.665,6.62,6.62,6.62,6.62,0.0,0.0,0.0,0.0,IND_FIELD_0925,RCBD - 4 Replications,4,ICAR AICRP & Syngenta Multi-Locational Trials,https://icar.org.in
TR-2023-TE-00926,EXP-2023-TE-MUS-0463,ICAR_SYNGENTA_TRIALS,India,Telangana,Telangana & Andhra (Krishna Basin),Warangal,17.9689,79.5941,Mustard / Rapeseed,Mustard / Rapeseed,Rabi,2023,Syngenta Quantis,Syngenta Quantis,Biostimulant,1,Syngenta Quantis,1.5,0,1,0.55,0.55,7.18,193.1,20.9,349.1,45.6,18.9,1.02,0.6,25.4,0,195.3,1651.0,65.8,12.7,18.0,0.665,7.52,7.52,6.62,7.52,0.9,13.6,0.9,2790.0,IND_FIELD_0926,RCBD - 4 Replications,4,ICAR AICRP & Syngenta Multi-Locational Trials,https://icar.org.in
TR-2021-KA-00927,EXP-2021-KA-ONI-0464,ICAR_SYNGENTA_TRIALS,India,Karnataka,Karnataka (Deccan Plateau),Dharwad,15.4589,75.0078,Onion,Onion,Rabi,2021,Control (Untreated Check),Untreated Check,Untreated Check,0,Untreated,0.0,1,0,0.51,0.51,6.7,219.5,24.8,284.6,29.6,17.3,0.9,0.4,32.5,4,226.7,2112.5,71.5,9.3,21.1,0.696,122.38,122.38,122.38,122.38,0.0,0.0,0.0,0.0,IND_FIELD_0927,RCBD - 4 Replications,4,ICAR AICRP & Syngenta Multi-Locational Trials,https://icar.org.in
TR-2021-KA-00928,EXP-2021-KA-ONI-0464,ICAR_SYNGENTA_TRIALS,India,Karnataka,Karnataka (Deccan Plateau),Dharwad,15.4589,75.0078,Onion,Onion,Rabi,2021,Syngenta Quantis,Syngenta Quantis,Biostimulant,1,Syngenta Quantis,2.0,0,1,0.51,0.51,6.7,219.5,24.8,284.6,29.6,17.3,0.9,0.4,32.5,4,226.7,2112.5,71.5,9.3,21.1,0.696,139.68,139.68,122.38,139.68,17.3,14.14,17.3,77780.0,IND_FIELD_0928,RCBD - 4 Replications,4,ICAR AICRP & Syngenta Multi-Locational Trials,https://icar.org.in
TR-2021-PU-00929,EXP-2021-PU-COT-0465,ICAR_SYNGENTA_TRIALS,India,Punjab,Punjab & Haryana (Indo-Gangetic),Ludhiana,30.901,75.8573,Cotton,Cotton,Kharif,2021,Control (Untreated Check),Untreated Check,Untreated Check,0,Untreated,0.0,1,0,0.36,0.36,7.8,145.1,25.0,159.8,30.8,14.4,0.8,0.27,33.2,6,572.7,2158.0,72.8,10.5,18.6,0.735,9.76,9.76,9.76,9.76,0.0,0.0,0.0,0.0,IND_FIELD_0929,RCBD - 4 Replications,4,ICAR AICRP & Syngenta Multi-Locational Trials,https://icar.org.in
TR-2021-PU-00930,EXP-2021-PU-COT-0465,ICAR_SYNGENTA_TRIALS,India,Punjab,Punjab & Haryana (Indo-Gangetic),Ludhiana,30.901,75.8573,Cotton,Cotton,Kharif,2021,Syngenta Isabion,Syngenta Isabion,Biostimulant,1,Syngenta Isabion,1.5,0,1,0.36,0.36,7.8,145.1,25.0,159.8,30.8,14.4,0.8,0.27,33.2,6,572.7,2158.0,72.8,10.5,18.6,0.735,10.67,10.67,9.76,10.67,0.91,9.32,0.91,2836.0,IND_FIELD_0930,RCBD - 4 Replications,4,ICAR AICRP & Syngenta Multi-Locational Trials,https://icar.org.in
TR-2022-TE-00931,EXP-2022-TE-SUG-0466,ICAR_SYNGENTA_TRIALS,India,Telangana,Telangana & Andhra (Krishna Basin),Warangal,17.9689,79.5941,Sugarcane,Sugarcane,Annual,2022,Control (Untreated Check),Untreated Check,Untreated Check,0,Untreated,0.0,1,0,0.52,0.52,7.55,202.0,14.5,265.2,31.6,14.8,1.17,0.73,31.0,6,162.1,2015.0,73.2,12.5,16.6,0.643,315.62,315.62,315.62,315.62,0.0,0.0,0.0,0.0,IND_FIELD_0931,RCBD - 4 Replications,4,ICAR AICRP & Syngenta Multi-Locational Trials,https://icar.org.in
TR-2022-TE-00932,EXP-2022-TE-SUG-0466,ICAR_SYNGENTA_TRIALS,India,Telangana,Telangana & Andhra (Krishna Basin),Warangal,17.9689,79.5941,Sugarcane,Sugarcane,Annual,2022,Syngenta CropBio+,Syngenta CropBio+,Biostimulant,1,Syngenta CropBio+,3.0,0,1,0.52,0.52,7.55,202.0,14.5,265.2,31.6,14.8,1.17,0.73,31.0,6,162.1,2015.0,73.2,12.5,16.6,0.643,362.2,362.2,315.62,362.2,46.58,14.76,46.58,211568.0,IND_FIELD_0932,RCBD - 4 Replications,4,ICAR AICRP & Syngenta Multi-Locational Trials,https://icar.org.in
TR-2022-KA-00933,EXP-2022-KA-ONI-0467,ICAR_SYNGENTA_TRIALS,India,Karnataka,Karnataka (Deccan Plateau),Dharwad,15.4589,75.0078,Onion,Onion,Rabi,2022,Control (Untreated Check),Untreated Check,Untreated Check,0,Untreated,0.0,1,0,0.45,0.45,6.64,213.2,21.7,263.8,29.2,9.0,0.81,0.43,26.6,7,60.8,1729.0,68.6,15.0,14.7,0.536,104.67,104.67,104.67,104.67,0.0,0.0,0.0,0.0,IND_FIELD_0933,RCBD - 4 Replications,4,ICAR AICRP & Syngenta Multi-Locational Trials,https://icar.org.in
TR-2022-KA-00934,EXP-2022-KA-ONI-0467,ICAR_SYNGENTA_TRIALS,India,Karnataka,Karnataka (Deccan Plateau),Dharwad,15.4589,75.0078,Onion,Onion,Rabi,2022,Syngenta Quantis,Syngenta Quantis,Biostimulant,1,Syngenta Quantis,2.0,0,1,0.45,0.45,6.64,213.2,21.7,263.8,29.2,9.0,0.81,0.43,26.6,7,60.8,1729.0,68.6,15.0,14.7,0.536,125.67,125.67,104.67,125.67,21.0,20.06,21.0,94800.0,IND_FIELD_0934,RCBD - 4 Replications,4,ICAR AICRP & Syngenta Multi-Locational Trials,https://icar.org.in
TR-2024-TA-00935,EXP-2024-TA-WHE-0468,ICAR_SYNGENTA_TRIALS,India,Tamil Nadu,Tamil Nadu & Cauvery Delta,Coimbatore,11.0168,76.9558,Wheat,Wheat,Rabi,2024,Control (Untreated Check),Untreated Check,Untreated Check,0,Untreated,0.0,1,0,0.53,0.53,7.22,234.3,28.8,307.4,36.3,10.2,0.93,0.41,33.8,2,48.8,2197.0,60.3,8.9,19.3,0.64,15.98,15.98,15.98,15.98,0.0,0.0,0.0,0.0,IND_FIELD_0935,RCBD - 4 Replications,4,ICAR AICRP & Syngenta Multi-Locational Trials,https://icar.org.in
TR-2024-TA-00936,EXP-2024-TA-WHE-0468,ICAR_SYNGENTA_TRIALS,India,Tamil Nadu,Tamil Nadu & Cauvery Delta,Coimbatore,11.0168,76.9558,Wheat,Wheat,Rabi,2024,Syngenta Quantis,Syngenta Quantis,Biostimulant,1,Syngenta Quantis,1.5,0,1,0.53,0.53,7.22,234.3,28.8,307.4,36.3,10.2,0.93,0.41,33.8,2,48.8,2197.0,60.3,8.9,19.3,0.64,18.03,18.03,15.98,18.03,2.05,12.83,2.05,8080.0,IND_FIELD_0936,RCBD - 4 Replications,4,ICAR AICRP & Syngenta Multi-Locational Trials,https://icar.org.in
TR-2024-UT-00937,EXP-2024-UT-MUS-0469,ICAR_SYNGENTA_TRIALS,India,Uttar Pradesh,Indo-Gangetic Plain (Central),Varanasi,25.3176,82.9739,Mustard / Rapeseed,Mustard / Rapeseed,Rabi,2024,Control (Untreated Check),Untreated Check,Untreated Check,0,Untreated,0.0,1,0,0.47,0.47,7.64,297.2,29.7,183.1,32.7,12.8,0.82,0.4,27.3,6,239.0,1774.5,76.1,4.8,16.8,0.617,6.63,6.63,6.63,6.63,0.0,0.0,0.0,0.0,IND_FIELD_0937,RCBD - 4 Replications,4,ICAR AICRP & Syngenta Multi-Locational Trials,https://icar.org.in
TR-2024-UT-00938,EXP-2024-UT-MUS-0469,ICAR_SYNGENTA_TRIALS,India,Uttar Pradesh,Indo-Gangetic Plain (Central),Varanasi,25.3176,82.9739,Mustard / Rapeseed,Mustard / Rapeseed,Rabi,2024,Syngenta Quantis,Syngenta Quantis,Biostimulant,1,Syngenta Quantis,1.5,0,1,0.47,0.47,7.64,297.2,29.7,183.1,32.7,12.8,0.82,0.4,27.3,6,239.0,1774.5,76.1,4.8,16.8,0.617,7.66,7.66,6.63,7.66,1.03,15.54,1.03,3388.0,IND_FIELD_0938,RCBD - 4 Replications,4,ICAR AICRP & Syngenta Multi-Locational Trials,https://icar.org.in
TR-2023-KA-00939,EXP-2023-KA-GRO-0470,ICAR_SYNGENTA_TRIALS,India,Karnataka,Karnataka (Deccan Plateau),Dharwad,15.4589,75.0078,Groundnut (Peanut),Groundnut (Peanut),Kharif,2023,Control (Untreated Check),Untreated Check,Untreated Check,0,Untreated,0.0,1,0,0.44,0.44,6.85,249.0,15.1,244.8,23.1,8.2,0.94,0.47,31.6,1,497.1,2054.0,52.2,9.5,14.8,0.696,10.67,10.67,10.67,10.67,0.0,0.0,0.0,0.0,IND_FIELD_0939,RCBD - 4 Replications,4,ICAR AICRP & Syngenta Multi-Locational Trials,https://icar.org.in
TR-2023-KA-00940,EXP-2023-KA-GRO-0470,ICAR_SYNGENTA_TRIALS,India,Karnataka,Karnataka (Deccan Plateau),Dharwad,15.4589,75.0078,Groundnut (Peanut),Groundnut (Peanut),Kharif,2023,Syngenta Isabion,Syngenta Isabion,Biostimulant,1,Syngenta Isabion,1.5,0,1,0.44,0.44,6.85,249.0,15.1,244.8,23.1,8.2,0.94,0.47,31.6,1,497.1,2054.0,52.2,9.5,14.8,0.696,11.45,11.45,10.67,11.45,0.78,7.31,0.78,2238.0,IND_FIELD_0940,RCBD - 4 Replications,4,ICAR AICRP & Syngenta Multi-Locational Trials,https://icar.org.in
TR-2022-MA-00941,EXP-2022-MA-RIC-0471,ICAR_SYNGENTA_TRIALS,India,Madhya Pradesh,Madhya Pradesh & Central Belt,Bhopal,23.2599,77.4126,Rice (Paddy),Rice (Paddy),Kharif,2022,Control (Untreated Check),Untreated Check,Untreated Check,0,Untreated,0.0,1,0,0.58,0.58,7.81,239.1,17.9,285.6,27.9,10.3,1.01,0.61,23.5,4,593.2,1527.5,74.7,14.9,16.3,0.628,19.44,19.44,19.44,19.44,0.0,0.0,0.0,0.0,IND_FIELD_0941,RCBD - 4 Replications,4,ICAR AICRP & Syngenta Multi-Locational Trials,https://icar.org.in
TR-2022-MA-00942,EXP-2022-MA-RIC-0471,ICAR_SYNGENTA_TRIALS,India,Madhya Pradesh,Madhya Pradesh & Central Belt,Bhopal,23.2599,77.4126,Rice (Paddy),Rice (Paddy),Kharif,2022,Syngenta Quantis,Syngenta Quantis,Biostimulant,1,Syngenta Quantis,2.0,0,1,0.58,0.58,7.81,239.1,17.9,285.6,27.9,10.3,1.01,0.61,23.5,4,593.2,1527.5,74.7,14.9,16.3,0.628,21.54,21.54,19.44,21.54,2.1,10.8,2.1,7860.0,IND_FIELD_0942,RCBD - 4 Replications,4,ICAR AICRP & Syngenta Multi-Locational Trials,https://icar.org.in
TR-2021-KA-00943,EXP-2021-KA-WHE-0472,ICAR_SYNGENTA_TRIALS,India,Karnataka,Karnataka (Deccan Plateau),Dharwad,15.4589,75.0078,Wheat,Wheat,Rabi,2021,Control (Untreated Check),Untreated Check,Untreated Check,0,Untreated,0.0,1,0,0.59,0.59,7.22,283.0,18.1,320.0,34.1,9.8,1.2,0.53,22.7,1,79.4,1475.5,63.5,8.8,17.8,0.673,16.55,16.55,16.55,16.55,0.0,0.0,0.0,0.0,IND_FIELD_0943,RCBD - 4 Replications,4,ICAR AICRP & Syngenta Multi-Locational Trials,https://icar.org.in
TR-2021-KA-00944,EXP-2021-KA-WHE-0472,ICAR_SYNGENTA_TRIALS,India,Karnataka,Karnataka (Deccan Plateau),Dharwad,15.4589,75.0078,Wheat,Wheat,Rabi,2021,Syngenta Quantis,Syngenta Quantis,Biostimulant,1,Syngenta Quantis,1.5,0,1,0.59,0.59,7.22,283.0,18.1,320.0,34.1,9.8,1.2,0.53,22.7,1,79.4,1475.5,63.5,8.8,17.8,0.673,17.31,17.31,16.55,17.31,0.76,4.59,0.76,2146.0,IND_FIELD_0944,RCBD - 4 Replications,4,ICAR AICRP & Syngenta Multi-Locational Trials,https://icar.org.in
TR-2024-PU-00945,EXP-2024-PU-WHE-0473,ICAR_SYNGENTA_TRIALS,India,Punjab,Punjab & Haryana (Indo-Gangetic),Ludhiana,30.901,75.8573,Wheat,Wheat,Rabi,2024,Control (Untreated Check),Untreated Check,Untreated Check,0,Untreated,0.0,1,0,0.48,0.48,8.76,173.8,33.0,156.3,28.4,19.5,1.0,0.6,22.7,4,30.0,1475.5,74.1,11.1,18.7,0.663,15.74,15.74,15.74,15.74,0.0,0.0,0.0,0.0,IND_FIELD_0945,RCBD - 4 Replications,4,ICAR AICRP & Syngenta Multi-Locational Trials,https://icar.org.in
TR-2024-PU-00946,EXP-2024-PU-WHE-0473,ICAR_SYNGENTA_TRIALS,India,Punjab,Punjab & Haryana (Indo-Gangetic),Ludhiana,30.901,75.8573,Wheat,Wheat,Rabi,2024,Syngenta Quantis,Syngenta Quantis,Biostimulant,1,Syngenta Quantis,1.5,0,1,0.48,0.48,8.76,173.8,33.0,156.3,28.4,19.5,1.0,0.6,22.7,4,30.0,1475.5,74.1,11.1,18.7,0.663,16.9,16.9,15.74,16.9,1.16,7.37,1.16,3986.0,IND_FIELD_0946,RCBD - 4 Replications,4,ICAR AICRP & Syngenta Multi-Locational Trials,https://icar.org.in
TR-2021-PU-00947,EXP-2021-PU-COT-0474,ICAR_SYNGENTA_TRIALS,India,Punjab,Punjab & Haryana (Indo-Gangetic),Ludhiana,30.901,75.8573,Cotton,Cotton,Kharif,2021,Control (Untreated Check),Untreated Check,Untreated Check,0,Untreated,0.0,1,0,0.34,0.34,7.66,156.1,28.5,184.6,21.6,14.3,1.1,0.57,33.1,4,813.4,2151.5,54.6,9.0,18.5,0.84,10.32,10.32,10.32,10.32,0.0,0.0,0.0,0.0,IND_FIELD_0947,RCBD - 4 Replications,4,ICAR AICRP & Syngenta Multi-Locational Trials,https://icar.org.in
TR-2021-PU-00948,EXP-2021-PU-COT-0474,ICAR_SYNGENTA_TRIALS,India,Punjab,Punjab & Haryana (Indo-Gangetic),Ludhiana,30.901,75.8573,Cotton,Cotton,Kharif,2021,Syngenta Isabion,Syngenta Isabion,Biostimulant,1,Syngenta Isabion,1.5,0,1,0.34,0.34,7.66,156.1,28.5,184.6,21.6,14.3,1.1,0.57,33.1,4,813.4,2151.5,54.6,9.0,18.5,0.84,11.31,11.31,10.32,11.31,0.99,9.59,0.99,3204.0,IND_FIELD_0948,RCBD - 4 Replications,4,ICAR AICRP & Syngenta Multi-Locational Trials,https://icar.org.in
TR-2025-MA-00949,EXP-2025-MA-MUS-0475,ICAR_SYNGENTA_TRIALS,India,Maharashtra,Maharashtra & Vidarbha (Deccan),Nagpur,21.1458,79.0882,Mustard / Rapeseed,Mustard / Rapeseed,Rabi,2025,Control (Untreated Check),Untreated Check,Untreated Check,0,Untreated,0.0,1,0,0.66,0.66,8.07,239.0,8.7,419.4,27.4,14.0,0.72,0.43,24.9,2,263.1,1618.5,68.3,13.8,17.2,0.65,7.55,7.55,7.55,7.55,0.0,0.0,0.0,0.0,IND_FIELD_0949,RCBD - 4 Replications,4,ICAR AICRP & Syngenta Multi-Locational Trials,https://icar.org.in
TR-2025-MA-00950,EXP-2025-MA-MUS-0475,ICAR_SYNGENTA_TRIALS,India,Maharashtra,Maharashtra & Vidarbha (Deccan),Nagpur,21.1458,79.0882,Mustard / Rapeseed,Mustard / Rapeseed,Rabi,2025,Syngenta Quantis,Syngenta Quantis,Biostimulant,1,Syngenta Quantis,1.5,0,1,0.66,0.66,8.07,239.0,8.7,419.4,27.4,14.0,0.72,0.43,24.9,2,263.1,1618.5,68.3,13.8,17.2,0.65,7.61,7.61,7.55,7.61,0.06,0.79,0.06,-1074.0,IND_FIELD_0950,RCBD - 4 Replications,4,ICAR AICRP & Syngenta Multi-Locational Trials,https://icar.org.in
TR-2021-MA-00951,EXP-2021-MA-ONI-0476,ICAR_SYNGENTA_TRIALS,India,Maharashtra,Maharashtra & Vidarbha (Deccan),Nagpur,21.1458,79.0882,Onion,Onion,Rabi,2021,Control (Untreated Check),Untreated Check,Untreated Check,0,Untreated,0.0,1,0,0.36,0.36,8.24,169.0,8.9,414.7,22.2,14.6,0.86,0.21,27.7,2,194.8,1800.5,57.6,7.1,14.7,0.592,107.66,107.66,107.66,107.66,0.0,0.0,0.0,0.0,IND_FIELD_0951,RCBD - 4 Replications,4,ICAR AICRP & Syngenta Multi-Locational Trials,https://icar.org.in
TR-2021-MA-00952,EXP-2021-MA-ONI-0476,ICAR_SYNGENTA_TRIALS,India,Maharashtra,Maharashtra & Vidarbha (Deccan),Nagpur,21.1458,79.0882,Onion,Onion,Rabi,2021,Syngenta Quantis,Syngenta Quantis,Biostimulant,1,Syngenta Quantis,2.0,0,1,0.36,0.36,8.24,169.0,8.9,414.7,22.2,14.6,0.86,0.21,27.7,2,194.8,1800.5,57.6,7.1,14.7,0.592,112.0,112.0,107.66,112.0,4.34,4.03,4.34,18164.0,IND_FIELD_0952,RCBD - 4 Replications,4,ICAR AICRP & Syngenta Multi-Locational Trials,https://icar.org.in
TR-2024-GU-00953,EXP-2024-GU-CHI-0477,ICAR_SYNGENTA_TRIALS,India,Gujarat,Gujarat & Saurashtra Plain,Rajkot,22.3039,70.8022,Chickpea (Gram / Chana),Chickpea (Gram / Chana),Rabi,2024,Control (Untreated Check),Untreated Check,Untreated Check,0,Untreated,0.0,1,0,0.56,0.56,8.8,204.9,23.2,343.8,35.8,12.2,0.95,0.59,22.3,3,250.8,1449.5,81.0,7.3,21.9,0.765,6.28,6.28,6.28,6.28,0.0,0.0,0.0,0.0,IND_FIELD_0953,RCBD - 4 Replications,4,ICAR AICRP & Syngenta Multi-Locational Trials,https://icar.org.in
TR-2024-GU-00954,EXP-2024-GU-CHI-0477,ICAR_SYNGENTA_TRIALS,India,Gujarat,Gujarat & Saurashtra Plain,Rajkot,22.3039,70.8022,Chickpea (Gram / Chana),Chickpea (Gram / Chana),Rabi,2024,Syngenta Isabion,Syngenta Isabion,Biostimulant,1,Syngenta Isabion,1.5,0,1,0.56,0.56,8.8,204.9,23.2,343.8,35.8,12.2,0.95,0.59,22.3,3,250.8,1449.5,81.0,7.3,21.9,0.765,7.04,7.04,6.28,7.04,0.76,12.1,0.76,2146.0,IND_FIELD_0954,RCBD - 4 Replications,4,ICAR AICRP & Syngenta Multi-Locational Trials,https://icar.org.in
TR-2024-MA-00955,EXP-2024-MA-TUR-0478,ICAR_SYNGENTA_TRIALS,India,Madhya Pradesh,Madhya Pradesh & Central Belt,Bhopal,23.2599,77.4126,Tur / Pigeon Pea (Arhar),Tur / Pigeon Pea (Arhar),Kharif,2024,Control (Untreated Check),Untreated Check,Untreated Check,0,Untreated,0.0,1,0,0.56,0.56,7.96,212.7,14.0,284.1,43.0,17.2,1.31,0.38,31.6,7,755.5,2054.0,68.9,14.5,18.0,0.812,6.49,6.49,6.49,6.49,0.0,0.0,0.0,0.0,IND_FIELD_0955,RCBD - 4 Replications,4,ICAR AICRP & Syngenta Multi-Locational Trials,https://icar.org.in
TR-2024-MA-00956,EXP-2024-MA-TUR-0478,ICAR_SYNGENTA_TRIALS,India,Madhya Pradesh,Madhya Pradesh & Central Belt,Bhopal,23.2599,77.4126,Tur / Pigeon Pea (Arhar),Tur / Pigeon Pea (Arhar),Kharif,2024,Syngenta Quantis,Syngenta Quantis,Biostimulant,1,Syngenta Quantis,2.0,0,1,0.56,0.56,7.96,212.7,14.0,284.1,43.0,17.2,1.31,0.38,31.6,7,755.5,2054.0,68.9,14.5,18.0,0.812,7.03,7.03,6.49,7.03,0.54,8.32,0.54,684.0,IND_FIELD_0956,RCBD - 4 Replications,4,ICAR AICRP & Syngenta Multi-Locational Trials,https://icar.org.in
TR-2022-MA-00957,EXP-2022-MA-MAI-0479,ICAR_SYNGENTA_TRIALS,India,Madhya Pradesh,Madhya Pradesh & Central Belt,Bhopal,23.2599,77.4126,Maize,Maize,Kharif,2022,Control (Untreated Check),Untreated Check,Untreated Check,0,Untreated,0.0,1,0,0.46,0.46,8.0,221.6,24.0,335.6,24.9,9.1,0.91,0.52,30.0,3,779.5,1950.0,60.4,13.7,16.8,0.644,22.86,22.86,22.86,22.86,0.0,0.0,0.0,0.0,IND_FIELD_0957,RCBD - 4 Replications,4,ICAR AICRP & Syngenta Multi-Locational Trials,https://icar.org.in
TR-2022-MA-00958,EXP-2022-MA-MAI-0479,ICAR_SYNGENTA_TRIALS,India,Madhya Pradesh,Madhya Pradesh & Central Belt,Bhopal,23.2599,77.4126,Maize,Maize,Kharif,2022,Syngenta Isabion,Syngenta Isabion,Biostimulant,1,Syngenta Isabion,2.0,0,1,0.46,0.46,8.0,221.6,24.0,335.6,24.9,9.1,0.91,0.52,30.0,3,779.5,1950.0,60.4,13.7,16.8,0.644,26.05,26.05,22.86,26.05,3.19,13.95,3.19,12874.0,IND_FIELD_0958,RCBD - 4 Replications,4,ICAR AICRP & Syngenta Multi-Locational Trials,https://icar.org.in
TR-2022-MA-00959,EXP-2022-MA-TOM-0480,ICAR_SYNGENTA_TRIALS,India,Madhya Pradesh,Madhya Pradesh & Central Belt,Bhopal,23.2599,77.4126,Tomato,Tomato,Annual,2022,Control (Untreated Check),Untreated Check,Untreated Check,0,Untreated,0.0,1,0,0.59,0.59,7.58,287.3,28.0,298.6,41.1,11.5,1.04,0.77,32.1,2,160.6,2086.5,53.2,11.1,17.6,0.536,153.84,153.84,153.84,153.84,0.0,0.0,0.0,0.0,IND_FIELD_0959,RCBD - 4 Replications,4,ICAR AICRP & Syngenta Multi-Locational Trials,https://icar.org.in
TR-2022-MA-00960,EXP-2022-MA-TOM-0480,ICAR_SYNGENTA_TRIALS,India,Madhya Pradesh,Madhya Pradesh & Central Belt,Bhopal,23.2599,77.4126,Tomato,Tomato,Annual,2022,Syngenta Isabion,Syngenta Isabion,Biostimulant,1,Syngenta Isabion,2.5,0,1,0.59,0.59,7.58,287.3,28.0,298.6,41.1,11.5,1.04,0.77,32.1,2,160.6,2086.5,53.2,11.1,17.6,0.536,182.36,182.36,153.84,182.36,28.52,18.54,28.52,128942.0,IND_FIELD_0960,RCBD - 4 Replications,4,ICAR AICRP & Syngenta Multi-Locational Trials,https://icar.org.in
TR-2024-KA-00961,EXP-2024-KA-WHE-0481,ICAR_SYNGENTA_TRIALS,India,Karnataka,Karnataka (Deccan Plateau),Dharwad,15.4589,75.0078,Wheat,Wheat,Rabi,2024,Control (Untreated Check),Untreated Check,Untreated Check,0,Untreated,0.0,1,0,0.59,0.59,6.73,250.5,25.2,226.1,37.3,17.9,0.81,0.49,26.3,4,293.4,1709.5,59.1,11.4,15.6,0.778,17.13,17.13,17.13,17.13,0.0,0.0,0.0,0.0,IND_FIELD_0961,RCBD - 4 Replications,4,ICAR AICRP & Syngenta Multi-Locational Trials,https://icar.org.in
TR-2024-KA-00962,EXP-2024-KA-WHE-0481,ICAR_SYNGENTA_TRIALS,India,Karnataka,Karnataka (Deccan Plateau),Dharwad,15.4589,75.0078,Wheat,Wheat,Rabi,2024,Syngenta Quantis,Syngenta Quantis,Biostimulant,1,Syngenta Quantis,1.5,0,1,0.59,0.59,6.73,250.5,25.2,226.1,37.3,17.9,0.81,0.49,26.3,4,293.4,1709.5,59.1,11.4,15.6,0.778,20.09,20.09,17.13,20.09,2.96,17.28,2.96,12266.0,IND_FIELD_0962,RCBD - 4 Replications,4,ICAR AICRP & Syngenta Multi-Locational Trials,https://icar.org.in
TR-2025-TE-00963,EXP-2025-TE-COT-0482,ICAR_SYNGENTA_TRIALS,India,Telangana,Telangana & Andhra (Krishna Basin),Warangal,17.9689,79.5941,Cotton,Cotton,Kharif,2025,Control (Untreated Check),Untreated Check,Untreated Check,0,Untreated,0.0,1,0,0.34,0.34,7.54,257.0,19.3,266.0,37.5,13.8,0.68,0.44,24.1,2,629.0,1566.5,69.9,10.1,19.5,0.557,9.67,9.67,9.67,9.67,0.0,0.0,0.0,0.0,IND_FIELD_0963,RCBD - 4 Replications,4,ICAR AICRP & Syngenta Multi-Locational Trials,https://icar.org.in
TR-2025-TE-00964,EXP-2025-TE-COT-0482,ICAR_SYNGENTA_TRIALS,India,Telangana,Telangana & Andhra (Krishna Basin),Warangal,17.9689,79.5941,Cotton,Cotton,Kharif,2025,Syngenta Isabion,Syngenta Isabion,Biostimulant,1,Syngenta Isabion,1.5,0,1,0.34,0.34,7.54,257.0,19.3,266.0,37.5,13.8,0.68,0.44,24.1,2,629.0,1566.5,69.9,10.1,19.5,0.557,9.39,9.39,9.67,9.39,0.0,0.0,0.0,-1350.0,IND_FIELD_0964,RCBD - 4 Replications,4,ICAR AICRP & Syngenta Multi-Locational Trials,https://icar.org.in
TR-2023-GU-00965,EXP-2023-GU-TOM-0483,ICAR_SYNGENTA_TRIALS,India,Gujarat,Gujarat & Saurashtra Plain,Rajkot,22.3039,70.8022,Tomato,Tomato,Annual,2023,Control (Untreated Check),Untreated Check,Untreated Check,0,Untreated,0.0,1,0,0.39,0.39,7.35,212.1,18.2,348.0,18.7,13.2,0.92,0.65,33.8,2,202.1,2197.0,47.2,7.9,20.0,0.65,165.94,165.94,165.94,165.94,0.0,0.0,0.0,0.0,IND_FIELD_0965,RCBD - 4 Replications,4,ICAR AICRP & Syngenta Multi-Locational Trials,https://icar.org.in
TR-2023-GU-00966,EXP-2023-GU-TOM-0483,ICAR_SYNGENTA_TRIALS,India,Gujarat,Gujarat & Saurashtra Plain,Rajkot,22.3039,70.8022,Tomato,Tomato,Annual,2023,Syngenta Isabion,Syngenta Isabion,Biostimulant,1,Syngenta Isabion,2.5,0,1,0.39,0.39,7.35,212.1,18.2,348.0,18.7,13.2,0.92,0.65,33.8,2,202.1,2197.0,47.2,7.9,20.0,0.65,186.61,186.61,165.94,186.61,20.67,12.46,20.67,92832.0,IND_FIELD_0966,RCBD - 4 Replications,4,ICAR AICRP & Syngenta Multi-Locational Trials,https://icar.org.in
TR-2023-TE-00967,EXP-2023-TE-SUG-0484,ICAR_SYNGENTA_TRIALS,India,Telangana,Telangana & Andhra (Krishna Basin),Warangal,17.9689,79.5941,Sugarcane,Sugarcane,Annual,2023,Control (Untreated Check),Untreated Check,Untreated Check,0,Untreated,0.0,1,0,0.44,0.44,7.13,205.6,24.9,374.6,22.0,7.3,0.8,0.37,28.6,3,224.9,1859.0,68.3,9.7,20.1,0.63,320.88,320.88,320.88,320.88,0.0,0.0,0.0,0.0,IND_FIELD_0967,RCBD - 4 Replications,4,ICAR AICRP & Syngenta Multi-Locational Trials,https://icar.org.in
TR-2023-TE-00968,EXP-2023-TE-SUG-0484,ICAR_SYNGENTA_TRIALS,India,Telangana,Telangana & Andhra (Krishna Basin),Warangal,17.9689,79.5941,Sugarcane,Sugarcane,Annual,2023,Syngenta CropBio+,Syngenta CropBio+,Biostimulant,1,Syngenta CropBio+,3.0,0,1,0.44,0.44,7.13,205.6,24.9,374.6,22.0,7.3,0.8,0.37,28.6,3,224.9,1859.0,68.3,9.7,20.1,0.63,336.87,336.87,320.88,336.87,15.99,4.98,15.99,70854.0,IND_FIELD_0968,RCBD - 4 Replications,4,ICAR AICRP & Syngenta Multi-Locational Trials,https://icar.org.in
TR-2023-MA-00969,EXP-2023-MA-MUS-0485,ICAR_SYNGENTA_TRIALS,India,Maharashtra,Maharashtra & Vidarbha (Deccan),Nagpur,21.1458,79.0882,Mustard / Rapeseed,Mustard / Rapeseed,Rabi,2023,Control (Untreated Check),Untreated Check,Untreated Check,0,Untreated,0.0,1,0,0.61,0.61,6.95,205.5,10.9,324.5,32.0,12.8,0.64,0.42,30.7,3,146.7,1995.5,56.9,8.2,19.3,0.658,6.65,6.65,6.65,6.65,0.0,0.0,0.0,0.0,IND_FIELD_0969,RCBD - 4 Replications,4,ICAR AICRP & Syngenta Multi-Locational Trials,https://icar.org.in
TR-2023-MA-00970,EXP-2023-MA-MUS-0485,ICAR_SYNGENTA_TRIALS,India,Maharashtra,Maharashtra & Vidarbha (Deccan),Nagpur,21.1458,79.0882,Mustard / Rapeseed,Mustard / Rapeseed,Rabi,2023,Syngenta Quantis,Syngenta Quantis,Biostimulant,1,Syngenta Quantis,1.5,0,1,0.61,0.61,6.95,205.5,10.9,324.5,32.0,12.8,0.64,0.42,30.7,3,146.7,1995.5,56.9,8.2,19.3,0.658,7.39,7.39,6.65,7.39,0.74,11.13,0.74,2054.0,IND_FIELD_0970,RCBD - 4 Replications,4,ICAR AICRP & Syngenta Multi-Locational Trials,https://icar.org.in
TR-2024-MA-00971,EXP-2024-MA-ONI-0486,ICAR_SYNGENTA_TRIALS,India,Madhya Pradesh,Madhya Pradesh & Central Belt,Bhopal,23.2599,77.4126,Onion,Onion,Rabi,2024,Control (Untreated Check),Untreated Check,Untreated Check,0,Untreated,0.0,1,0,0.49,0.49,7.0,318.0,21.6,206.0,40.8,18.4,0.94,0.63,35.0,7,53.7,2275.0,71.1,15.7,17.2,0.813,119.17,119.17,119.17,119.17,0.0,0.0,0.0,0.0,IND_FIELD_0971,RCBD - 4 Replications,4,ICAR AICRP & Syngenta Multi-Locational Trials,https://icar.org.in
TR-2024-MA-00972,EXP-2024-MA-ONI-0486,ICAR_SYNGENTA_TRIALS,India,Madhya Pradesh,Madhya Pradesh & Central Belt,Bhopal,23.2599,77.4126,Onion,Onion,Rabi,2024,Syngenta Quantis,Syngenta Quantis,Biostimulant,1,Syngenta Quantis,2.0,0,1,0.49,0.49,7.0,318.0,21.6,206.0,40.8,18.4,0.94,0.63,35.0,7,53.7,2275.0,71.1,15.7,17.2,0.813,147.37,147.37,119.17,147.37,28.2,23.66,28.2,127920.0,IND_FIELD_0972,RCBD - 4 Replications,4,ICAR AICRP & Syngenta Multi-Locational Trials,https://icar.org.in
TR-2023-UT-00973,EXP-2023-UT-RIC-0487,ICAR_SYNGENTA_TRIALS,India,Uttar Pradesh,Indo-Gangetic Plain (Central),Varanasi,25.3176,82.9739,Rice (Paddy),Rice (Paddy),Kharif,2023,Control (Untreated Check),Untreated Check,Untreated Check,0,Untreated,0.0,1,0,0.36,0.36,7.52,236.7,17.9,208.1,45.6,13.5,1.06,0.62,27.6,2,654.1,1794.0,63.0,9.7,19.6,0.74,21.03,21.03,21.03,21.03,0.0,0.0,0.0,0.0,IND_FIELD_0973,RCBD - 4 Replications,4,ICAR AICRP & Syngenta Multi-Locational Trials,https://icar.org.in
TR-2023-UT-00974,EXP-2023-UT-RIC-0487,ICAR_SYNGENTA_TRIALS,India,Uttar Pradesh,Indo-Gangetic Plain (Central),Varanasi,25.3176,82.9739,Rice (Paddy),Rice (Paddy),Kharif,2023,Syngenta Quantis,Syngenta Quantis,Biostimulant,1,Syngenta Quantis,2.0,0,1,0.36,0.36,7.52,236.7,17.9,208.1,45.6,13.5,1.06,0.62,27.6,2,654.1,1794.0,63.0,9.7,19.6,0.74,20.74,20.74,21.03,20.74,0.0,0.0,0.0,-1800.0,IND_FIELD_0974,RCBD - 4 Replications,4,ICAR AICRP & Syngenta Multi-Locational Trials,https://icar.org.in
TR-2024-MA-00975,EXP-2024-MA-ONI-0488,ICAR_SYNGENTA_TRIALS,India,Maharashtra,Maharashtra & Vidarbha (Deccan),Nagpur,21.1458,79.0882,Onion,Onion,Rabi,2024,Control (Untreated Check),Untreated Check,Untreated Check,0,Untreated,0.0,1,0,0.43,0.43,7.82,252.8,15.2,360.5,34.0,14.2,1.04,0.47,26.8,3,148.8,1742.0,67.0,10.1,17.4,0.656,120.51,120.51,120.51,120.51,0.0,0.0,0.0,0.0,IND_FIELD_0975,RCBD - 4 Replications,4,ICAR AICRP & Syngenta Multi-Locational Trials,https://icar.org.in
TR-2024-MA-00976,EXP-2024-MA-ONI-0488,ICAR_SYNGENTA_TRIALS,India,Maharashtra,Maharashtra & Vidarbha (Deccan),Nagpur,21.1458,79.0882,Onion,Onion,Rabi,2024,Syngenta Quantis,Syngenta Quantis,Biostimulant,1,Syngenta Quantis,2.0,0,1,0.43,0.43,7.82,252.8,15.2,360.5,34.0,14.2,1.04,0.47,26.8,3,148.8,1742.0,67.0,10.1,17.4,0.656,135.22,135.22,120.51,135.22,14.71,12.21,14.71,65866.0,IND_FIELD_0976,RCBD - 4 Replications,4,ICAR AICRP & Syngenta Multi-Locational Trials,https://icar.org.in
TR-2023-PU-00977,EXP-2023-PU-SOY-0489,ICAR_SYNGENTA_TRIALS,India,Punjab,Punjab & Haryana (Indo-Gangetic),Ludhiana,30.901,75.8573,Soybean,Soybean,Kharif,2023,Control (Untreated Check),Untreated Check,Untreated Check,0,Untreated,0.0,1,0,0.32,0.32,8.07,124.9,33.9,150.4,30.1,12.7,0.91,0.48,26.7,3,844.5,1735.5,65.6,7.6,16.8,0.642,9.41,9.41,9.41,9.41,0.0,0.0,0.0,0.0,IND_FIELD_0977,RCBD - 4 Replications,4,ICAR AICRP & Syngenta Multi-Locational Trials,https://icar.org.in
TR-2023-PU-00978,EXP-2023-PU-SOY-0489,ICAR_SYNGENTA_TRIALS,India,Punjab,Punjab & Haryana (Indo-Gangetic),Ludhiana,30.901,75.8573,Soybean,Soybean,Kharif,2023,Syngenta Quantis,Syngenta Quantis,Biostimulant,1,Syngenta Quantis,2.0,0,1,0.32,0.32,8.07,124.9,33.9,150.4,30.1,12.7,0.91,0.48,26.7,3,844.5,1735.5,65.6,7.6,16.8,0.642,9.54,9.54,9.41,9.54,0.13,1.38,0.13,-1202.0,IND_FIELD_0978,RCBD - 4 Replications,4,ICAR AICRP & Syngenta Multi-Locational Trials,https://icar.org.in
TR-2024-KA-00979,EXP-2024-KA-WHE-0490,ICAR_SYNGENTA_TRIALS,India,Karnataka,Karnataka (Deccan Plateau),Dharwad,15.4589,75.0078,Wheat,Wheat,Rabi,2024,Control (Untreated Check),Untreated Check,Untreated Check,0,Untreated,0.0,1,0,0.47,0.47,6.47,270.7,22.1,261.7,40.9,18.5,0.79,0.47,25.9,2,219.3,1683.5,61.1,7.8,14.0,0.735,16.27,16.27,16.27,16.27,0.0,0.0,0.0,0.0,IND_FIELD_0979,RCBD - 4 Replications,4,ICAR AICRP & Syngenta Multi-Locational Trials,https://icar.org.in
TR-2024-KA-00980,EXP-2024-KA-WHE-0490,ICAR_SYNGENTA_TRIALS,India,Karnataka,Karnataka (Deccan Plateau),Dharwad,15.4589,75.0078,Wheat,Wheat,Rabi,2024,Syngenta Quantis,Syngenta Quantis,Biostimulant,1,Syngenta Quantis,1.5,0,1,0.47,0.47,6.47,270.7,22.1,261.7,40.9,18.5,0.79,0.47,25.9,2,219.3,1683.5,61.1,7.8,14.0,0.735,18.25,18.25,16.27,18.25,1.98,12.17,1.98,7758.0,IND_FIELD_0980,RCBD - 4 Replications,4,ICAR AICRP & Syngenta Multi-Locational Trials,https://icar.org.in
TR-2021-TA-00981,EXP-2021-TA-MUS-0491,ICAR_SYNGENTA_TRIALS,India,Tamil Nadu,Tamil Nadu & Cauvery Delta,Coimbatore,11.0168,76.9558,Mustard / Rapeseed,Mustard / Rapeseed,Rabi,2021,Control (Untreated Check),Untreated Check,Untreated Check,0,Untreated,0.0,1,0,0.45,0.45,7.59,199.5,19.9,343.3,35.6,15.0,0.59,0.62,30.5,8,30.0,1982.5,59.1,7.1,16.7,0.646,5.71,5.71,5.71,5.71,0.0,0.0,0.0,0.0,IND_FIELD_0981,RCBD - 4 Replications,4,ICAR AICRP & Syngenta Multi-Locational Trials,https://icar.org.in
TR-2021-TA-00982,EXP-2021-TA-MUS-0491,ICAR_SYNGENTA_TRIALS,India,Tamil Nadu,Tamil Nadu & Cauvery Delta,Coimbatore,11.0168,76.9558,Mustard / Rapeseed,Mustard / Rapeseed,Rabi,2021,Syngenta Quantis,Syngenta Quantis,Biostimulant,1,Syngenta Quantis,1.5,0,1,0.45,0.45,7.59,199.5,19.9,343.3,35.6,15.0,0.59,0.62,30.5,8,30.0,1982.5,59.1,7.1,16.7,0.646,7.1,7.1,5.71,7.1,1.39,24.34,1.39,5044.0,IND_FIELD_0982,RCBD - 4 Replications,4,ICAR AICRP & Syngenta Multi-Locational Trials,https://icar.org.in
TR-2022-TA-00983,EXP-2022-TA-TOM-0492,ICAR_SYNGENTA_TRIALS,India,Tamil Nadu,Tamil Nadu & Cauvery Delta,Coimbatore,11.0168,76.9558,Tomato,Tomato,Annual,2022,Control (Untreated Check),Untreated Check,Untreated Check,0,Untreated,0.0,1,0,0.63,0.63,8.13,252.6,20.4,303.9,31.8,15.8,0.78,0.58,24.0,3,81.2,1560.0,58.7,8.0,14.7,0.718,150.55,150.55,150.55,150.55,0.0,0.0,0.0,0.0,IND_FIELD_0983,RCBD - 4 Replications,4,ICAR AICRP & Syngenta Multi-Locational Trials,https://icar.org.in
TR-2022-TA-00984,EXP-2022-TA-TOM-0492,ICAR_SYNGENTA_TRIALS,India,Tamil Nadu,Tamil Nadu & Cauvery Delta,Coimbatore,11.0168,76.9558,Tomato,Tomato,Annual,2022,Syngenta Isabion,Syngenta Isabion,Biostimulant,1,Syngenta Isabion,2.5,0,1,0.63,0.63,8.13,252.6,20.4,303.9,31.8,15.8,0.78,0.58,24.0,3,81.2,1560.0,58.7,8.0,14.7,0.718,154.62,154.62,150.55,154.62,4.07,2.7,4.07,16472.0,IND_FIELD_0984,RCBD - 4 Replications,4,ICAR AICRP & Syngenta Multi-Locational Trials,https://icar.org.in
TR-2024-TA-00985,EXP-2024-TA-COT-0493,ICAR_SYNGENTA_TRIALS,India,Tamil Nadu,Tamil Nadu & Cauvery Delta,Coimbatore,11.0168,76.9558,Cotton,Cotton,Kharif,2024,Control (Untreated Check),Untreated Check,Untreated Check,0,Untreated,0.0,1,0,0.68,0.68,7.09,232.1,16.5,273.0,29.6,14.3,1.12,0.78,30.5,2,601.7,1982.5,75.1,9.4,19.0,0.695,10.8,10.8,10.8,10.8,0.0,0.0,0.0,0.0,IND_FIELD_0985,RCBD - 4 Replications,4,ICAR AICRP & Syngenta Multi-Locational Trials,https://icar.org.in
TR-2024-TA-00986,EXP-2024-TA-COT-0493,ICAR_SYNGENTA_TRIALS,India,Tamil Nadu,Tamil Nadu & Cauvery Delta,Coimbatore,11.0168,76.9558,Cotton,Cotton,Kharif,2024,Syngenta Isabion,Syngenta Isabion,Biostimulant,1,Syngenta Isabion,1.5,0,1,0.68,0.68,7.09,232.1,16.5,273.0,29.6,14.3,1.12,0.78,30.5,2,601.7,1982.5,75.1,9.4,19.0,0.695,11.33,11.33,10.8,11.33,0.53,4.91,0.53,1088.0,IND_FIELD_0986,RCBD - 4 Replications,4,ICAR AICRP & Syngenta Multi-Locational Trials,https://icar.org.in
TR-2022-PU-00987,EXP-2022-PU-MUS-0494,ICAR_SYNGENTA_TRIALS,India,Punjab,Punjab & Haryana (Indo-Gangetic),Ludhiana,30.901,75.8573,Mustard / Rapeseed,Mustard / Rapeseed,Rabi,2022,Control (Untreated Check),Untreated Check,Untreated Check,0,Untreated,0.0,1,0,0.29,0.29,7.83,148.1,46.1,294.6,36.1,16.5,0.69,0.41,27.5,2,150.0,1787.5,75.0,17.1,19.4,0.828,6.59,6.59,6.59,6.59,0.0,0.0,0.0,0.0,IND_FIELD_0987,RCBD - 4 Replications,4,ICAR AICRP & Syngenta Multi-Locational Trials,https://icar.org.in
TR-2022-PU-00988,EXP-2022-PU-MUS-0494,ICAR_SYNGENTA_TRIALS,India,Punjab,Punjab & Haryana (Indo-Gangetic),Ludhiana,30.901,75.8573,Mustard / Rapeseed,Mustard / Rapeseed,Rabi,2022,Syngenta Quantis,Syngenta Quantis,Biostimulant,1,Syngenta Quantis,1.5,0,1,0.29,0.29,7.83,148.1,46.1,294.6,36.1,16.5,0.69,0.41,27.5,2,150.0,1787.5,75.0,17.1,19.4,0.828,6.97,6.97,6.59,6.97,0.38,5.77,0.38,398.0,IND_FIELD_0988,RCBD - 4 Replications,4,ICAR AICRP & Syngenta Multi-Locational Trials,https://icar.org.in
TR-2022-MA-00989,EXP-2022-MA-ONI-0495,ICAR_SYNGENTA_TRIALS,India,Madhya Pradesh,Madhya Pradesh & Central Belt,Bhopal,23.2599,77.4126,Onion,Onion,Rabi,2022,Control (Untreated Check),Untreated Check,Untreated Check,0,Untreated,0.0,1,0,0.48,0.48,6.76,240.8,16.3,354.6,36.5,11.3,0.94,0.48,28.3,0,30.0,1839.5,64.1,12.7,20.8,0.698,116.97,116.97,116.97,116.97,0.0,0.0,0.0,0.0,IND_FIELD_0989,RCBD - 4 Replications,4,ICAR AICRP & Syngenta Multi-Locational Trials,https://icar.org.in
TR-2022-MA-00990,EXP-2022-MA-ONI-0495,ICAR_SYNGENTA_TRIALS,India,Madhya Pradesh,Madhya Pradesh & Central Belt,Bhopal,23.2599,77.4126,Onion,Onion,Rabi,2022,Syngenta Quantis,Syngenta Quantis,Biostimulant,1,Syngenta Quantis,2.0,0,1,0.48,0.48,6.76,240.8,16.3,354.6,36.5,11.3,0.94,0.48,28.3,0,30.0,1839.5,64.1,12.7,20.8,0.698,124.34,124.34,116.97,124.34,7.37,6.3,7.37,32102.0,IND_FIELD_0990,RCBD - 4 Replications,4,ICAR AICRP & Syngenta Multi-Locational Trials,https://icar.org.in
TR-2023-UT-00991,EXP-2023-UT-TOM-0496,ICAR_SYNGENTA_TRIALS,India,Uttar Pradesh,Indo-Gangetic Plain (Central),Varanasi,25.3176,82.9739,Tomato,Tomato,Annual,2023,Control (Untreated Check),Untreated Check,Untreated Check,0,Untreated,0.0,1,0,0.44,0.44,8.42,221.0,22.8,292.8,46.1,23.6,0.8,0.56,30.5,1,316.2,1982.5,68.6,6.7,16.6,0.762,168.59,168.59,168.59,168.59,0.0,0.0,0.0,0.0,IND_FIELD_0991,RCBD - 4 Replications,4,ICAR AICRP & Syngenta Multi-Locational Trials,https://icar.org.in
TR-2023-UT-00992,EXP-2023-UT-TOM-0496,ICAR_SYNGENTA_TRIALS,India,Uttar Pradesh,Indo-Gangetic Plain (Central),Varanasi,25.3176,82.9739,Tomato,Tomato,Annual,2023,Syngenta Isabion,Syngenta Isabion,Biostimulant,1,Syngenta Isabion,2.5,0,1,0.44,0.44,8.42,221.0,22.8,292.8,46.1,23.6,0.8,0.56,30.5,1,316.2,1982.5,68.6,6.7,16.6,0.762,181.45,181.45,168.59,181.45,12.86,7.63,12.86,56906.0,IND_FIELD_0992,RCBD - 4 Replications,4,ICAR AICRP & Syngenta Multi-Locational Trials,https://icar.org.in
TR-2022-PU-00993,EXP-2022-PU-GRO-0497,ICAR_SYNGENTA_TRIALS,India,Punjab,Punjab & Haryana (Indo-Gangetic),Ludhiana,30.901,75.8573,Groundnut (Peanut),Groundnut (Peanut),Kharif,2022,Control (Untreated Check),Untreated Check,Untreated Check,0,Untreated,0.0,1,0,0.49,0.49,8.65,196.4,31.6,189.7,32.5,9.9,0.97,0.42,31.8,6,665.2,2067.0,72.7,13.0,20.5,0.604,9.98,9.98,9.98,9.98,0.0,0.0,0.0,0.0,IND_FIELD_0993,RCBD - 4 Replications,4,ICAR AICRP & Syngenta Multi-Locational Trials,https://icar.org.in
TR-2022-PU-00994,EXP-2022-PU-GRO-0497,ICAR_SYNGENTA_TRIALS,India,Punjab,Punjab & Haryana (Indo-Gangetic),Ludhiana,30.901,75.8573,Groundnut (Peanut),Groundnut (Peanut),Kharif,2022,Syngenta Isabion,Syngenta Isabion,Biostimulant,1,Syngenta Isabion,1.5,0,1,0.49,0.49,8.65,196.4,31.6,189.7,32.5,9.9,0.97,0.42,31.8,6,665.2,2067.0,72.7,13.0,20.5,0.604,11.53,11.53,9.98,11.53,1.55,15.53,1.55,5780.0,IND_FIELD_0994,RCBD - 4 Replications,4,ICAR AICRP & Syngenta Multi-Locational Trials,https://icar.org.in
TR-2021-TE-00995,EXP-2021-TE-ONI-0498,ICAR_SYNGENTA_TRIALS,India,Telangana,Telangana & Andhra (Krishna Basin),Warangal,17.9689,79.5941,Onion,Onion,Rabi,2021,Control (Untreated Check),Untreated Check,Untreated Check,0,Untreated,0.0,1,0,0.59,0.59,7.04,231.9,20.0,303.2,23.7,9.0,0.4,0.56,24.4,3,363.7,1586.0,80.2,7.2,20.3,0.766,142.38,142.38,142.38,142.38,0.0,0.0,0.0,0.0,IND_FIELD_0995,RCBD - 4 Replications,4,ICAR AICRP & Syngenta Multi-Locational Trials,https://icar.org.in
TR-2021-TE-00996,EXP-2021-TE-ONI-0498,ICAR_SYNGENTA_TRIALS,India,Telangana,Telangana & Andhra (Krishna Basin),Warangal,17.9689,79.5941,Onion,Onion,Rabi,2021,Syngenta Quantis,Syngenta Quantis,Biostimulant,1,Syngenta Quantis,2.0,0,1,0.59,0.59,7.04,231.9,20.0,303.2,23.7,9.0,0.4,0.56,24.4,3,363.7,1586.0,80.2,7.2,20.3,0.766,149.18,149.18,142.38,149.18,6.8,4.78,6.8,29480.0,IND_FIELD_0996,RCBD - 4 Replications,4,ICAR AICRP & Syngenta Multi-Locational Trials,https://icar.org.in
TR-2022-KA-00997,EXP-2022-KA-ONI-0499,ICAR_SYNGENTA_TRIALS,India,Karnataka,Karnataka (Deccan Plateau),Dharwad,15.4589,75.0078,Onion,Onion,Rabi,2022,Control (Untreated Check),Untreated Check,Untreated Check,0,Untreated,0.0,1,0,0.49,0.49,6.41,246.0,26.2,276.6,26.8,12.2,0.62,0.52,31.7,4,175.3,2060.5,61.2,13.6,18.3,0.666,125.11,125.11,125.11,125.11,0.0,0.0,0.0,0.0,IND_FIELD_0997,RCBD - 4 Replications,4,ICAR AICRP & Syngenta Multi-Locational Trials,https://icar.org.in
TR-2022-KA-00998,EXP-2022-KA-ONI-0499,ICAR_SYNGENTA_TRIALS,India,Karnataka,Karnataka (Deccan Plateau),Dharwad,15.4589,75.0078,Onion,Onion,Rabi,2022,Syngenta Quantis,Syngenta Quantis,Biostimulant,1,Syngenta Quantis,2.0,0,1,0.49,0.49,6.41,246.0,26.2,276.6,26.8,12.2,0.62,0.52,31.7,4,175.3,2060.5,61.2,13.6,18.3,0.666,140.99,140.99,125.11,140.99,15.88,12.69,15.88,71248.0,IND_FIELD_0998,RCBD - 4 Replications,4,ICAR AICRP & Syngenta Multi-Locational Trials,https://icar.org.in
TR-2024-MA-00999,EXP-2024-MA-WHE-0500,ICAR_SYNGENTA_TRIALS,India,Madhya Pradesh,Madhya Pradesh & Central Belt,Bhopal,23.2599,77.4126,Wheat,Wheat,Rabi,2024,Control (Untreated Check),Untreated Check,Untreated Check,0,Untreated,0.0,1,0,0.8,0.8,7.32,252.3,18.3,344.8,34.2,12.8,0.68,0.39,29.8,2,30.0,1937.0,80.7,8.6,17.8,0.712,17.26,17.26,17.26,17.26,0.0,0.0,0.0,0.0,IND_FIELD_0999,RCBD - 4 Replications,4,ICAR AICRP & Syngenta Multi-Locational Trials,https://icar.org.in
TR-2024-MA-01000,EXP-2024-MA-WHE-0500,ICAR_SYNGENTA_TRIALS,India,Madhya Pradesh,Madhya Pradesh & Central Belt,Bhopal,23.2599,77.4126,Wheat,Wheat,Rabi,2024,Syngenta Quantis,Syngenta Quantis,Biostimulant,1,Syngenta Quantis,1.5,0,1,0.8,0.8,7.32,252.3,18.3,344.8,34.2,12.8,0.68,0.39,29.8,2,30.0,1937.0,80.7,8.6,17.8,0.712,19.29,19.29,17.26,19.29,2.03,11.76,2.03,7988.0,IND_FIELD_1000,RCBD - 4 Replications,4,ICAR AICRP & Syngenta Multi-Locational Trials,https://icar.org.in
TR-2023-GU-01001,EXP-2023-GU-SUG-0501,ICAR_SYNGENTA_TRIALS,India,Gujarat,Gujarat & Saurashtra Plain,Rajkot,22.3039,70.8022,Sugarcane,Sugarcane,Annual,2023,Control (Untreated Check),Untreated Check,Untreated Check,0,Untreated,0.0,1,0,0.35,0.35,7.93,172.1,17.0,337.9,24.6,9.9,1.16,0.66,33.7,3,172.1,2190.5,67.6,2.5,22.5,0.714,313.65,313.65,313.65,313.65,0.0,0.0,0.0,0.0,IND_FIELD_1001,RCBD - 4 Replications,4,ICAR AICRP & Syngenta Multi-Locational Trials,https://icar.org.in
TR-2023-GU-01002,EXP-2023-GU-SUG-0501,ICAR_SYNGENTA_TRIALS,India,Gujarat,Gujarat & Saurashtra Plain,Rajkot,22.3039,70.8022,Sugarcane,Sugarcane,Annual,2023,Syngenta CropBio+,Syngenta CropBio+,Biostimulant,1,Syngenta CropBio+,3.0,0,1,0.35,0.35,7.93,172.1,17.0,337.9,24.6,9.9,1.16,0.66,33.7,3,172.1,2190.5,67.6,2.5,22.5,0.714,347.94,347.94,313.65,347.94,34.29,10.93,34.29,155034.0,IND_FIELD_1002,RCBD - 4 Replications,4,ICAR AICRP & Syngenta Multi-Locational Trials,https://icar.org.in
TR-2023-KA-01003,EXP-2023-KA-SOY-0502,ICAR_SYNGENTA_TRIALS,India,Karnataka,Karnataka (Deccan Plateau),Dharwad,15.4589,75.0078,Soybean,Soybean,Kharif,2023,Control (Untreated Check),Untreated Check,Untreated Check,0,Untreated,0.0,1,0,0.6,0.6,7.07,235.5,21.1,311.8,25.0,8.6,0.67,0.8,25.5,4,716.6,1657.5,49.1,11.0,18.4,0.605,11.68,11.68,11.68,11.68,0.0,0.0,0.0,0.0,IND_FIELD_1003,RCBD - 4 Replications,4,ICAR AICRP & Syngenta Multi-Locational Trials,https://icar.org.in
TR-2023-KA-01004,EXP-2023-KA-SOY-0502,ICAR_SYNGENTA_TRIALS,India,Karnataka,Karnataka (Deccan Plateau),Dharwad,15.4589,75.0078,Soybean,Soybean,Kharif,2023,Syngenta Quantis,Syngenta Quantis,Biostimulant,1,Syngenta Quantis,2.0,0,1,0.6,0.6,7.07,235.5,21.1,311.8,25.0,8.6,0.67,0.8,25.5,4,716.6,1657.5,49.1,11.0,18.4,0.605,12.99,12.99,11.68,12.99,1.31,11.22,1.31,4226.0,IND_FIELD_1004,RCBD - 4 Replications,4,ICAR AICRP & Syngenta Multi-Locational Trials,https://icar.org.in
TR-2023-MA-01005,EXP-2023-MA-CHI-0503,ICAR_SYNGENTA_TRIALS,India,Maharashtra,Maharashtra & Vidarbha (Deccan),Nagpur,21.1458,79.0882,Chickpea (Gram / Chana),Chickpea (Gram / Chana),Rabi,2023,Control (Untreated Check),Untreated Check,Untreated Check,0,Untreated,0.0,1,0,0.31,0.31,7.3,198.4,19.6,391.0,25.8,10.1,0.95,0.53,22.7,1,134.6,1475.5,68.9,5.9,18.2,0.746,5.41,5.41,5.41,5.41,0.0,0.0,0.0,0.0,IND_FIELD_1005,RCBD - 4 Replications,4,ICAR AICRP & Syngenta Multi-Locational Trials,https://icar.org.in
TR-2023-MA-01006,EXP-2023-MA-CHI-0503,ICAR_SYNGENTA_TRIALS,India,Maharashtra,Maharashtra & Vidarbha (Deccan),Nagpur,21.1458,79.0882,Chickpea (Gram / Chana),Chickpea (Gram / Chana),Rabi,2023,Syngenta Isabion,Syngenta Isabion,Biostimulant,1,Syngenta Isabion,1.5,0,1,0.31,0.31,7.3,198.4,19.6,391.0,25.8,10.1,0.95,0.53,22.7,1,134.6,1475.5,68.9,5.9,18.2,0.746,5.74,5.74,5.41,5.74,0.33,6.1,0.33,168.0,IND_FIELD_1006,RCBD - 4 Replications,4,ICAR AICRP & Syngenta Multi-Locational Trials,https://icar.org.in
TR-2022-GU-01007,EXP-2022-GU-MAI-0504,ICAR_SYNGENTA_TRIALS,India,Gujarat,Gujarat & Saurashtra Plain,Rajkot,22.3039,70.8022,Maize,Maize,Kharif,2022,Control (Untreated Check),Untreated Check,Untreated Check,0,Untreated,0.0,1,0,0.29,0.29,7.87,180.7,9.9,260.9,24.7,17.9,0.77,0.53,30.5,6,860.6,1982.5,60.6,8.3,19.5,0.609,20.44,20.44,20.44,20.44,0.0,0.0,0.0,0.0,IND_FIELD_1007,RCBD - 4 Replications,4,ICAR AICRP & Syngenta Multi-Locational Trials,https://icar.org.in
TR-2022-GU-01008,EXP-2022-GU-MAI-0504,ICAR_SYNGENTA_TRIALS,India,Gujarat,Gujarat & Saurashtra Plain,Rajkot,22.3039,70.8022,Maize,Maize,Kharif,2022,Syngenta Isabion,Syngenta Isabion,Biostimulant,1,Syngenta Isabion,2.0,0,1,0.29,0.29,7.87,180.7,9.9,260.9,24.7,17.9,0.77,0.53,30.5,6,860.6,1982.5,60.6,8.3,19.5,0.609,24.13,24.13,20.44,24.13,3.69,18.05,3.69,15174.0,IND_FIELD_1008,RCBD - 4 Replications,4,ICAR AICRP & Syngenta Multi-Locational Trials,https://icar.org.in
TR-2024-TA-01009,EXP-2024-TA-TUR-0505,ICAR_SYNGENTA_TRIALS,India,Tamil Nadu,Tamil Nadu & Cauvery Delta,Coimbatore,11.0168,76.9558,Tur / Pigeon Pea (Arhar),Tur / Pigeon Pea (Arhar),Kharif,2024,Control (Untreated Check),Untreated Check,Untreated Check,0,Untreated,0.0,1,0,0.62,0.62,7.72,239.4,17.4,284.7,26.6,7.2,0.79,0.54,28.9,2,780.3,1878.5,73.5,11.8,14.2,0.669,7.58,7.58,7.58,7.58,0.0,0.0,0.0,0.0,IND_FIELD_1009,RCBD - 4 Replications,4,ICAR AICRP & Syngenta Multi-Locational Trials,https://icar.org.in
TR-2024-TA-01010,EXP-2024-TA-TUR-0505,ICAR_SYNGENTA_TRIALS,India,Tamil Nadu,Tamil Nadu & Cauvery Delta,Coimbatore,11.0168,76.9558,Tur / Pigeon Pea (Arhar),Tur / Pigeon Pea (Arhar),Kharif,2024,Syngenta Quantis,Syngenta Quantis,Biostimulant,1,Syngenta Quantis,2.0,0,1,0.62,0.62,7.72,239.4,17.4,284.7,26.6,7.2,0.79,0.54,28.9,2,780.3,1878.5,73.5,11.8,14.2,0.669,8.02,8.02,7.58,8.02,0.44,5.8,0.44,224.0,IND_FIELD_1010,RCBD - 4 Replications,4,ICAR AICRP & Syngenta Multi-Locational Trials,https://icar.org.in
TR-2022-MA-01011,EXP-2022-MA-GRO-0506,ICAR_SYNGENTA_TRIALS,India,Maharashtra,Maharashtra & Vidarbha (Deccan),Nagpur,21.1458,79.0882,Groundnut (Peanut),Groundnut (Peanut),Kharif,2022,Control (Untreated Check),Untreated Check,Untreated Check,0,Untreated,0.0,1,0,0.42,0.42,7.03,272.2,20.4,338.3,38.3,8.9,0.72,0.54,32.6,1,675.4,2119.0,72.5,7.8,19.7,0.797,11.85,11.85,11.85,11.85,0.0,0.0,0.0,0.0,IND_FIELD_1011,RCBD - 4 Replications,4,ICAR AICRP & Syngenta Multi-Locational Trials,https://icar.org.in
TR-2022-MA-01012,EXP-2022-MA-GRO-0506,ICAR_SYNGENTA_TRIALS,India,Maharashtra,Maharashtra & Vidarbha (Deccan),Nagpur,21.1458,79.0882,Groundnut (Peanut),Groundnut (Peanut),Kharif,2022,Syngenta Isabion,Syngenta Isabion,Biostimulant,1,Syngenta Isabion,1.5,0,1,0.42,0.42,7.03,272.2,20.4,338.3,38.3,8.9,0.72,0.54,32.6,1,675.4,2119.0,72.5,7.8,19.7,0.797,12.5,12.5,11.85,12.5,0.65,5.49,0.65,1640.0,IND_FIELD_1012,RCBD - 4 Replications,4,ICAR AICRP & Syngenta Multi-Locational Trials,https://icar.org.in
TR-2022-TA-01013,EXP-2022-TA-GRO-0507,ICAR_SYNGENTA_TRIALS,India,Tamil Nadu,Tamil Nadu & Cauvery Delta,Coimbatore,11.0168,76.9558,Groundnut (Peanut),Groundnut (Peanut),Kharif,2022,Control (Untreated Check),Untreated Check,Untreated Check,0,Untreated,0.0,1,0,0.39,0.39,7.29,208.0,12.4,240.0,32.5,21.0,1.05,0.57,31.9,9,865.8,2073.5,82.9,6.5,15.2,0.713,9.8,9.8,9.8,9.8,0.0,0.0,0.0,0.0,IND_FIELD_1013,RCBD - 4 Replications,4,ICAR AICRP & Syngenta Multi-Locational Trials,https://icar.org.in
TR-2022-TA-01014,EXP-2022-TA-GRO-0507,ICAR_SYNGENTA_TRIALS,India,Tamil Nadu,Tamil Nadu & Cauvery Delta,Coimbatore,11.0168,76.9558,Groundnut (Peanut),Groundnut (Peanut),Kharif,2022,Syngenta Isabion,Syngenta Isabion,Biostimulant,1,Syngenta Isabion,1.5,0,1,0.39,0.39,7.29,208.0,12.4,240.0,32.5,21.0,1.05,0.57,31.9,9,865.8,2073.5,82.9,6.5,15.2,0.713,11.45,11.45,9.8,11.45,1.65,16.84,1.65,6240.0,IND_FIELD_1014,RCBD - 4 Replications,4,ICAR AICRP & Syngenta Multi-Locational Trials,https://icar.org.in
TR-2023-GU-01015,EXP-2023-GU-GRO-0508,ICAR_SYNGENTA_TRIALS,India,Gujarat,Gujarat & Saurashtra Plain,Rajkot,22.3039,70.8022,Groundnut (Peanut),Groundnut (Peanut),Kharif,2023,Control (Untreated Check),Untreated Check,Untreated Check,0,Untreated,0.0,1,0,0.44,0.44,7.77,211.8,15.3,324.5,25.2,15.8,0.31,0.61,28.0,3,774.6,1820.0,61.6,11.9,22.9,0.703,10.3,10.3,10.3,10.3,0.0,0.0,0.0,0.0,IND_FIELD_1015,RCBD - 4 Replications,4,ICAR AICRP & Syngenta Multi-Locational Trials,https://icar.org.in
TR-2023-GU-01016,EXP-2023-GU-GRO-0508,ICAR_SYNGENTA_TRIALS,India,Gujarat,Gujarat & Saurashtra Plain,Rajkot,22.3039,70.8022,Groundnut (Peanut),Groundnut (Peanut),Kharif,2023,Syngenta Isabion,Syngenta Isabion,Biostimulant,1,Syngenta Isabion,1.5,0,1,0.44,0.44,7.77,211.8,15.3,324.5,25.2,15.8,0.31,0.61,28.0,3,774.6,1820.0,61.6,11.9,22.9,0.703,10.92,10.92,10.3,10.92,0.62,6.02,0.62,1502.0,IND_FIELD_1016,RCBD - 4 Replications,4,ICAR AICRP & Syngenta Multi-Locational Trials,https://icar.org.in
TR-2023-PU-01017,EXP-2023-PU-MUS-0509,ICAR_SYNGENTA_TRIALS,India,Punjab,Punjab & Haryana (Indo-Gangetic),Ludhiana,30.901,75.8573,Mustard / Rapeseed,Mustard / Rapeseed,Rabi,2023,Control (Untreated Check),Untreated Check,Untreated Check,0,Untreated,0.0,1,0,0.37,0.37,8.08,227.1,29.2,217.3,38.3,14.2,1.24,0.75,29.3,1,171.3,1904.5,57.1,10.3,22.7,0.684,6.82,6.82,6.82,6.82,0.0,0.0,0.0,0.0,IND_FIELD_1017,RCBD - 4 Replications,4,ICAR AICRP & Syngenta Multi-Locational Trials,https://icar.org.in
TR-2023-PU-01018,EXP-2023-PU-MUS-0509,ICAR_SYNGENTA_TRIALS,India,Punjab,Punjab & Haryana (Indo-Gangetic),Ludhiana,30.901,75.8573,Mustard / Rapeseed,Mustard / Rapeseed,Rabi,2023,Syngenta Quantis,Syngenta Quantis,Biostimulant,1,Syngenta Quantis,1.5,0,1,0.37,0.37,8.08,227.1,29.2,217.3,38.3,14.2,1.24,0.75,29.3,1,171.3,1904.5,57.1,10.3,22.7,0.684,7.75,7.75,6.82,7.75,0.93,13.64,0.93,2928.0,IND_FIELD_1018,RCBD - 4 Replications,4,ICAR AICRP & Syngenta Multi-Locational Trials,https://icar.org.in
TR-2022-KA-01019,EXP-2022-KA-MUS-0510,ICAR_SYNGENTA_TRIALS,India,Karnataka,Karnataka (Deccan Plateau),Dharwad,15.4589,75.0078,Mustard / Rapeseed,Mustard / Rapeseed,Rabi,2022,Control (Untreated Check),Untreated Check,Untreated Check,0,Untreated,0.0,1,0,0.63,0.63,6.34,234.1,33.5,283.0,25.0,13.3,0.49,0.33,31.4,8,149.6,2041.0,72.2,10.0,21.5,0.647,6.12,6.12,6.12,6.12,0.0,0.0,0.0,0.0,IND_FIELD_1019,RCBD - 4 Replications,4,ICAR AICRP & Syngenta Multi-Locational Trials,https://icar.org.in
TR-2022-KA-01020,EXP-2022-KA-MUS-0510,ICAR_SYNGENTA_TRIALS,India,Karnataka,Karnataka (Deccan Plateau),Dharwad,15.4589,75.0078,Mustard / Rapeseed,Mustard / Rapeseed,Rabi,2022,Syngenta Quantis,Syngenta Quantis,Biostimulant,1,Syngenta Quantis,1.5,0,1,0.63,0.63,6.34,234.1,33.5,283.0,25.0,13.3,0.49,0.33,31.4,8,149.6,2041.0,72.2,10.0,21.5,0.647,7.4,7.4,6.12,7.4,1.28,20.92,1.28,4538.0,IND_FIELD_1020,RCBD - 4 Replications,4,ICAR AICRP & Syngenta Multi-Locational Trials,https://icar.org.in
TR-2025-PU-01021,EXP-2025-PU-MUS-0511,ICAR_SYNGENTA_TRIALS,India,Punjab,Punjab & Haryana (Indo-Gangetic),Ludhiana,30.901,75.8573,Mustard / Rapeseed,Mustard / Rapeseed,Rabi,2025,Control (Untreated Check),Untreated Check,Untreated Check,0,Untreated,0.0,1,0,0.51,0.51,7.42,251.2,34.4,179.0,43.4,14.4,0.88,0.52,32.9,0,245.2,2138.5,67.8,11.2,20.7,0.74,8.04,8.04,8.04,8.04,0.0,0.0,0.0,0.0,IND_FIELD_1021,RCBD - 4 Replications,4,ICAR AICRP & Syngenta Multi-Locational Trials,https://icar.org.in
TR-2025-PU-01022,EXP-2025-PU-MUS-0511,ICAR_SYNGENTA_TRIALS,India,Punjab,Punjab & Haryana (Indo-Gangetic),Ludhiana,30.901,75.8573,Mustard / Rapeseed,Mustard / Rapeseed,Rabi,2025,Syngenta Quantis,Syngenta Quantis,Biostimulant,1,Syngenta Quantis,1.5,0,1,0.51,0.51,7.42,251.2,34.4,179.0,43.4,14.4,0.88,0.52,32.9,0,245.2,2138.5,67.8,11.2,20.7,0.74,8.36,8.36,8.04,8.36,0.32,3.98,0.32,122.0,IND_FIELD_1022,RCBD - 4 Replications,4,ICAR AICRP & Syngenta Multi-Locational Trials,https://icar.org.in
TR-2021-UT-01023,EXP-2021-UT-RIC-0512,ICAR_SYNGENTA_TRIALS,India,Uttar Pradesh,Indo-Gangetic Plain (Central),Varanasi,25.3176,82.9739,Rice (Paddy),Rice (Paddy),Kharif,2021,Control (Untreated Check),Untreated Check,Untreated Check,0,Untreated,0.0,1,0,0.65,0.65,7.01,203.5,21.4,209.5,34.1,13.8,1.01,0.51,30.4,1,792.5,1976.0,70.7,9.4,19.5,0.702,22.56,22.56,22.56,22.56,0.0,0.0,0.0,0.0,IND_FIELD_1023,RCBD - 4 Replications,4,ICAR AICRP & Syngenta Multi-Locational Trials,https://icar.org.in
TR-2021-UT-01024,EXP-2021-UT-RIC-0512,ICAR_SYNGENTA_TRIALS,India,Uttar Pradesh,Indo-Gangetic Plain (Central),Varanasi,25.3176,82.9739,Rice (Paddy),Rice (Paddy),Kharif,2021,Syngenta Quantis,Syngenta Quantis,Biostimulant,1,Syngenta Quantis,2.0,0,1,0.65,0.65,7.01,203.5,21.4,209.5,34.1,13.8,1.01,0.51,30.4,1,792.5,1976.0,70.7,9.4,19.5,0.702,24.65,24.65,22.56,24.65,2.09,9.26,2.09,7814.0,IND_FIELD_1024,RCBD - 4 Replications,4,ICAR AICRP & Syngenta Multi-Locational Trials,https://icar.org.in
TR-2025-KA-01025,EXP-2025-KA-MUS-0513,ICAR_SYNGENTA_TRIALS,India,Karnataka,Karnataka (Deccan Plateau),Dharwad,15.4589,75.0078,Mustard / Rapeseed,Mustard / Rapeseed,Rabi,2025,Control (Untreated Check),Untreated Check,Untreated Check,0,Untreated,0.0,1,0,0.61,0.61,6.93,207.7,29.3,203.2,37.0,14.9,0.79,0.6,29.8,2,173.0,1937.0,60.8,19.0,19.8,0.675,6.65,6.65,6.65,6.65,0.0,0.0,0.0,0.0,IND_FIELD_1025,RCBD - 4 Replications,4,ICAR AICRP & Syngenta Multi-Locational Trials,https://icar.org.in
TR-2025-KA-01026,EXP-2025-KA-MUS-0513,ICAR_SYNGENTA_TRIALS,India,Karnataka,Karnataka (Deccan Plateau),Dharwad,15.4589,75.0078,Mustard / Rapeseed,Mustard / Rapeseed,Rabi,2025,Syngenta Quantis,Syngenta Quantis,Biostimulant,1,Syngenta Quantis,1.5,0,1,0.61,0.61,6.93,207.7,29.3,203.2,37.0,14.9,0.79,0.6,29.8,2,173.0,1937.0,60.8,19.0,19.8,0.675,7.1,7.1,6.65,7.1,0.45,6.77,0.45,720.0,IND_FIELD_1026,RCBD - 4 Replications,4,ICAR AICRP & Syngenta Multi-Locational Trials,https://icar.org.in
TR-2024-UT-01027,EXP-2024-UT-COT-0514,ICAR_SYNGENTA_TRIALS,India,Uttar Pradesh,Indo-Gangetic Plain (Central),Varanasi,25.3176,82.9739,Cotton,Cotton,Kharif,2024,Control (Untreated Check),Untreated Check,Untreated Check,0,Untreated,0.0,1,0,0.49,0.49,7.59,262.0,31.9,230.1,22.6,15.9,1.16,0.71,30.7,5,822.2,1995.5,81.3,7.8,16.3,0.687,10.5,10.5,10.5,10.5,0.0,0.0,0.0,0.0,IND_FIELD_1027,RCBD - 4 Replications,4,ICAR AICRP & Syngenta Multi-Locational Trials,https://icar.org.in
TR-2024-UT-01028,EXP-2024-UT-COT-0514,ICAR_SYNGENTA_TRIALS,India,Uttar Pradesh,Indo-Gangetic Plain (Central),Varanasi,25.3176,82.9739,Cotton,Cotton,Kharif,2024,Syngenta Isabion,Syngenta Isabion,Biostimulant,1,Syngenta Isabion,1.5,0,1,0.49,0.49,7.59,262.0,31.9,230.1,22.6,15.9,1.16,0.71,30.7,5,822.2,1995.5,81.3,7.8,16.3,0.687,12.14,12.14,10.5,12.14,1.64,15.62,1.64,6194.0,IND_FIELD_1028,RCBD - 4 Replications,4,ICAR AICRP & Syngenta Multi-Locational Trials,https://icar.org.in
TR-2023-TA-01029,EXP-2023-TA-WHE-0515,ICAR_SYNGENTA_TRIALS,India,Tamil Nadu,Tamil Nadu & Cauvery Delta,Coimbatore,11.0168,76.9558,Wheat,Wheat,Rabi,2023,Control (Untreated Check),Untreated Check,Untreated Check,0,Untreated,0.0,1,0,0.64,0.64,7.42,219.1,22.4,278.9,40.7,13.2,0.81,0.82,28.7,2,322.2,1865.5,53.0,8.3,18.8,0.705,18.42,18.42,18.42,18.42,0.0,0.0,0.0,0.0,IND_FIELD_1029,RCBD - 4 Replications,4,ICAR AICRP & Syngenta Multi-Locational Trials,https://icar.org.in
TR-2023-TA-01030,EXP-2023-TA-WHE-0515,ICAR_SYNGENTA_TRIALS,India,Tamil Nadu,Tamil Nadu & Cauvery Delta,Coimbatore,11.0168,76.9558,Wheat,Wheat,Rabi,2023,Syngenta Quantis,Syngenta Quantis,Biostimulant,1,Syngenta Quantis,1.5,0,1,0.64,0.64,7.42,219.1,22.4,278.9,40.7,13.2,0.81,0.82,28.7,2,322.2,1865.5,53.0,8.3,18.8,0.705,20.84,20.84,18.42,20.84,2.42,13.14,2.42,9782.0,IND_FIELD_1030,RCBD - 4 Replications,4,ICAR AICRP & Syngenta Multi-Locational Trials,https://icar.org.in
TR-2023-MA-01031,EXP-2023-MA-CHI-0516,ICAR_SYNGENTA_TRIALS,India,Madhya Pradesh,Madhya Pradesh & Central Belt,Bhopal,23.2599,77.4126,Chickpea (Gram / Chana),Chickpea (Gram / Chana),Rabi,2023,Control (Untreated Check),Untreated Check,Untreated Check,0,Untreated,0.0,1,0,0.65,0.65,8.18,245.4,20.8,267.1,33.1,17.5,0.75,0.53,29.2,1,197.2,1898.0,62.9,6.4,16.6,0.624,6.44,6.44,6.44,6.44,0.0,0.0,0.0,0.0,IND_FIELD_1031,RCBD - 4 Replications,4,ICAR AICRP & Syngenta Multi-Locational Trials,https://icar.org.in
TR-2023-MA-01032,EXP-2023-MA-CHI-0516,ICAR_SYNGENTA_TRIALS,India,Madhya Pradesh,Madhya Pradesh & Central Belt,Bhopal,23.2599,77.4126,Chickpea (Gram / Chana),Chickpea (Gram / Chana),Rabi,2023,Syngenta Isabion,Syngenta Isabion,Biostimulant,1,Syngenta Isabion,1.5,0,1,0.65,0.65,8.18,245.4,20.8,267.1,33.1,17.5,0.75,0.53,29.2,1,197.2,1898.0,62.9,6.4,16.6,0.624,7.43,7.43,6.44,7.43,0.99,15.37,0.99,3204.0,IND_FIELD_1032,RCBD - 4 Replications,4,ICAR AICRP & Syngenta Multi-Locational Trials,https://icar.org.in
TR-2025-MA-01033,EXP-2025-MA-TUR-0517,ICAR_SYNGENTA_TRIALS,India,Madhya Pradesh,Madhya Pradesh & Central Belt,Bhopal,23.2599,77.4126,Tur / Pigeon Pea (Arhar),Tur / Pigeon Pea (Arhar),Kharif,2025,Control (Untreated Check),Untreated Check,Untreated Check,0,Untreated,0.0,1,0,0.67,0.67,7.69,212.4,27.9,348.9,24.2,17.2,0.76,0.67,27.5,1,582.8,1787.5,53.2,2.5,15.9,0.864,8.06,8.06,8.06,8.06,0.0,0.0,0.0,0.0,IND_FIELD_1033,RCBD - 4 Replications,4,ICAR AICRP & Syngenta Multi-Locational Trials,https://icar.org.in
TR-2025-MA-01034,EXP-2025-MA-TUR-0517,ICAR_SYNGENTA_TRIALS,India,Madhya Pradesh,Madhya Pradesh & Central Belt,Bhopal,23.2599,77.4126,Tur / Pigeon Pea (Arhar),Tur / Pigeon Pea (Arhar),Kharif,2025,Syngenta Quantis,Syngenta Quantis,Biostimulant,1,Syngenta Quantis,2.0,0,1,0.67,0.67,7.69,212.4,27.9,348.9,24.2,17.2,0.76,0.67,27.5,1,582.8,1787.5,53.2,2.5,15.9,0.864,9.26,9.26,8.06,9.26,1.2,14.89,1.2,3720.0,IND_FIELD_1034,RCBD - 4 Replications,4,ICAR AICRP & Syngenta Multi-Locational Trials,https://icar.org.in
TR-2023-TE-01035,EXP-2023-TE-MAI-0518,ICAR_SYNGENTA_TRIALS,India,Telangana,Telangana & Andhra (Krishna Basin),Warangal,17.9689,79.5941,Maize,Maize,Kharif,2023,Control (Untreated Check),Untreated Check,Untreated Check,0,Untreated,0.0,1,0,0.48,0.48,7.35,191.6,22.2,340.0,22.0,15.6,0.58,0.69,29.2,3,743.0,1898.0,87.9,10.3,16.8,0.717,25.47,25.47,25.47,25.47,0.0,0.0,0.0,0.0,IND_FIELD_1035,RCBD - 4 Replications,4,ICAR AICRP & Syngenta Multi-Locational Trials,https://icar.org.in
TR-2023-TE-01036,EXP-2023-TE-MAI-0518,ICAR_SYNGENTA_TRIALS,India,Telangana,Telangana & Andhra (Krishna Basin),Warangal,17.9689,79.5941,Maize,Maize,Kharif,2023,Syngenta Isabion,Syngenta Isabion,Biostimulant,1,Syngenta Isabion,2.0,0,1,0.48,0.48,7.35,191.6,22.2,340.0,22.0,15.6,0.58,0.69,29.2,3,743.0,1898.0,87.9,10.3,16.8,0.717,27.83,27.83,25.47,27.83,2.36,9.27,2.36,9056.0,IND_FIELD_1036,RCBD - 4 Replications,4,ICAR AICRP & Syngenta Multi-Locational Trials,https://icar.org.in
TR-2024-GU-01037,EXP-2024-GU-COT-0519,ICAR_SYNGENTA_TRIALS,India,Gujarat,Gujarat & Saurashtra Plain,Rajkot,22.3039,70.8022,Cotton,Cotton,Kharif,2024,Control (Untreated Check),Untreated Check,Untreated Check,0,Untreated,0.0,1,0,0.46,0.46,8.02,259.0,8.0,350.5,25.5,18.1,0.82,0.62,32.8,3,630.6,2132.0,52.0,13.3,17.0,0.705,11.44,11.44,11.44,11.44,0.0,0.0,0.0,0.0,IND_FIELD_1037,RCBD - 4 Replications,4,ICAR AICRP & Syngenta Multi-Locational Trials,https://icar.org.in
TR-2024-GU-01038,EXP-2024-GU-COT-0519,ICAR_SYNGENTA_TRIALS,India,Gujarat,Gujarat & Saurashtra Plain,Rajkot,22.3039,70.8022,Cotton,Cotton,Kharif,2024,Syngenta Isabion,Syngenta Isabion,Biostimulant,1,Syngenta Isabion,1.5,0,1,0.46,0.46,8.02,259.0,8.0,350.5,25.5,18.1,0.82,0.62,32.8,3,630.6,2132.0,52.0,13.3,17.0,0.705,11.91,11.91,11.44,11.91,0.47,4.11,0.47,812.0,IND_FIELD_1038,RCBD - 4 Replications,4,ICAR AICRP & Syngenta Multi-Locational Trials,https://icar.org.in
TR-2023-TA-01039,EXP-2023-TA-CHI-0520,ICAR_SYNGENTA_TRIALS,India,Tamil Nadu,Tamil Nadu & Cauvery Delta,Coimbatore,11.0168,76.9558,Chickpea (Gram / Chana),Chickpea (Gram / Chana),Rabi,2023,Control (Untreated Check),Untreated Check,Untreated Check,0,Untreated,0.0,1,0,0.33,0.33,7.45,213.2,17.0,284.1,15.3,10.1,0.72,0.69,26.1,8,168.0,1696.5,64.5,8.9,20.8,0.626,6.27,6.27,6.27,6.27,0.0,0.0,0.0,0.0,IND_FIELD_1039,RCBD - 4 Replications,4,ICAR AICRP & Syngenta Multi-Locational Trials,https://icar.org.in
TR-2023-TA-01040,EXP-2023-TA-CHI-0520,ICAR_SYNGENTA_TRIALS,India,Tamil Nadu,Tamil Nadu & Cauvery Delta,Coimbatore,11.0168,76.9558,Chickpea (Gram / Chana),Chickpea (Gram / Chana),Rabi,2023,Syngenta Isabion,Syngenta Isabion,Biostimulant,1,Syngenta Isabion,1.5,0,1,0.33,0.33,7.45,213.2,17.0,284.1,15.3,10.1,0.72,0.69,26.1,8,168.0,1696.5,64.5,8.9,20.8,0.626,7.63,7.63,6.27,7.63,1.36,21.69,1.36,4906.0,IND_FIELD_1040,RCBD - 4 Replications,4,ICAR AICRP & Syngenta Multi-Locational Trials,https://icar.org.in
TR-2023-KA-01041,EXP-2023-KA-GRO-0521,ICAR_SYNGENTA_TRIALS,India,Karnataka,Karnataka (Deccan Plateau),Dharwad,15.4589,75.0078,Groundnut (Peanut),Groundnut (Peanut),Kharif,2023,Control (Untreated Check),Untreated Check,Untreated Check,0,Untreated,0.0,1,0,0.5,0.5,7.42,266.5,28.5,283.6,45.1,12.9,0.95,0.71,26.8,3,670.9,1742.0,77.9,3.7,19.0,0.742,10.48,10.48,10.48,10.48,0.0,0.0,0.0,0.0,IND_FIELD_1041,RCBD - 4 Replications,4,ICAR AICRP & Syngenta Multi-Locational Trials,https://icar.org.in
TR-2023-KA-01042,EXP-2023-KA-GRO-0521,ICAR_SYNGENTA_TRIALS,India,Karnataka,Karnataka (Deccan Plateau),Dharwad,15.4589,75.0078,Groundnut (Peanut),Groundnut (Peanut),Kharif,2023,Syngenta Isabion,Syngenta Isabion,Biostimulant,1,Syngenta Isabion,1.5,0,1,0.5,0.5,7.42,266.5,28.5,283.6,45.1,12.9,0.95,0.71,26.8,3,670.9,1742.0,77.9,3.7,19.0,0.742,11.03,11.03,10.48,11.03,0.55,5.25,0.55,1180.0,IND_FIELD_1042,RCBD - 4 Replications,4,ICAR AICRP & Syngenta Multi-Locational Trials,https://icar.org.in
TR-2023-KA-01043,EXP-2023-KA-MAI-0522,ICAR_SYNGENTA_TRIALS,India,Karnataka,Karnataka (Deccan Plateau),Dharwad,15.4589,75.0078,Maize,Maize,Kharif,2023,Control (Untreated Check),Untreated Check,Untreated Check,0,Untreated,0.0,1,0,0.64,0.64,7.03,236.1,18.5,238.0,26.7,9.1,0.84,0.77,25.2,2,859.7,1638.0,75.4,8.7,18.5,0.65,20.02,20.02,20.02,20.02,0.0,0.0,0.0,0.0,IND_FIELD_1043,RCBD - 4 Replications,4,ICAR AICRP & Syngenta Multi-Locational Trials,https://icar.org.in
TR-2023-KA-01044,EXP-2023-KA-MAI-0522,ICAR_SYNGENTA_TRIALS,India,Karnataka,Karnataka (Deccan Plateau),Dharwad,15.4589,75.0078,Maize,Maize,Kharif,2023,Syngenta Isabion,Syngenta Isabion,Biostimulant,1,Syngenta Isabion,2.0,0,1,0.64,0.64,7.03,236.1,18.5,238.0,26.7,9.1,0.84,0.77,25.2,2,859.7,1638.0,75.4,8.7,18.5,0.65,20.66,20.66,20.02,20.66,0.64,3.2,0.64,1144.0,IND_FIELD_1044,RCBD - 4 Replications,4,ICAR AICRP & Syngenta Multi-Locational Trials,https://icar.org.in
TR-2025-MA-01045,EXP-2025-MA-TUR-0523,ICAR_SYNGENTA_TRIALS,India,Maharashtra,Maharashtra & Vidarbha (Deccan),Nagpur,21.1458,79.0882,Tur / Pigeon Pea (Arhar),Tur / Pigeon Pea (Arhar),Kharif,2025,Control (Untreated Check),Untreated Check,Untreated Check,0,Untreated,0.0,1,0,0.47,0.47,7.09,168.7,16.3,326.7,34.8,13.0,0.92,0.47,29.1,1,827.1,1891.5,70.9,8.8,16.1,0.686,7.29,7.29,7.29,7.29,0.0,0.0,0.0,0.0,IND_FIELD_1045,RCBD - 4 Replications,4,ICAR AICRP & Syngenta Multi-Locational Trials,https://icar.org.in
TR-2025-MA-01046,EXP-2025-MA-TUR-0523,ICAR_SYNGENTA_TRIALS,India,Maharashtra,Maharashtra & Vidarbha (Deccan),Nagpur,21.1458,79.0882,Tur / Pigeon Pea (Arhar),Tur / Pigeon Pea (Arhar),Kharif,2025,Syngenta Quantis,Syngenta Quantis,Biostimulant,1,Syngenta Quantis,2.0,0,1,0.47,0.47,7.09,168.7,16.3,326.7,34.8,13.0,0.92,0.47,29.1,1,827.1,1891.5,70.9,8.8,16.1,0.686,7.94,7.94,7.29,7.94,0.65,8.92,0.65,1190.0,IND_FIELD_1046,RCBD - 4 Replications,4,ICAR AICRP & Syngenta Multi-Locational Trials,https://icar.org.in
TR-2022-TA-01047,EXP-2022-TA-MUS-0524,ICAR_SYNGENTA_TRIALS,India,Tamil Nadu,Tamil Nadu & Cauvery Delta,Coimbatore,11.0168,76.9558,Mustard / Rapeseed,Mustard / Rapeseed,Rabi,2022,Control (Untreated Check),Untreated Check,Untreated Check,0,Untreated,0.0,1,0,0.34,0.34,8.04,215.0,22.6,264.0,24.4,15.9,0.7,0.5,24.8,2,100.7,1612.0,91.3,13.1,18.5,0.741,5.74,5.74,5.74,5.74,0.0,0.0,0.0,0.0,IND_FIELD_1047,RCBD - 4 Replications,4,ICAR AICRP & Syngenta Multi-Locational Trials,https://icar.org.in
TR-2022-TA-01048,EXP-2022-TA-MUS-0524,ICAR_SYNGENTA_TRIALS,India,Tamil Nadu,Tamil Nadu & Cauvery Delta,Coimbatore,11.0168,76.9558,Mustard / Rapeseed,Mustard / Rapeseed,Rabi,2022,Syngenta Quantis,Syngenta Quantis,Biostimulant,1,Syngenta Quantis,1.5,0,1,0.34,0.34,8.04,215.0,22.6,264.0,24.4,15.9,0.7,0.5,24.8,2,100.7,1612.0,91.3,13.1,18.5,0.741,7.36,7.36,5.74,7.36,1.62,28.22,1.62,6102.0,IND_FIELD_1048,RCBD - 4 Replications,4,ICAR AICRP & Syngenta Multi-Locational Trials,https://icar.org.in
TR-2021-TE-01049,EXP-2021-TE-TOM-0525,ICAR_SYNGENTA_TRIALS,India,Telangana,Telangana & Andhra (Krishna Basin),Warangal,17.9689,79.5941,Tomato,Tomato,Annual,2021,Control (Untreated Check),Untreated Check,Untreated Check,0,Untreated,0.0,1,0,0.45,0.45,7.15,160.0,21.4,245.7,32.7,12.1,0.63,0.45,29.2,2,175.2,1898.0,79.1,11.7,18.6,0.712,167.44,167.44,167.44,167.44,0.0,0.0,0.0,0.0,IND_FIELD_1049,RCBD - 4 Replications,4,ICAR AICRP & Syngenta Multi-Locational Trials,https://icar.org.in
TR-2021-TE-01050,EXP-2021-TE-TOM-0525,ICAR_SYNGENTA_TRIALS,India,Telangana,Telangana & Andhra (Krishna Basin),Warangal,17.9689,79.5941,Tomato,Tomato,Annual,2021,Syngenta Isabion,Syngenta Isabion,Biostimulant,1,Syngenta Isabion,2.5,0,1,0.45,0.45,7.15,160.0,21.4,245.7,32.7,12.1,0.63,0.45,29.2,2,175.2,1898.0,79.1,11.7,18.6,0.712,189.88,189.88,167.44,189.88,22.44,13.4,22.44,100974.0,IND_FIELD_1050,RCBD - 4 Replications,4,ICAR AICRP & Syngenta Multi-Locational Trials,https://icar.org.in
TR-2023-MA-01051,EXP-2023-MA-MAI-0526,ICAR_SYNGENTA_TRIALS,India,Madhya Pradesh,Madhya Pradesh & Central Belt,Bhopal,23.2599,77.4126,Maize,Maize,Kharif,2023,Control (Untreated Check),Untreated Check,Untreated Check,0,Untreated,0.0,1,0,0.51,0.51,7.33,206.0,32.9,237.0,26.8,11.8,1.35,0.77,33.0,3,646.9,2145.0,77.8,10.0,18.4,0.662,24.45,24.45,24.45,24.45,0.0,0.0,0.0,0.0,IND_FIELD_1051,RCBD - 4 Replications,4,ICAR AICRP & Syngenta Multi-Locational Trials,https://icar.org.in
TR-2023-MA-01052,EXP-2023-MA-MAI-0526,ICAR_SYNGENTA_TRIALS,India,Madhya Pradesh,Madhya Pradesh & Central Belt,Bhopal,23.2599,77.4126,Maize,Maize,Kharif,2023,Syngenta Isabion,Syngenta Isabion,Biostimulant,1,Syngenta Isabion,2.0,0,1,0.51,0.51,7.33,206.0,32.9,237.0,26.8,11.8,1.35,0.77,33.0,3,646.9,2145.0,77.8,10.0,18.4,0.662,27.22,27.22,24.45,27.22,2.77,11.33,2.77,10942.0,IND_FIELD_1052,RCBD - 4 Replications,4,ICAR AICRP & Syngenta Multi-Locational Trials,https://icar.org.in
TR-2022-KA-01053,EXP-2022-KA-COT-0527,ICAR_SYNGENTA_TRIALS,India,Karnataka,Karnataka (Deccan Plateau),Dharwad,15.4589,75.0078,Cotton,Cotton,Kharif,2022,Control (Untreated Check),Untreated Check,Untreated Check,0,Untreated,0.0,1,0,0.65,0.65,6.82,309.7,19.7,319.8,37.9,14.3,0.92,0.43,27.6,6,608.2,1794.0,83.8,10.0,15.1,0.735,10.51,10.51,10.51,10.51,0.0,0.0,0.0,0.0,IND_FIELD_1053,RCBD - 4 Replications,4,ICAR AICRP & Syngenta Multi-Locational Trials,https://icar.org.in
TR-2022-KA-01054,EXP-2022-KA-COT-0527,ICAR_SYNGENTA_TRIALS,India,Karnataka,Karnataka (Deccan Plateau),Dharwad,15.4589,75.0078,Cotton,Cotton,Kharif,2022,Syngenta Isabion,Syngenta Isabion,Biostimulant,1,Syngenta Isabion,1.5,0,1,0.65,0.65,6.82,309.7,19.7,319.8,37.9,14.3,0.92,0.43,27.6,6,608.2,1794.0,83.8,10.0,15.1,0.735,11.44,11.44,10.51,11.44,0.93,8.85,0.93,2928.0,IND_FIELD_1054,RCBD - 4 Replications,4,ICAR AICRP & Syngenta Multi-Locational Trials,https://icar.org.in
TR-2024-MA-01055,EXP-2024-MA-WHE-0528,ICAR_SYNGENTA_TRIALS,India,Maharashtra,Maharashtra & Vidarbha (Deccan),Nagpur,21.1458,79.0882,Wheat,Wheat,Rabi,2024,Control (Untreated Check),Untreated Check,Untreated Check,0,Untreated,0.0,1,0,0.42,0.42,7.21,222.9,18.5,323.2,29.4,11.0,0.72,0.58,27.7,7,204.6,1800.5,45.3,2.5,17.7,0.724,14.71,14.71,14.71,14.71,0.0,0.0,0.0,0.0,IND_FIELD_1055,RCBD - 4 Replications,4,ICAR AICRP & Syngenta Multi-Locational Trials,https://icar.org.in
TR-2024-MA-01056,EXP-2024-MA-WHE-0528,ICAR_SYNGENTA_TRIALS,India,Maharashtra,Maharashtra & Vidarbha (Deccan),Nagpur,21.1458,79.0882,Wheat,Wheat,Rabi,2024,Syngenta Quantis,Syngenta Quantis,Biostimulant,1,Syngenta Quantis,1.5,0,1,0.42,0.42,7.21,222.9,18.5,323.2,29.4,11.0,0.72,0.58,27.7,7,204.6,1800.5,45.3,2.5,17.7,0.724,17.81,17.81,14.71,17.81,3.1,21.07,3.1,12910.0,IND_FIELD_1056,RCBD - 4 Replications,4,ICAR AICRP & Syngenta Multi-Locational Trials,https://icar.org.in
TR-2022-TA-01057,EXP-2022-TA-MAI-0529,ICAR_SYNGENTA_TRIALS,India,Tamil Nadu,Tamil Nadu & Cauvery Delta,Coimbatore,11.0168,76.9558,Maize,Maize,Kharif,2022,Control (Untreated Check),Untreated Check,Untreated Check,0,Untreated,0.0,1,0,0.68,0.68,7.32,257.0,20.1,302.7,43.4,15.1,1.0,0.4,30.7,4,611.9,1995.5,69.5,12.3,21.1,0.735,23.73,23.73,23.73,23.73,0.0,0.0,0.0,0.0,IND_FIELD_1057,RCBD - 4 Replications,4,ICAR AICRP & Syngenta Multi-Locational Trials,https://icar.org.in
TR-2022-TA-01058,EXP-2022-TA-MAI-0529,ICAR_SYNGENTA_TRIALS,India,Tamil Nadu,Tamil Nadu & Cauvery Delta,Coimbatore,11.0168,76.9558,Maize,Maize,Kharif,2022,Syngenta Isabion,Syngenta Isabion,Biostimulant,1,Syngenta Isabion,2.0,0,1,0.68,0.68,7.32,257.0,20.1,302.7,43.4,15.1,1.0,0.4,30.7,4,611.9,1995.5,69.5,12.3,21.1,0.735,28.46,28.46,23.73,28.46,4.73,19.93,4.73,19958.0,IND_FIELD_1058,RCBD - 4 Replications,4,ICAR AICRP & Syngenta Multi-Locational Trials,https://icar.org.in
TR-2023-KA-01059,EXP-2023-KA-MAI-0530,ICAR_SYNGENTA_TRIALS,India,Karnataka,Karnataka (Deccan Plateau),Dharwad,15.4589,75.0078,Maize,Maize,Kharif,2023,Control (Untreated Check),Untreated Check,Untreated Check,0,Untreated,0.0,1,0,0.58,0.58,6.66,265.4,16.1,231.8,28.7,11.3,0.68,0.68,23.5,2,697.5,1527.5,64.7,12.9,14.2,0.754,24.24,24.24,24.24,24.24,0.0,0.0,0.0,0.0,IND_FIELD_1059,RCBD - 4 Replications,4,ICAR AICRP & Syngenta Multi-Locational Trials,https://icar.org.in
TR-2023-KA-01060,EXP-2023-KA-MAI-0530,ICAR_SYNGENTA_TRIALS,India,Karnataka,Karnataka (Deccan Plateau),Dharwad,15.4589,75.0078,Maize,Maize,Kharif,2023,Syngenta Isabion,Syngenta Isabion,Biostimulant,1,Syngenta Isabion,2.0,0,1,0.58,0.58,6.66,265.4,16.1,231.8,28.7,11.3,0.68,0.68,23.5,2,697.5,1527.5,64.7,12.9,14.2,0.754,25.81,25.81,24.24,25.81,1.57,6.48,1.57,5422.0,IND_FIELD_1060,RCBD - 4 Replications,4,ICAR AICRP & Syngenta Multi-Locational Trials,https://icar.org.in
TR-2025-MA-01061,EXP-2025-MA-CHI-0531,ICAR_SYNGENTA_TRIALS,India,Madhya Pradesh,Madhya Pradesh & Central Belt,Bhopal,23.2599,77.4126,Chickpea (Gram / Chana),Chickpea (Gram / Chana),Rabi,2025,Control (Untreated Check),Untreated Check,Untreated Check,0,Untreated,0.0,1,0,0.46,0.46,7.35,228.1,31.8,261.0,32.9,13.9,0.83,0.54,28.2,0,216.1,1833.0,59.0,8.9,21.9,0.644,7.35,7.35,7.35,7.35,0.0,0.0,0.0,0.0,IND_FIELD_1061,RCBD - 4 Replications,4,ICAR AICRP & Syngenta Multi-Locational Trials,https://icar.org.in
TR-2025-MA-01062,EXP-2025-MA-CHI-0531,ICAR_SYNGENTA_TRIALS,India,Madhya Pradesh,Madhya Pradesh & Central Belt,Bhopal,23.2599,77.4126,Chickpea (Gram / Chana),Chickpea (Gram / Chana),Rabi,2025,Syngenta Isabion,Syngenta Isabion,Biostimulant,1,Syngenta Isabion,1.5,0,1,0.46,0.46,7.35,228.1,31.8,261.0,32.9,13.9,0.83,0.54,28.2,0,216.1,1833.0,59.0,8.9,21.9,0.644,7.82,7.82,7.35,7.82,0.47,6.39,0.47,812.0,IND_FIELD_1062,RCBD - 4 Replications,4,ICAR AICRP & Syngenta Multi-Locational Trials,https://icar.org.in
TR-2025-TA-01063,EXP-2025-TA-MUS-0532,ICAR_SYNGENTA_TRIALS,India,Tamil Nadu,Tamil Nadu & Cauvery Delta,Coimbatore,11.0168,76.9558,Mustard / Rapeseed,Mustard / Rapeseed,Rabi,2025,Control (Untreated Check),Untreated Check,Untreated Check,0,Untreated,0.0,1,0,0.5,0.5,8.04,206.4,23.9,238.3,32.7,6.9,1.03,0.76,26.4,2,162.3,1716.0,59.9,7.4,19.1,0.565,7.18,7.18,7.18,7.18,0.0,0.0,0.0,0.0,IND_FIELD_1063,RCBD - 4 Replications,4,ICAR AICRP & Syngenta Multi-Locational Trials,https://icar.org.in
TR-2025-TA-01064,EXP-2025-TA-MUS-0532,ICAR_SYNGENTA_TRIALS,India,Tamil Nadu,Tamil Nadu & Cauvery Delta,Coimbatore,11.0168,76.9558,Mustard / Rapeseed,Mustard / Rapeseed,Rabi,2025,Syngenta Quantis,Syngenta Quantis,Biostimulant,1,Syngenta Quantis,1.5,0,1,0.5,0.5,8.04,206.4,23.9,238.3,32.7,6.9,1.03,0.76,26.4,2,162.3,1716.0,59.9,7.4,19.1,0.565,7.95,7.95,7.18,7.95,0.77,10.72,0.77,2192.0,IND_FIELD_1064,RCBD - 4 Replications,4,ICAR AICRP & Syngenta Multi-Locational Trials,https://icar.org.in
TR-2021-KA-01065,EXP-2021-KA-COT-0533,ICAR_SYNGENTA_TRIALS,India,Karnataka,Karnataka (Deccan Plateau),Dharwad,15.4589,75.0078,Cotton,Cotton,Kharif,2021,Control (Untreated Check),Untreated Check,Untreated Check,0,Untreated,0.0,1,0,0.54,0.54,7.22,246.8,32.0,257.4,30.2,10.9,0.77,0.34,22.1,2,614.4,1436.5,79.1,14.0,20.2,0.571,12.49,12.49,12.49,12.49,0.0,0.0,0.0,0.0,IND_FIELD_1065,RCBD - 4 Replications,4,ICAR AICRP & Syngenta Multi-Locational Trials,https://icar.org.in
TR-2021-KA-01066,EXP-2021-KA-COT-0533,ICAR_SYNGENTA_TRIALS,India,Karnataka,Karnataka (Deccan Plateau),Dharwad,15.4589,75.0078,Cotton,Cotton,Kharif,2021,Syngenta Isabion,Syngenta Isabion,Biostimulant,1,Syngenta Isabion,1.5,0,1,0.54,0.54,7.22,246.8,32.0,257.4,30.2,10.9,0.77,0.34,22.1,2,614.4,1436.5,79.1,14.0,20.2,0.571,14.44,14.44,12.49,14.44,1.95,15.61,1.95,7620.0,IND_FIELD_1066,RCBD - 4 Replications,4,ICAR AICRP & Syngenta Multi-Locational Trials,https://icar.org.in
TR-2024-TE-01067,EXP-2024-TE-WHE-0534,ICAR_SYNGENTA_TRIALS,India,Telangana,Telangana & Andhra (Krishna Basin),Warangal,17.9689,79.5941,Wheat,Wheat,Rabi,2024,Control (Untreated Check),Untreated Check,Untreated Check,0,Untreated,0.0,1,0,0.51,0.51,7.2,181.8,21.0,324.0,28.6,16.3,0.91,0.6,25.9,5,278.2,1683.5,85.7,2.9,25.0,0.729,15.77,15.77,15.77,15.77,0.0,0.0,0.0,0.0,IND_FIELD_1067,RCBD - 4 Replications,4,ICAR AICRP & Syngenta Multi-Locational Trials,https://icar.org.in
TR-2024-TE-01068,EXP-2024-TE-WHE-0534,ICAR_SYNGENTA_TRIALS,India,Telangana,Telangana & Andhra (Krishna Basin),Warangal,17.9689,79.5941,Wheat,Wheat,Rabi,2024,Syngenta Quantis,Syngenta Quantis,Biostimulant,1,Syngenta Quantis,1.5,0,1,0.51,0.51,7.2,181.8,21.0,324.0,28.6,16.3,0.91,0.6,25.9,5,278.2,1683.5,85.7,2.9,25.0,0.729,18.25,18.25,15.77,18.25,2.48,15.73,2.48,10058.0,IND_FIELD_1068,RCBD - 4 Replications,4,ICAR AICRP & Syngenta Multi-Locational Trials,https://icar.org.in
TR-2025-GU-01069,EXP-2025-GU-ONI-0535,ICAR_SYNGENTA_TRIALS,India,Gujarat,Gujarat & Saurashtra Plain,Rajkot,22.3039,70.8022,Onion,Onion,Rabi,2025,Control (Untreated Check),Untreated Check,Untreated Check,0,Untreated,0.0,1,0,0.66,0.66,8.49,290.4,9.9,368.6,22.3,10.2,0.78,0.51,29.6,4,178.2,1924.0,69.1,11.0,22.0,0.738,123.97,123.97,123.97,123.97,0.0,0.0,0.0,0.0,IND_FIELD_1069,RCBD - 4 Replications,4,ICAR AICRP & Syngenta Multi-Locational Trials,https://icar.org.in
TR-2025-GU-01070,EXP-2025-GU-ONI-0535,ICAR_SYNGENTA_TRIALS,India,Gujarat,Gujarat & Saurashtra Plain,Rajkot,22.3039,70.8022,Onion,Onion,Rabi,2025,Syngenta Quantis,Syngenta Quantis,Biostimulant,1,Syngenta Quantis,2.0,0,1,0.66,0.66,8.49,290.4,9.9,368.6,22.3,10.2,0.78,0.51,29.6,4,178.2,1924.0,69.1,11.0,22.0,0.738,144.11,144.11,123.97,144.11,20.14,16.25,20.14,90844.0,IND_FIELD_1070,RCBD - 4 Replications,4,ICAR AICRP & Syngenta Multi-Locational Trials,https://icar.org.in
TR-2022-GU-01071,EXP-2022-GU-CHI-0536,ICAR_SYNGENTA_TRIALS,India,Gujarat,Gujarat & Saurashtra Plain,Rajkot,22.3039,70.8022,Chickpea (Gram / Chana),Chickpea (Gram / Chana),Rabi,2022,Control (Untreated Check),Untreated Check,Untreated Check,0,Untreated,0.0,1,0,0.49,0.49,7.14,210.5,20.2,307.2,33.1,13.6,1.19,0.44,31.3,2,264.3,2034.5,73.8,6.8,18.4,0.628,7.94,7.94,7.94,7.94,0.0,0.0,0.0,0.0,IND_FIELD_1071,RCBD - 4 Replications,4,ICAR AICRP & Syngenta Multi-Locational Trials,https://icar.org.in
TR-2022-GU-01072,EXP-2022-GU-CHI-0536,ICAR_SYNGENTA_TRIALS,India,Gujarat,Gujarat & Saurashtra Plain,Rajkot,22.3039,70.8022,Chickpea (Gram / Chana),Chickpea (Gram / Chana),Rabi,2022,Syngenta Isabion,Syngenta Isabion,Biostimulant,1,Syngenta Isabion,1.5,0,1,0.49,0.49,7.14,210.5,20.2,307.2,33.1,13.6,1.19,0.44,31.3,2,264.3,2034.5,73.8,6.8,18.4,0.628,9.04,9.04,7.94,9.04,1.1,13.85,1.1,3710.0,IND_FIELD_1072,RCBD - 4 Replications,4,ICAR AICRP & Syngenta Multi-Locational Trials,https://icar.org.in
TR-2024-TA-01073,EXP-2024-TA-GRO-0537,ICAR_SYNGENTA_TRIALS,India,Tamil Nadu,Tamil Nadu & Cauvery Delta,Coimbatore,11.0168,76.9558,Groundnut (Peanut),Groundnut (Peanut),Kharif,2024,Control (Untreated Check),Untreated Check,Untreated Check,0,Untreated,0.0,1,0,0.45,0.45,7.62,204.6,22.7,283.0,28.6,17.8,0.48,0.62,26.8,5,702.8,1742.0,62.7,6.1,16.9,0.622,10.23,10.23,10.23,10.23,0.0,0.0,0.0,0.0,IND_FIELD_1073,RCBD - 4 Replications,4,ICAR AICRP & Syngenta Multi-Locational Trials,https://icar.org.in
TR-2024-TA-01074,EXP-2024-TA-GRO-0537,ICAR_SYNGENTA_TRIALS,India,Tamil Nadu,Tamil Nadu & Cauvery Delta,Coimbatore,11.0168,76.9558,Groundnut (Peanut),Groundnut (Peanut),Kharif,2024,Syngenta Isabion,Syngenta Isabion,Biostimulant,1,Syngenta Isabion,1.5,0,1,0.45,0.45,7.62,204.6,22.7,283.0,28.6,17.8,0.48,0.62,26.8,5,702.8,1742.0,62.7,6.1,16.9,0.622,11.51,11.51,10.23,11.51,1.28,12.51,1.28,4538.0,IND_FIELD_1074,RCBD - 4 Replications,4,ICAR AICRP & Syngenta Multi-Locational Trials,https://icar.org.in
TR-2023-UT-01075,EXP-2023-UT-CHI-0538,ICAR_SYNGENTA_TRIALS,India,Uttar Pradesh,Indo-Gangetic Plain (Central),Varanasi,25.3176,82.9739,Chickpea (Gram / Chana),Chickpea (Gram / Chana),Rabi,2023,Control (Untreated Check),Untreated Check,Untreated Check,0,Untreated,0.0,1,0,0.59,0.59,7.28,220.4,35.5,156.4,20.6,18.5,0.89,0.48,25.1,4,146.4,1631.5,72.0,8.3,18.9,0.572,6.92,6.92,6.92,6.92,0.0,0.0,0.0,0.0,IND_FIELD_1075,RCBD - 4 Replications,4,ICAR AICRP & Syngenta Multi-Locational Trials,https://icar.org.in
TR-2023-UT-01076,EXP-2023-UT-CHI-0538,ICAR_SYNGENTA_TRIALS,India,Uttar Pradesh,Indo-Gangetic Plain (Central),Varanasi,25.3176,82.9739,Chickpea (Gram / Chana),Chickpea (Gram / Chana),Rabi,2023,Syngenta Isabion,Syngenta Isabion,Biostimulant,1,Syngenta Isabion,1.5,0,1,0.59,0.59,7.28,220.4,35.5,156.4,20.6,18.5,0.89,0.48,25.1,4,146.4,1631.5,72.0,8.3,18.9,0.572,7.31,7.31,6.92,7.31,0.39,5.64,0.39,444.0,IND_FIELD_1076,RCBD - 4 Replications,4,ICAR AICRP & Syngenta Multi-Locational Trials,https://icar.org.in
TR-2023-KA-01077,EXP-2023-KA-SOY-0539,ICAR_SYNGENTA_TRIALS,India,Karnataka,Karnataka (Deccan Plateau),Dharwad,15.4589,75.0078,Soybean,Soybean,Kharif,2023,Control (Untreated Check),Untreated Check,Untreated Check,0,Untreated,0.0,1,0,0.58,0.58,6.49,190.6,22.9,264.0,37.4,10.7,0.74,0.44,27.8,2,725.1,1807.0,69.4,11.4,16.2,0.679,11.58,11.58,11.58,11.58,0.0,0.0,0.0,0.0,IND_FIELD_1077,RCBD - 4 Replications,4,ICAR AICRP & Syngenta Multi-Locational Trials,https://icar.org.in
TR-2023-KA-01078,EXP-2023-KA-SOY-0539,ICAR_SYNGENTA_TRIALS,India,Karnataka,Karnataka (Deccan Plateau),Dharwad,15.4589,75.0078,Soybean,Soybean,Kharif,2023,Syngenta Quantis,Syngenta Quantis,Biostimulant,1,Syngenta Quantis,2.0,0,1,0.58,0.58,6.49,190.6,22.9,264.0,37.4,10.7,0.74,0.44,27.8,2,725.1,1807.0,69.4,11.4,16.2,0.679,13.18,13.18,11.58,13.18,1.6,13.82,1.6,5560.0,IND_FIELD_1078,RCBD - 4 Replications,4,ICAR AICRP & Syngenta Multi-Locational Trials,https://icar.org.in
TR-2023-GU-01079,EXP-2023-GU-GRO-0540,ICAR_SYNGENTA_TRIALS,India,Gujarat,Gujarat & Saurashtra Plain,Rajkot,22.3039,70.8022,Groundnut (Peanut),Groundnut (Peanut),Kharif,2023,Control (Untreated Check),Untreated Check,Untreated Check,0,Untreated,0.0,1,0,0.33,0.33,8.08,188.3,14.5,369.1,33.7,12.1,0.82,0.48,29.0,4,606.2,1885.0,53.6,4.1,21.3,0.618,9.77,9.77,9.77,9.77,0.0,0.0,0.0,0.0,IND_FIELD_1079,RCBD - 4 Replications,4,ICAR AICRP & Syngenta Multi-Locational Trials,https://icar.org.in
TR-2023-GU-01080,EXP-2023-GU-GRO-0540,ICAR_SYNGENTA_TRIALS,India,Gujarat,Gujarat & Saurashtra Plain,Rajkot,22.3039,70.8022,Groundnut (Peanut),Groundnut (Peanut),Kharif,2023,Syngenta Isabion,Syngenta Isabion,Biostimulant,1,Syngenta Isabion,1.5,0,1,0.33,0.33,8.08,188.3,14.5,369.1,33.7,12.1,0.82,0.48,29.0,4,606.2,1885.0,53.6,4.1,21.3,0.618,10.55,10.55,9.77,10.55,0.78,7.98,0.78,2238.0,IND_FIELD_1080,RCBD - 4 Replications,4,ICAR AICRP & Syngenta Multi-Locational Trials,https://icar.org.in
TR-2024-GU-01081,EXP-2024-GU-WHE-0541,ICAR_SYNGENTA_TRIALS,India,Gujarat,Gujarat & Saurashtra Plain,Rajkot,22.3039,70.8022,Wheat,Wheat,Rabi,2024,Control (Untreated Check),Untreated Check,Untreated Check,0,Untreated,0.0,1,0,0.56,0.56,7.77,139.7,10.1,359.8,32.8,15.9,0.96,0.66,26.2,3,30.0,1703.0,69.7,10.8,17.1,0.7,13.47,13.47,13.47,13.47,0.0,0.0,0.0,0.0,IND_FIELD_1081,RCBD - 4 Replications,4,ICAR AICRP & Syngenta Multi-Locational Trials,https://icar.org.in
TR-2024-GU-01082,EXP-2024-GU-WHE-0541,ICAR_SYNGENTA_TRIALS,India,Gujarat,Gujarat & Saurashtra Plain,Rajkot,22.3039,70.8022,Wheat,Wheat,Rabi,2024,Syngenta Quantis,Syngenta Quantis,Biostimulant,1,Syngenta Quantis,1.5,0,1,0.56,0.56,7.77,139.7,10.1,359.8,32.8,15.9,0.96,0.66,26.2,3,30.0,1703.0,69.7,10.8,17.1,0.7,15.79,15.79,13.47,15.79,2.32,17.22,2.32,9322.0,IND_FIELD_1082,RCBD - 4 Replications,4,ICAR AICRP & Syngenta Multi-Locational Trials,https://icar.org.in
TR-2025-MA-01083,EXP-2025-MA-TUR-0542,ICAR_SYNGENTA_TRIALS,India,Maharashtra,Maharashtra & Vidarbha (Deccan),Nagpur,21.1458,79.0882,Tur / Pigeon Pea (Arhar),Tur / Pigeon Pea (Arhar),Kharif,2025,Control (Untreated Check),Untreated Check,Untreated Check,0,Untreated,0.0,1,0,0.43,0.43,7.02,239.2,14.1,348.1,22.1,12.3,0.92,0.42,25.4,3,692.5,1651.0,62.3,11.2,16.2,0.637,8.15,8.15,8.15,8.15,0.0,0.0,0.0,0.0,IND_FIELD_1083,RCBD - 4 Replications,4,ICAR AICRP & Syngenta Multi-Locational Trials,https://icar.org.in
TR-2025-MA-01084,EXP-2025-MA-TUR-0542,ICAR_SYNGENTA_TRIALS,India,Maharashtra,Maharashtra & Vidarbha (Deccan),Nagpur,21.1458,79.0882,Tur / Pigeon Pea (Arhar),Tur / Pigeon Pea (Arhar),Kharif,2025,Syngenta Quantis,Syngenta Quantis,Biostimulant,1,Syngenta Quantis,2.0,0,1,0.43,0.43,7.02,239.2,14.1,348.1,22.1,12.3,0.92,0.42,25.4,3,692.5,1651.0,62.3,11.2,16.2,0.637,8.66,8.66,8.15,8.66,0.51,6.26,0.51,546.0,IND_FIELD_1084,RCBD - 4 Replications,4,ICAR AICRP & Syngenta Multi-Locational Trials,https://icar.org.in
TR-2023-KA-01085,EXP-2023-KA-SUG-0543,ICAR_SYNGENTA_TRIALS,India,Karnataka,Karnataka (Deccan Plateau),Dharwad,15.4589,75.0078,Sugarcane,Sugarcane,Annual,2023,Control (Untreated Check),Untreated Check,Untreated Check,0,Untreated,0.0,1,0,0.58,0.58,6.99,170.8,30.7,375.8,40.7,18.8,0.77,0.58,30.0,1,49.9,1950.0,64.0,11.9,14.1,0.747,284.39,284.39,284.39,284.39,0.0,0.0,0.0,0.0,IND_FIELD_1085,RCBD - 4 Replications,4,ICAR AICRP & Syngenta Multi-Locational Trials,https://icar.org.in
TR-2023-KA-01086,EXP-2023-KA-SUG-0543,ICAR_SYNGENTA_TRIALS,India,Karnataka,Karnataka (Deccan Plateau),Dharwad,15.4589,75.0078,Sugarcane,Sugarcane,Annual,2023,Syngenta CropBio+,Syngenta CropBio+,Biostimulant,1,Syngenta CropBio+,3.0,0,1,0.58,0.58,6.99,170.8,30.7,375.8,40.7,18.8,0.77,0.58,30.0,1,49.9,1950.0,64.0,11.9,14.1,0.747,308.99,308.99,284.39,308.99,24.6,8.65,24.6,110460.0,IND_FIELD_1086,RCBD - 4 Replications,4,ICAR AICRP & Syngenta Multi-Locational Trials,https://icar.org.in
TR-2024-MA-01087,EXP-2024-MA-ONI-0544,ICAR_SYNGENTA_TRIALS,India,Madhya Pradesh,Madhya Pradesh & Central Belt,Bhopal,23.2599,77.4126,Onion,Onion,Rabi,2024,Control (Untreated Check),Untreated Check,Untreated Check,0,Untreated,0.0,1,0,0.55,0.55,7.95,280.7,23.3,358.4,47.3,12.1,0.67,0.48,24.5,1,209.1,1592.5,51.9,13.0,16.8,0.775,109.1,109.1,109.1,109.1,0.0,0.0,0.0,0.0,IND_FIELD_1087,RCBD - 4 Replications,4,ICAR AICRP & Syngenta Multi-Locational Trials,https://icar.org.in
TR-2024-MA-01088,EXP-2024-MA-ONI-0544,ICAR_SYNGENTA_TRIALS,India,Madhya Pradesh,Madhya Pradesh & Central Belt,Bhopal,23.2599,77.4126,Onion,Onion,Rabi,2024,Syngenta Quantis,Syngenta Quantis,Biostimulant,1,Syngenta Quantis,2.0,0,1,0.55,0.55,7.95,280.7,23.3,358.4,47.3,12.1,0.67,0.48,24.5,1,209.1,1592.5,51.9,13.0,16.8,0.775,115.95,115.95,109.1,115.95,6.85,6.28,6.85,29710.0,IND_FIELD_1088,RCBD - 4 Replications,4,ICAR AICRP & Syngenta Multi-Locational Trials,https://icar.org.in
TR-2022-TA-01089,EXP-2022-TA-RIC-0545,ICAR_SYNGENTA_TRIALS,India,Tamil Nadu,Tamil Nadu & Cauvery Delta,Coimbatore,11.0168,76.9558,Rice (Paddy),Rice (Paddy),Kharif,2022,Control (Untreated Check),Untreated Check,Untreated Check,0,Untreated,0.0,1,0,0.61,0.61,6.99,182.1,11.9,250.6,32.6,11.8,1.15,0.6,28.4,5,638.7,1846.0,69.8,9.2,19.3,0.645,21.33,21.33,21.33,21.33,0.0,0.0,0.0,0.0,IND_FIELD_1089,RCBD - 4 Replications,4,ICAR AICRP & Syngenta Multi-Locational Trials,https://icar.org.in
TR-2022-TA-01090,EXP-2022-TA-RIC-0545,ICAR_SYNGENTA_TRIALS,India,Tamil Nadu,Tamil Nadu & Cauvery Delta,Coimbatore,11.0168,76.9558,Rice (Paddy),Rice (Paddy),Kharif,2022,Syngenta Quantis,Syngenta Quantis,Biostimulant,1,Syngenta Quantis,2.0,0,1,0.61,0.61,6.99,182.1,11.9,250.6,32.6,11.8,1.15,0.6,28.4,5,638.7,1846.0,69.8,9.2,19.3,0.645,21.82,21.82,21.33,21.82,0.49,2.3,0.49,454.0,IND_FIELD_1090,RCBD - 4 Replications,4,ICAR AICRP & Syngenta Multi-Locational Trials,https://icar.org.in
TR-2022-UT-01091,EXP-2022-UT-TOM-0546,ICAR_SYNGENTA_TRIALS,India,Uttar Pradesh,Indo-Gangetic Plain (Central),Varanasi,25.3176,82.9739,Tomato,Tomato,Annual,2022,Control (Untreated Check),Untreated Check,Untreated Check,0,Untreated,0.0,1,0,0.55,0.55,7.91,144.5,25.8,165.1,25.2,10.4,0.58,0.34,34.7,4,131.8,2255.5,47.8,11.2,16.2,0.593,134.14,134.14,134.14,134.14,0.0,0.0,0.0,0.0,IND_FIELD_1091,RCBD - 4 Replications,4,ICAR AICRP & Syngenta Multi-Locational Trials,https://icar.org.in
TR-2022-UT-01092,EXP-2022-UT-TOM-0546,ICAR_SYNGENTA_TRIALS,India,Uttar Pradesh,Indo-Gangetic Plain (Central),Varanasi,25.3176,82.9739,Tomato,Tomato,Annual,2022,Syngenta Isabion,Syngenta Isabion,Biostimulant,1,Syngenta Isabion,2.5,0,1,0.55,0.55,7.91,144.5,25.8,165.1,25.2,10.4,0.58,0.34,34.7,4,131.8,2255.5,47.8,11.2,16.2,0.593,154.87,154.87,134.14,154.87,20.73,15.45,20.73,93108.0,IND_FIELD_1092,RCBD - 4 Replications,4,ICAR AICRP & Syngenta Multi-Locational Trials,https://icar.org.in
TR-2023-MA-01093,EXP-2023-MA-MUS-0547,ICAR_SYNGENTA_TRIALS,India,Maharashtra,Maharashtra & Vidarbha (Deccan),Nagpur,21.1458,79.0882,Mustard / Rapeseed,Mustard / Rapeseed,Rabi,2023,Control (Untreated Check),Untreated Check,Untreated Check,0,Untreated,0.0,1,0,0.59,0.59,7.5,208.5,16.5,285.5,23.5,13.4,0.84,0.54,28.3,1,68.4,1839.5,89.2,10.1,17.1,0.708,6.08,6.08,6.08,6.08,0.0,0.0,0.0,0.0,IND_FIELD_1093,RCBD - 4 Replications,4,ICAR AICRP & Syngenta Multi-Locational Trials,https://icar.org.in
TR-2023-MA-01094,EXP-2023-MA-MUS-0547,ICAR_SYNGENTA_TRIALS,India,Maharashtra,Maharashtra & Vidarbha (Deccan),Nagpur,21.1458,79.0882,Mustard / Rapeseed,Mustard / Rapeseed,Rabi,2023,Syngenta Quantis,Syngenta Quantis,Biostimulant,1,Syngenta Quantis,1.5,0,1,0.59,0.59,7.5,208.5,16.5,285.5,23.5,13.4,0.84,0.54,28.3,1,68.4,1839.5,89.2,10.1,17.1,0.708,6.6,6.6,6.08,6.6,0.52,8.55,0.52,1042.0,IND_FIELD_1094,RCBD - 4 Replications,4,ICAR AICRP & Syngenta Multi-Locational Trials,https://icar.org.in
TR-2024-TA-01095,EXP-2024-TA-SUG-0548,ICAR_SYNGENTA_TRIALS,India,Tamil Nadu,Tamil Nadu & Cauvery Delta,Coimbatore,11.0168,76.9558,Sugarcane,Sugarcane,Annual,2024,Control (Untreated Check),Untreated Check,Untreated Check,0,Untreated,0.0,1,0,0.56,0.56,8.8,271.4,30.2,274.8,33.7,14.1,0.74,0.64,25.8,4,219.8,1677.0,72.4,12.4,15.0,0.549,343.91,343.91,343.91,343.91,0.0,0.0,0.0,0.0,IND_FIELD_1095,RCBD - 4 Replications,4,ICAR AICRP & Syngenta Multi-Locational Trials,https://icar.org.in
TR-2024-TA-01096,EXP-2024-TA-SUG-0548,ICAR_SYNGENTA_TRIALS,India,Tamil Nadu,Tamil Nadu & Cauvery Delta,Coimbatore,11.0168,76.9558,Sugarcane,Sugarcane,Annual,2024,Syngenta CropBio+,Syngenta CropBio+,Biostimulant,1,Syngenta CropBio+,3.0,0,1,0.56,0.56,8.8,271.4,30.2,274.8,33.7,14.1,0.74,0.64,25.8,4,219.8,1677.0,72.4,12.4,15.0,0.549,401.12,401.12,343.91,401.12,57.21,16.64,57.21,260466.0,IND_FIELD_1096,RCBD - 4 Replications,4,ICAR AICRP & Syngenta Multi-Locational Trials,https://icar.org.in
TR-2024-TA-01097,EXP-2024-TA-TUR-0549,ICAR_SYNGENTA_TRIALS,India,Tamil Nadu,Tamil Nadu & Cauvery Delta,Coimbatore,11.0168,76.9558,Tur / Pigeon Pea (Arhar),Tur / Pigeon Pea (Arhar),Kharif,2024,Control (Untreated Check),Untreated Check,Untreated Check,0,Untreated,0.0,1,0,0.54,0.54,7.79,203.4,15.9,322.8,31.4,15.0,0.79,0.66,26.7,7,641.7,1735.5,72.3,9.4,18.7,0.616,7.49,7.49,7.49,7.49,0.0,0.0,0.0,0.0,IND_FIELD_1097,RCBD - 4 Replications,4,ICAR AICRP & Syngenta Multi-Locational Trials,https://icar.org.in
TR-2024-TA-01098,EXP-2024-TA-TUR-0549,ICAR_SYNGENTA_TRIALS,India,Tamil Nadu,Tamil Nadu & Cauvery Delta,Coimbatore,11.0168,76.9558,Tur / Pigeon Pea (Arhar),Tur / Pigeon Pea (Arhar),Kharif,2024,Syngenta Quantis,Syngenta Quantis,Biostimulant,1,Syngenta Quantis,2.0,0,1,0.54,0.54,7.79,203.4,15.9,322.8,31.4,15.0,0.79,0.66,26.7,7,641.7,1735.5,72.3,9.4,18.7,0.616,8.11,8.11,7.49,8.11,0.62,8.28,0.62,1052.0,IND_FIELD_1098,RCBD - 4 Replications,4,ICAR AICRP & Syngenta Multi-Locational Trials,https://icar.org.in
TR-2023-TA-01099,EXP-2023-TA-MUS-0550,ICAR_SYNGENTA_TRIALS,India,Tamil Nadu,Tamil Nadu & Cauvery Delta,Coimbatore,11.0168,76.9558,Mustard / Rapeseed,Mustard / Rapeseed,Rabi,2023,Control (Untreated Check),Untreated Check,Untreated Check,0,Untreated,0.0,1,0,0.41,0.41,7.46,254.5,25.4,317.6,29.8,10.2,0.41,0.52,32.0,3,37.6,2080.0,61.4,10.0,17.5,0.729,6.68,6.68,6.68,6.68,0.0,0.0,0.0,0.0,IND_FIELD_1099,RCBD - 4 Replications,4,ICAR AICRP & Syngenta Multi-Locational Trials,https://icar.org.in
TR-2023-TA-01100,EXP-2023-TA-MUS-0550,ICAR_SYNGENTA_TRIALS,India,Tamil Nadu,Tamil Nadu & Cauvery Delta,Coimbatore,11.0168,76.9558,Mustard / Rapeseed,Mustard / Rapeseed,Rabi,2023,Syngenta Quantis,Syngenta Quantis,Biostimulant,1,Syngenta Quantis,1.5,0,1,0.41,0.41,7.46,254.5,25.4,317.6,29.8,10.2,0.41,0.52,32.0,3,37.6,2080.0,61.4,10.0,17.5,0.729,7.45,7.45,6.68,7.45,0.77,11.53,0.77,2192.0,IND_FIELD_1100,RCBD - 4 Replications,4,ICAR AICRP & Syngenta Multi-Locational Trials,https://icar.org.in
TR-2024-GU-01101,EXP-2024-GU-MUS-0551,ICAR_SYNGENTA_TRIALS,India,Gujarat,Gujarat & Saurashtra Plain,Rajkot,22.3039,70.8022,Mustard / Rapeseed,Mustard / Rapeseed,Rabi,2024,Control (Untreated Check),Untreated Check,Untreated Check,0,Untreated,0.0,1,0,0.39,0.39,7.87,192.3,16.4,461.0,34.6,6.9,0.74,0.32,27.5,5,139.5,1787.5,54.1,10.9,23.3,0.709,6.2,6.2,6.2,6.2,0.0,0.0,0.0,0.0,IND_FIELD_1101,RCBD - 4 Replications,4,ICAR AICRP & Syngenta Multi-Locational Trials,https://icar.org.in
TR-2024-GU-01102,EXP-2024-GU-MUS-0551,ICAR_SYNGENTA_TRIALS,India,Gujarat,Gujarat & Saurashtra Plain,Rajkot,22.3039,70.8022,Mustard / Rapeseed,Mustard / Rapeseed,Rabi,2024,Syngenta Quantis,Syngenta Quantis,Biostimulant,1,Syngenta Quantis,1.5,0,1,0.39,0.39,7.87,192.3,16.4,461.0,34.6,6.9,0.74,0.32,27.5,5,139.5,1787.5,54.1,10.9,23.3,0.709,6.47,6.47,6.2,6.47,0.27,4.35,0.27,-108.0,IND_FIELD_1102,RCBD - 4 Replications,4,ICAR AICRP & Syngenta Multi-Locational Trials,https://icar.org.in
TR-2023-TA-01103,EXP-2023-TA-TOM-0552,ICAR_SYNGENTA_TRIALS,India,Tamil Nadu,Tamil Nadu & Cauvery Delta,Coimbatore,11.0168,76.9558,Tomato,Tomato,Annual,2023,Control (Untreated Check),Untreated Check,Untreated Check,0,Untreated,0.0,1,0,0.43,0.43,7.91,237.4,21.5,341.3,33.5,11.9,0.58,0.56,27.5,3,230.8,1787.5,60.0,8.9,17.2,0.609,166.37,166.37,166.37,166.37,0.0,0.0,0.0,0.0,IND_FIELD_1103,RCBD - 4 Replications,4,ICAR AICRP & Syngenta Multi-Locational Trials,https://icar.org.in
TR-2023-TA-01104,EXP-2023-TA-TOM-0552,ICAR_SYNGENTA_TRIALS,India,Tamil Nadu,Tamil Nadu & Cauvery Delta,Coimbatore,11.0168,76.9558,Tomato,Tomato,Annual,2023,Syngenta Isabion,Syngenta Isabion,Biostimulant,1,Syngenta Isabion,2.5,0,1,0.43,0.43,7.91,237.4,21.5,341.3,33.5,11.9,0.58,0.56,27.5,3,230.8,1787.5,60.0,8.9,17.2,0.609,185.57,185.57,166.37,185.57,19.2,11.54,19.2,86070.0,IND_FIELD_1104,RCBD - 4 Replications,4,ICAR AICRP & Syngenta Multi-Locational Trials,https://icar.org.in
TR-2024-MA-01105,EXP-2024-MA-WHE-0553,ICAR_SYNGENTA_TRIALS,India,Maharashtra,Maharashtra & Vidarbha (Deccan),Nagpur,21.1458,79.0882,Wheat,Wheat,Rabi,2024,Control (Untreated Check),Untreated Check,Untreated Check,0,Untreated,0.0,1,0,0.61,0.61,7.51,184.1,29.1,315.6,25.4,9.9,1.23,0.52,29.7,3,30.0,1930.5,74.7,13.5,19.2,0.773,14.28,14.28,14.28,14.28,0.0,0.0,0.0,0.0,IND_FIELD_1105,RCBD - 4 Replications,4,ICAR AICRP & Syngenta Multi-Locational Trials,https://icar.org.in
TR-2024-MA-01106,EXP-2024-MA-WHE-0553,ICAR_SYNGENTA_TRIALS,India,Maharashtra,Maharashtra & Vidarbha (Deccan),Nagpur,21.1458,79.0882,Wheat,Wheat,Rabi,2024,Syngenta Quantis,Syngenta Quantis,Biostimulant,1,Syngenta Quantis,1.5,0,1,0.61,0.61,7.51,184.1,29.1,315.6,25.4,9.9,1.23,0.52,29.7,3,30.0,1930.5,74.7,13.5,19.2,0.773,14.34,14.34,14.28,14.34,0.06,0.42,0.06,-1074.0,IND_FIELD_1106,RCBD - 4 Replications,4,ICAR AICRP & Syngenta Multi-Locational Trials,https://icar.org.in
TR-2024-GU-01107,EXP-2024-GU-RIC-0554,ICAR_SYNGENTA_TRIALS,India,Gujarat,Gujarat & Saurashtra Plain,Rajkot,22.3039,70.8022,Rice (Paddy),Rice (Paddy),Kharif,2024,Control (Untreated Check),Untreated Check,Untreated Check,0,Untreated,0.0,1,0,0.48,0.48,8.3,181.3,10.6,364.1,36.5,17.2,1.16,0.9,29.3,4,613.7,1904.5,72.7,15.4,14.7,0.803,20.42,20.42,20.42,20.42,0.0,0.0,0.0,0.0,IND_FIELD_1107,RCBD - 4 Replications,4,ICAR AICRP & Syngenta Multi-Locational Trials,https://icar.org.in
TR-2024-GU-01108,EXP-2024-GU-RIC-0554,ICAR_SYNGENTA_TRIALS,India,Gujarat,Gujarat & Saurashtra Plain,Rajkot,22.3039,70.8022,Rice (Paddy),Rice (Paddy),Kharif,2024,Syngenta Quantis,Syngenta Quantis,Biostimulant,1,Syngenta Quantis,2.0,0,1,0.48,0.48,8.3,181.3,10.6,364.1,36.5,17.2,1.16,0.9,29.3,4,613.7,1904.5,72.7,15.4,14.7,0.803,22.4,22.4,20.42,22.4,1.98,9.7,1.98,7308.0,IND_FIELD_1108,RCBD - 4 Replications,4,ICAR AICRP & Syngenta Multi-Locational Trials,https://icar.org.in
TR-2024-TA-01109,EXP-2024-TA-SUG-0555,ICAR_SYNGENTA_TRIALS,India,Tamil Nadu,Tamil Nadu & Cauvery Delta,Coimbatore,11.0168,76.9558,Sugarcane,Sugarcane,Annual,2024,Control (Untreated Check),Untreated Check,Untreated Check,0,Untreated,0.0,1,0,0.64,0.64,8.15,228.6,26.9,259.8,29.9,13.4,0.74,0.56,31.2,3,158.9,2028.0,52.2,7.0,17.4,0.754,319.43,319.43,319.43,319.43,0.0,0.0,0.0,0.0,IND_FIELD_1109,RCBD - 4 Replications,4,ICAR AICRP & Syngenta Multi-Locational Trials,https://icar.org.in
TR-2024-TA-01110,EXP-2024-TA-SUG-0555,ICAR_SYNGENTA_TRIALS,India,Tamil Nadu,Tamil Nadu & Cauvery Delta,Coimbatore,11.0168,76.9558,Sugarcane,Sugarcane,Annual,2024,Syngenta CropBio+,Syngenta CropBio+,Biostimulant,1,Syngenta CropBio+,3.0,0,1,0.64,0.64,8.15,228.6,26.9,259.8,29.9,13.4,0.74,0.56,31.2,3,158.9,2028.0,52.2,7.0,17.4,0.754,368.79,368.79,319.43,368.79,49.36,15.45,49.36,224356.0,IND_FIELD_1110,RCBD - 4 Replications,4,ICAR AICRP & Syngenta Multi-Locational Trials,https://icar.org.in
TR-2022-GU-01111,EXP-2022-GU-WHE-0556,ICAR_SYNGENTA_TRIALS,India,Gujarat,Gujarat & Saurashtra Plain,Rajkot,22.3039,70.8022,Wheat,Wheat,Rabi,2022,Control (Untreated Check),Untreated Check,Untreated Check,0,Untreated,0.0,1,0,0.48,0.48,7.43,279.1,21.6,384.1,22.9,12.4,0.65,0.57,25.7,2,83.0,1670.5,79.3,14.0,20.9,0.769,15.8,15.8,15.8,15.8,0.0,0.0,0.0,0.0,IND_FIELD_1111,RCBD - 4 Replications,4,ICAR AICRP & Syngenta Multi-Locational Trials,https://icar.org.in
TR-2022-GU-01112,EXP-2022-GU-WHE-0556,ICAR_SYNGENTA_TRIALS,India,Gujarat,Gujarat & Saurashtra Plain,Rajkot,22.3039,70.8022,Wheat,Wheat,Rabi,2022,Syngenta Quantis,Syngenta Quantis,Biostimulant,1,Syngenta Quantis,1.5,0,1,0.48,0.48,7.43,279.1,21.6,384.1,22.9,12.4,0.65,0.57,25.7,2,83.0,1670.5,79.3,14.0,20.9,0.769,16.81,16.81,15.8,16.81,1.01,6.39,1.01,3296.0,IND_FIELD_1112,RCBD - 4 Replications,4,ICAR AICRP & Syngenta Multi-Locational Trials,https://icar.org.in
TR-2024-MA-01113,EXP-2024-MA-SUG-0557,ICAR_SYNGENTA_TRIALS,India,Maharashtra,Maharashtra & Vidarbha (Deccan),Nagpur,21.1458,79.0882,Sugarcane,Sugarcane,Annual,2024,Control (Untreated Check),Untreated Check,Untreated Check,0,Untreated,0.0,1,0,0.4,0.4,8.06,217.9,17.6,391.8,34.8,11.1,0.71,0.63,31.6,5,111.3,2054.0,75.5,14.6,19.5,0.762,289.61,289.61,289.61,289.61,0.0,0.0,0.0,0.0,IND_FIELD_1113,RCBD - 4 Replications,4,ICAR AICRP & Syngenta Multi-Locational Trials,https://icar.org.in
TR-2024-MA-01114,EXP-2024-MA-SUG-0557,ICAR_SYNGENTA_TRIALS,India,Maharashtra,Maharashtra & Vidarbha (Deccan),Nagpur,21.1458,79.0882,Sugarcane,Sugarcane,Annual,2024,Syngenta CropBio+,Syngenta CropBio+,Biostimulant,1,Syngenta CropBio+,3.0,0,1,0.4,0.4,8.06,217.9,17.6,391.8,34.8,11.1,0.71,0.63,31.6,5,111.3,2054.0,75.5,14.6,19.5,0.762,338.56,338.56,289.61,338.56,48.95,16.9,48.95,222470.0,IND_FIELD_1114,RCBD - 4 Replications,4,ICAR AICRP & Syngenta Multi-Locational Trials,https://icar.org.in
TR-2022-UT-01115,EXP-2022-UT-MAI-0558,ICAR_SYNGENTA_TRIALS,India,Uttar Pradesh,Indo-Gangetic Plain (Central),Varanasi,25.3176,82.9739,Maize,Maize,Kharif,2022,Control (Untreated Check),Untreated Check,Untreated Check,0,Untreated,0.0,1,0,0.57,0.57,8.08,224.6,19.0,122.8,29.4,13.7,0.67,0.57,30.0,4,747.1,1950.0,63.2,10.9,20.4,0.629,24.29,24.29,24.29,24.29,0.0,0.0,0.0,0.0,IND_FIELD_1115,RCBD - 4 Replications,4,ICAR AICRP & Syngenta Multi-Locational Trials,https://icar.org.in
TR-2022-UT-01116,EXP-2022-UT-MAI-0558,ICAR_SYNGENTA_TRIALS,India,Uttar Pradesh,Indo-Gangetic Plain (Central),Varanasi,25.3176,82.9739,Maize,Maize,Kharif,2022,Syngenta Isabion,Syngenta Isabion,Biostimulant,1,Syngenta Isabion,2.0,0,1,0.57,0.57,8.08,224.6,19.0,122.8,29.4,13.7,0.67,0.57,30.0,4,747.1,1950.0,63.2,10.9,20.4,0.629,25.79,25.79,24.29,25.79,1.5,6.18,1.5,5100.0,IND_FIELD_1116,RCBD - 4 Replications,4,ICAR AICRP & Syngenta Multi-Locational Trials,https://icar.org.in
TR-2023-MA-01117,EXP-2023-MA-ONI-0559,ICAR_SYNGENTA_TRIALS,India,Maharashtra,Maharashtra & Vidarbha (Deccan),Nagpur,21.1458,79.0882,Onion,Onion,Rabi,2023,Control (Untreated Check),Untreated Check,Untreated Check,0,Untreated,0.0,1,0,0.33,0.33,7.43,209.1,13.0,399.9,25.5,14.6,1.11,0.56,27.4,0,304.0,1781.0,77.7,11.0,17.3,0.732,113.34,113.34,113.34,113.34,0.0,0.0,0.0,0.0,IND_FIELD_1117,RCBD - 4 Replications,4,ICAR AICRP & Syngenta Multi-Locational Trials,https://icar.org.in
TR-2023-MA-01118,EXP-2023-MA-ONI-0559,ICAR_SYNGENTA_TRIALS,India,Maharashtra,Maharashtra & Vidarbha (Deccan),Nagpur,21.1458,79.0882,Onion,Onion,Rabi,2023,Syngenta Quantis,Syngenta Quantis,Biostimulant,1,Syngenta Quantis,2.0,0,1,0.33,0.33,7.43,209.1,13.0,399.9,25.5,14.6,1.11,0.56,27.4,0,304.0,1781.0,77.7,11.0,17.3,0.732,119.76,119.76,113.34,119.76,6.42,5.66,6.42,27732.0,IND_FIELD_1118,RCBD - 4 Replications,4,ICAR AICRP & Syngenta Multi-Locational Trials,https://icar.org.in
TR-2021-PU-01119,EXP-2021-PU-WHE-0560,ICAR_SYNGENTA_TRIALS,India,Punjab,Punjab & Haryana (Indo-Gangetic),Ludhiana,30.901,75.8573,Wheat,Wheat,Rabi,2021,Control (Untreated Check),Untreated Check,Untreated Check,0,Untreated,0.0,1,0,0.48,0.48,8.41,207.3,30.5,177.8,34.3,20.9,0.8,0.5,32.0,3,156.8,2080.0,65.7,6.8,13.7,0.569,16.23,16.23,16.23,16.23,0.0,0.0,0.0,0.0,IND_FIELD_1119,RCBD - 4 Replications,4,ICAR AICRP & Syngenta Multi-Locational Trials,https://icar.org.in
TR-2021-PU-01120,EXP-2021-PU-WHE-0560,ICAR_SYNGENTA_TRIALS,India,Punjab,Punjab & Haryana (Indo-Gangetic),Ludhiana,30.901,75.8573,Wheat,Wheat,Rabi,2021,Syngenta Quantis,Syngenta Quantis,Biostimulant,1,Syngenta Quantis,1.5,0,1,0.48,0.48,8.41,207.3,30.5,177.8,34.3,20.9,0.8,0.5,32.0,3,156.8,2080.0,65.7,6.8,13.7,0.569,17.6,17.6,16.23,17.6,1.37,8.44,1.37,4952.0,IND_FIELD_1120,RCBD - 4 Replications,4,ICAR AICRP & Syngenta Multi-Locational Trials,https://icar.org.in
TR-2021-UT-01121,EXP-2021-UT-ONI-0561,ICAR_SYNGENTA_TRIALS,India,Uttar Pradesh,Indo-Gangetic Plain (Central),Varanasi,25.3176,82.9739,Onion,Onion,Rabi,2021,Control (Untreated Check),Untreated Check,Untreated Check,0,Untreated,0.0,1,0,0.42,0.42,8.22,193.3,32.5,218.8,27.4,11.5,1.15,0.63,26.2,4,236.1,1703.0,59.7,7.2,13.8,0.791,116.17,116.17,116.17,116.17,0.0,0.0,0.0,0.0,IND_FIELD_1121,RCBD - 4 Replications,4,ICAR AICRP & Syngenta Multi-Locational Trials,https://icar.org.in
TR-2021-UT-01122,EXP-2021-UT-ONI-0561,ICAR_SYNGENTA_TRIALS,India,Uttar Pradesh,Indo-Gangetic Plain (Central),Varanasi,25.3176,82.9739,Onion,Onion,Rabi,2021,Syngenta Quantis,Syngenta Quantis,Biostimulant,1,Syngenta Quantis,2.0,0,1,0.42,0.42,8.22,193.3,32.5,218.8,27.4,11.5,1.15,0.63,26.2,4,236.1,1703.0,59.7,7.2,13.8,0.791,132.25,132.25,116.17,132.25,16.08,13.84,16.08,72168.0,IND_FIELD_1122,RCBD - 4 Replications,4,ICAR AICRP & Syngenta Multi-Locational Trials,https://icar.org.in
TR-2024-GU-01123,EXP-2024-GU-ONI-0562,ICAR_SYNGENTA_TRIALS,India,Gujarat,Gujarat & Saurashtra Plain,Rajkot,22.3039,70.8022,Onion,Onion,Rabi,2024,Control (Untreated Check),Untreated Check,Untreated Check,0,Untreated,0.0,1,0,0.52,0.52,7.33,181.6,15.2,327.7,42.8,17.9,1.05,0.54,25.4,8,282.8,1651.0,72.8,10.2,16.6,0.66,112.18,112.18,112.18,112.18,0.0,0.0,0.0,0.0,IND_FIELD_1123,RCBD - 4 Replications,4,ICAR AICRP & Syngenta Multi-Locational Trials,https://icar.org.in
TR-2024-GU-01124,EXP-2024-GU-ONI-0562,ICAR_SYNGENTA_TRIALS,India,Gujarat,Gujarat & Saurashtra Plain,Rajkot,22.3039,70.8022,Onion,Onion,Rabi,2024,Syngenta Quantis,Syngenta Quantis,Biostimulant,1,Syngenta Quantis,2.0,0,1,0.52,0.52,7.33,181.6,15.2,327.7,42.8,17.9,1.05,0.54,25.4,8,282.8,1651.0,72.8,10.2,16.6,0.66,123.32,123.32,112.18,123.32,11.14,9.93,11.14,49444.0,IND_FIELD_1124,RCBD - 4 Replications,4,ICAR AICRP & Syngenta Multi-Locational Trials,https://icar.org.in
TR-2024-UT-01125,EXP-2024-UT-COT-0563,ICAR_SYNGENTA_TRIALS,India,Uttar Pradesh,Indo-Gangetic Plain (Central),Varanasi,25.3176,82.9739,Cotton,Cotton,Kharif,2024,Control (Untreated Check),Untreated Check,Untreated Check,0,Untreated,0.0,1,0,0.43,0.43,7.12,185.1,34.8,188.3,23.6,15.1,0.83,0.53,32.7,3,767.5,2125.5,64.9,4.5,18.4,0.572,12.76,12.76,12.76,12.76,0.0,0.0,0.0,0.0,IND_FIELD_1125,RCBD - 4 Replications,4,ICAR AICRP & Syngenta Multi-Locational Trials,https://icar.org.in
TR-2024-UT-01126,EXP-2024-UT-COT-0563,ICAR_SYNGENTA_TRIALS,India,Uttar Pradesh,Indo-Gangetic Plain (Central),Varanasi,25.3176,82.9739,Cotton,Cotton,Kharif,2024,Syngenta Isabion,Syngenta Isabion,Biostimulant,1,Syngenta Isabion,1.5,0,1,0.43,0.43,7.12,185.1,34.8,188.3,23.6,15.1,0.83,0.53,32.7,3,767.5,2125.5,64.9,4.5,18.4,0.572,13.23,13.23,12.76,13.23,0.47,3.68,0.47,812.0,IND_FIELD_1126,RCBD - 4 Replications,4,ICAR AICRP & Syngenta Multi-Locational Trials,https://icar.org.in
TR-2024-TE-01127,EXP-2024-TE-SUG-0564,ICAR_SYNGENTA_TRIALS,India,Telangana,Telangana & Andhra (Krishna Basin),Warangal,17.9689,79.5941,Sugarcane,Sugarcane,Annual,2024,Control (Untreated Check),Untreated Check,Untreated Check,0,Untreated,0.0,1,0,0.49,0.49,7.08,239.8,26.6,320.7,42.3,10.3,0.91,0.57,29.6,2,287.6,1924.0,51.8,10.6,18.9,0.659,331.82,331.82,331.82,331.82,0.0,0.0,0.0,0.0,IND_FIELD_1127,RCBD - 4 Replications,4,ICAR AICRP & Syngenta Multi-Locational Trials,https://icar.org.in
TR-2024-TE-01128,EXP-2024-TE-SUG-0564,ICAR_SYNGENTA_TRIALS,India,Telangana,Telangana & Andhra (Krishna Basin),Warangal,17.9689,79.5941,Sugarcane,Sugarcane,Annual,2024,Syngenta CropBio+,Syngenta CropBio+,Biostimulant,1,Syngenta CropBio+,3.0,0,1,0.49,0.49,7.08,239.8,26.6,320.7,42.3,10.3,0.91,0.57,29.6,2,287.6,1924.0,51.8,10.6,18.9,0.659,339.63,339.63,331.82,339.63,7.81,2.35,7.81,33226.0,IND_FIELD_1128,RCBD - 4 Replications,4,ICAR AICRP & Syngenta Multi-Locational Trials,https://icar.org.in
TR-2024-TA-01129,EXP-2024-TA-CHI-0565,ICAR_SYNGENTA_TRIALS,India,Tamil Nadu,Tamil Nadu & Cauvery Delta,Coimbatore,11.0168,76.9558,Chickpea (Gram / Chana),Chickpea (Gram / Chana),Rabi,2024,Control (Untreated Check),Untreated Check,Untreated Check,0,Untreated,0.0,1,0,0.61,0.61,7.66,254.7,20.0,292.3,38.5,13.3,0.94,0.5,28.1,5,54.7,1826.5,72.5,9.0,19.2,0.734,6.26,6.26,6.26,6.26,0.0,0.0,0.0,0.0,IND_FIELD_1129,RCBD - 4 Replications,4,ICAR AICRP & Syngenta Multi-Locational Trials,https://icar.org.in
TR-2024-TA-01130,EXP-2024-TA-CHI-0565,ICAR_SYNGENTA_TRIALS,India,Tamil Nadu,Tamil Nadu & Cauvery Delta,Coimbatore,11.0168,76.9558,Chickpea (Gram / Chana),Chickpea (Gram / Chana),Rabi,2024,Syngenta Isabion,Syngenta Isabion,Biostimulant,1,Syngenta Isabion,1.5,0,1,0.61,0.61,7.66,254.7,20.0,292.3,38.5,13.3,0.94,0.5,28.1,5,54.7,1826.5,72.5,9.0,19.2,0.734,6.95,6.95,6.26,6.95,0.69,11.02,0.69,1824.0,IND_FIELD_1130,RCBD - 4 Replications,4,ICAR AICRP & Syngenta Multi-Locational Trials,https://icar.org.in
TR-2021-MA-01131,EXP-2021-MA-WHE-0566,ICAR_SYNGENTA_TRIALS,India,Maharashtra,Maharashtra & Vidarbha (Deccan),Nagpur,21.1458,79.0882,Wheat,Wheat,Rabi,2021,Control (Untreated Check),Untreated Check,Untreated Check,0,Untreated,0.0,1,0,0.48,0.48,7.82,218.0,20.1,275.9,23.0,9.9,0.87,0.52,21.7,2,344.7,1410.5,68.0,8.0,16.1,0.641,16.51,16.51,16.51,16.51,0.0,0.0,0.0,0.0,IND_FIELD_1131,RCBD - 4 Replications,4,ICAR AICRP & Syngenta Multi-Locational Trials,https://icar.org.in
TR-2021-MA-01132,EXP-2021-MA-WHE-0566,ICAR_SYNGENTA_TRIALS,India,Maharashtra,Maharashtra & Vidarbha (Deccan),Nagpur,21.1458,79.0882,Wheat,Wheat,Rabi,2021,Syngenta Quantis,Syngenta Quantis,Biostimulant,1,Syngenta Quantis,1.5,0,1,0.48,0.48,7.82,218.0,20.1,275.9,23.0,9.9,0.87,0.52,21.7,2,344.7,1410.5,68.0,8.0,16.1,0.641,18.68,18.68,16.51,18.68,2.17,13.14,2.17,8632.0,IND_FIELD_1132,RCBD - 4 Replications,4,ICAR AICRP & Syngenta Multi-Locational Trials,https://icar.org.in
TR-2021-PU-01133,EXP-2021-PU-COT-0567,ICAR_SYNGENTA_TRIALS,India,Punjab,Punjab & Haryana (Indo-Gangetic),Ludhiana,30.901,75.8573,Cotton,Cotton,Kharif,2021,Control (Untreated Check),Untreated Check,Untreated Check,0,Untreated,0.0,1,0,0.37,0.37,7.7,251.2,38.8,263.6,31.3,12.3,1.17,0.56,25.3,1,677.8,1644.5,68.8,9.0,24.3,0.585,12.15,12.15,12.15,12.15,0.0,0.0,0.0,0.0,IND_FIELD_1133,RCBD - 4 Replications,4,ICAR AICRP & Syngenta Multi-Locational Trials,https://icar.org.in
TR-2021-PU-01134,EXP-2021-PU-COT-0567,ICAR_SYNGENTA_TRIALS,India,Punjab,Punjab & Haryana (Indo-Gangetic),Ludhiana,30.901,75.8573,Cotton,Cotton,Kharif,2021,Syngenta Isabion,Syngenta Isabion,Biostimulant,1,Syngenta Isabion,1.5,0,1,0.37,0.37,7.7,251.2,38.8,263.6,31.3,12.3,1.17,0.56,25.3,1,677.8,1644.5,68.8,9.0,24.3,0.585,12.55,12.55,12.15,12.55,0.4,3.29,0.4,490.0,IND_FIELD_1134,RCBD - 4 Replications,4,ICAR AICRP & Syngenta Multi-Locational Trials,https://icar.org.in
TR-2023-MA-01135,EXP-2023-MA-RIC-0568,ICAR_SYNGENTA_TRIALS,India,Maharashtra,Maharashtra & Vidarbha (Deccan),Nagpur,21.1458,79.0882,Rice (Paddy),Rice (Paddy),Kharif,2023,Control (Untreated Check),Untreated Check,Untreated Check,0,Untreated,0.0,1,0,0.48,0.48,7.42,205.3,25.4,398.8,40.9,6.3,0.64,0.43,28.3,1,494.7,1839.5,79.0,3.9,21.1,0.741,19.94,19.94,19.94,19.94,0.0,0.0,0.0,0.0,IND_FIELD_1135,RCBD - 4 Replications,4,ICAR AICRP & Syngenta Multi-Locational Trials,https://icar.org.in
TR-2023-MA-01136,EXP-2023-MA-RIC-0568,ICAR_SYNGENTA_TRIALS,India,Maharashtra,Maharashtra & Vidarbha (Deccan),Nagpur,21.1458,79.0882,Rice (Paddy),Rice (Paddy),Kharif,2023,Syngenta Quantis,Syngenta Quantis,Biostimulant,1,Syngenta Quantis,2.0,0,1,0.48,0.48,7.42,205.3,25.4,398.8,40.9,6.3,0.64,0.43,28.3,1,494.7,1839.5,79.0,3.9,21.1,0.741,22.33,22.33,19.94,22.33,2.39,11.99,2.39,9194.0,IND_FIELD_1136,RCBD - 4 Replications,4,ICAR AICRP & Syngenta Multi-Locational Trials,https://icar.org.in
TR-2022-MA-01137,EXP-2022-MA-WHE-0569,ICAR_SYNGENTA_TRIALS,India,Madhya Pradesh,Madhya Pradesh & Central Belt,Bhopal,23.2599,77.4126,Wheat,Wheat,Rabi,2022,Control (Untreated Check),Untreated Check,Untreated Check,0,Untreated,0.0,1,0,0.5,0.5,7.27,231.5,20.9,274.4,27.4,12.0,1.18,0.48,26.6,4,197.2,1729.0,53.3,8.4,18.3,0.733,15.85,15.85,15.85,15.85,0.0,0.0,0.0,0.0,IND_FIELD_1137,RCBD - 4 Replications,4,ICAR AICRP & Syngenta Multi-Locational Trials,https://icar.org.in
TR-2022-MA-01138,EXP-2022-MA-WHE-0569,ICAR_SYNGENTA_TRIALS,India,Madhya Pradesh,Madhya Pradesh & Central Belt,Bhopal,23.2599,77.4126,Wheat,Wheat,Rabi,2022,Syngenta Quantis,Syngenta Quantis,Biostimulant,1,Syngenta Quantis,1.5,0,1,0.5,0.5,7.27,231.5,20.9,274.4,27.4,12.0,1.18,0.48,26.6,4,197.2,1729.0,53.3,8.4,18.3,0.733,17.0,17.0,15.85,17.0,1.15,7.26,1.15,3940.0,IND_FIELD_1138,RCBD - 4 Replications,4,ICAR AICRP & Syngenta Multi-Locational Trials,https://icar.org.in
TR-2024-KA-01139,EXP-2024-KA-GRO-0570,ICAR_SYNGENTA_TRIALS,India,Karnataka,Karnataka (Deccan Plateau),Dharwad,15.4589,75.0078,Groundnut (Peanut),Groundnut (Peanut),Kharif,2024,Control (Untreated Check),Untreated Check,Untreated Check,0,Untreated,0.0,1,0,0.46,0.46,6.64,284.0,26.2,333.5,24.9,11.5,0.89,0.77,26.1,5,683.8,1696.5,71.0,10.8,20.4,0.617,9.98,9.98,9.98,9.98,0.0,0.0,0.0,0.0,IND_FIELD_1139,RCBD - 4 Replications,4,ICAR AICRP & Syngenta Multi-Locational Trials,https://icar.org.in
TR-2024-KA-01140,EXP-2024-KA-GRO-0570,ICAR_SYNGENTA_TRIALS,India,Karnataka,Karnataka (Deccan Plateau),Dharwad,15.4589,75.0078,Groundnut (Peanut),Groundnut (Peanut),Kharif,2024,Syngenta Isabion,Syngenta Isabion,Biostimulant,1,Syngenta Isabion,1.5,0,1,0.46,0.46,6.64,284.0,26.2,333.5,24.9,11.5,0.89,0.77,26.1,5,683.8,1696.5,71.0,10.8,20.4,0.617,11.22,11.22,9.98,11.22,1.24,12.42,1.24,4354.0,IND_FIELD_1140,RCBD - 4 Replications,4,ICAR AICRP & Syngenta Multi-Locational Trials,https://icar.org.in
TR-2021-TA-01141,EXP-2021-TA-COT-0571,ICAR_SYNGENTA_TRIALS,India,Tamil Nadu,Tamil Nadu & Cauvery Delta,Coimbatore,11.0168,76.9558,Cotton,Cotton,Kharif,2021,Control (Untreated Check),Untreated Check,Untreated Check,0,Untreated,0.0,1,0,0.29,0.29,7.77,225.7,18.3,293.8,22.0,20.8,0.83,0.53,25.6,4,668.7,1664.0,78.5,10.7,17.7,0.786,10.38,10.38,10.38,10.38,0.0,0.0,0.0,0.0,IND_FIELD_1141,RCBD - 4 Replications,4,ICAR AICRP & Syngenta Multi-Locational Trials,https://icar.org.in
TR-2021-TA-01142,EXP-2021-TA-COT-0571,ICAR_SYNGENTA_TRIALS,India,Tamil Nadu,Tamil Nadu & Cauvery Delta,Coimbatore,11.0168,76.9558,Cotton,Cotton,Kharif,2021,Syngenta Isabion,Syngenta Isabion,Biostimulant,1,Syngenta Isabion,1.5,0,1,0.29,0.29,7.77,225.7,18.3,293.8,22.0,20.8,0.83,0.53,25.6,4,668.7,1664.0,78.5,10.7,17.7,0.786,10.0,10.0,10.38,10.0,0.0,0.0,0.0,-1350.0,IND_FIELD_1142,RCBD - 4 Replications,4,ICAR AICRP & Syngenta Multi-Locational Trials,https://icar.org.in
TR-2023-MA-01143,EXP-2023-MA-MUS-0572,ICAR_SYNGENTA_TRIALS,India,Madhya Pradesh,Madhya Pradesh & Central Belt,Bhopal,23.2599,77.4126,Mustard / Rapeseed,Mustard / Rapeseed,Rabi,2023,Control (Untreated Check),Untreated Check,Untreated Check,0,Untreated,0.0,1,0,0.63,0.63,7.05,231.3,20.2,347.4,36.6,14.8,0.89,0.41,30.8,5,228.9,2002.0,67.4,9.0,18.2,0.675,6.55,6.55,6.55,6.55,0.0,0.0,0.0,0.0,IND_FIELD_1143,RCBD - 4 Replications,4,ICAR AICRP & Syngenta Multi-Locational Trials,https://icar.org.in
TR-2023-MA-01144,EXP-2023-MA-MUS-0572,ICAR_SYNGENTA_TRIALS,India,Madhya Pradesh,Madhya Pradesh & Central Belt,Bhopal,23.2599,77.4126,Mustard / Rapeseed,Mustard / Rapeseed,Rabi,2023,Syngenta Quantis,Syngenta Quantis,Biostimulant,1,Syngenta Quantis,1.5,0,1,0.63,0.63,7.05,231.3,20.2,347.4,36.6,14.8,0.89,0.41,30.8,5,228.9,2002.0,67.4,9.0,18.2,0.675,7.56,7.56,6.55,7.56,1.01,15.42,1.01,3296.0,IND_FIELD_1144,RCBD - 4 Replications,4,ICAR AICRP & Syngenta Multi-Locational Trials,https://icar.org.in
TR-2021-TA-01145,EXP-2021-TA-GRO-0573,ICAR_SYNGENTA_TRIALS,India,Tamil Nadu,Tamil Nadu & Cauvery Delta,Coimbatore,11.0168,76.9558,Groundnut (Peanut),Groundnut (Peanut),Kharif,2021,Control (Untreated Check),Untreated Check,Untreated Check,0,Untreated,0.0,1,0,0.51,0.51,7.53,247.1,20.4,262.8,26.7,14.3,0.7,0.45,26.1,7,845.3,1696.5,76.3,12.1,17.8,0.68,9.99,9.99,9.99,9.99,0.0,0.0,0.0,0.0,IND_FIELD_1145,RCBD - 4 Replications,4,ICAR AICRP & Syngenta Multi-Locational Trials,https://icar.org.in
TR-2021-TA-01146,EXP-2021-TA-GRO-0573,ICAR_SYNGENTA_TRIALS,India,Tamil Nadu,Tamil Nadu & Cauvery Delta,Coimbatore,11.0168,76.9558,Groundnut (Peanut),Groundnut (Peanut),Kharif,2021,Syngenta Isabion,Syngenta Isabion,Biostimulant,1,Syngenta Isabion,1.5,0,1,0.51,0.51,7.53,247.1,20.4,262.8,26.7,14.3,0.7,0.45,26.1,7,845.3,1696.5,76.3,12.1,17.8,0.68,11.07,11.07,9.99,11.07,1.08,10.81,1.08,3618.0,IND_FIELD_1146,RCBD - 4 Replications,4,ICAR AICRP & Syngenta Multi-Locational Trials,https://icar.org.in
TR-2023-TE-01147,EXP-2023-TE-MUS-0574,ICAR_SYNGENTA_TRIALS,India,Telangana,Telangana & Andhra (Krishna Basin),Warangal,17.9689,79.5941,Mustard / Rapeseed,Mustard / Rapeseed,Rabi,2023,Control (Untreated Check),Untreated Check,Untreated Check,0,Untreated,0.0,1,0,0.27,0.27,7.27,190.6,21.4,250.6,40.0,13.2,1.0,0.66,30.1,0,328.5,1956.5,63.5,15.4,12.8,0.64,7.01,7.01,7.01,7.01,0.0,0.0,0.0,0.0,IND_FIELD_1147,RCBD - 4 Replications,4,ICAR AICRP & Syngenta Multi-Locational Trials,https://icar.org.in
TR-2023-TE-01148,EXP-2023-TE-MUS-0574,ICAR_SYNGENTA_TRIALS,India,Telangana,Telangana & Andhra (Krishna Basin),Warangal,17.9689,79.5941,Mustard / Rapeseed,Mustard / Rapeseed,Rabi,2023,Syngenta Quantis,Syngenta Quantis,Biostimulant,1,Syngenta Quantis,1.5,0,1,0.27,0.27,7.27,190.6,21.4,250.6,40.0,13.2,1.0,0.66,30.1,0,328.5,1956.5,63.5,15.4,12.8,0.64,7.56,7.56,7.01,7.56,0.55,7.85,0.55,1180.0,IND_FIELD_1148,RCBD - 4 Replications,4,ICAR AICRP & Syngenta Multi-Locational Trials,https://icar.org.in
TR-2025-UT-01149,EXP-2025-UT-TUR-0575,ICAR_SYNGENTA_TRIALS,India,Uttar Pradesh,Indo-Gangetic Plain (Central),Varanasi,25.3176,82.9739,Tur / Pigeon Pea (Arhar),Tur / Pigeon Pea (Arhar),Kharif,2025,Control (Untreated Check),Untreated Check,Untreated Check,0,Untreated,0.0,1,0,0.47,0.47,7.8,231.2,34.0,291.3,34.1,12.3,0.76,0.39,31.4,2,566.2,2041.0,78.9,8.8,15.7,0.674,7.98,7.98,7.98,7.98,0.0,0.0,0.0,0.0,IND_FIELD_1149,RCBD - 4 Replications,4,ICAR AICRP & Syngenta Multi-Locational Trials,https://icar.org.in
TR-2025-UT-01150,EXP-2025-UT-TUR-0575,ICAR_SYNGENTA_TRIALS,India,Uttar Pradesh,Indo-Gangetic Plain (Central),Varanasi,25.3176,82.9739,Tur / Pigeon Pea (Arhar),Tur / Pigeon Pea (Arhar),Kharif,2025,Syngenta Quantis,Syngenta Quantis,Biostimulant,1,Syngenta Quantis,2.0,0,1,0.47,0.47,7.8,231.2,34.0,291.3,34.1,12.3,0.76,0.39,31.4,2,566.2,2041.0,78.9,8.8,15.7,0.674,8.28,8.28,7.98,8.28,0.3,3.76,0.3,-420.0,IND_FIELD_1150,RCBD - 4 Replications,4,ICAR AICRP & Syngenta Multi-Locational Trials,https://icar.org.in
TR-2021-UT-01151,EXP-2021-UT-CHI-0576,ICAR_SYNGENTA_TRIALS,India,Uttar Pradesh,Indo-Gangetic Plain (Central),Varanasi,25.3176,82.9739,Chickpea (Gram / Chana),Chickpea (Gram / Chana),Rabi,2021,Control (Untreated Check),Untreated Check,Untreated Check,0,Untreated,0.0,1,0,0.29,0.29,7.98,249.8,29.1,207.8,32.3,15.4,0.5,0.62,24.1,1,354.0,1566.5,60.3,7.7,24.2,0.746,6.78,6.78,6.78,6.78,0.0,0.0,0.0,0.0,IND_FIELD_1151,RCBD - 4 Replications,4,ICAR AICRP & Syngenta Multi-Locational Trials,https://icar.org.in
TR-2021-UT-01152,EXP-2021-UT-CHI-0576,ICAR_SYNGENTA_TRIALS,India,Uttar Pradesh,Indo-Gangetic Plain (Central),Varanasi,25.3176,82.9739,Chickpea (Gram / Chana),Chickpea (Gram / Chana),Rabi,2021,Syngenta Isabion,Syngenta Isabion,Biostimulant,1,Syngenta Isabion,1.5,0,1,0.29,0.29,7.98,249.8,29.1,207.8,32.3,15.4,0.5,0.62,24.1,1,354.0,1566.5,60.3,7.7,24.2,0.746,8.03,8.03,6.78,8.03,1.25,18.44,1.25,4400.0,IND_FIELD_1152,RCBD - 4 Replications,4,ICAR AICRP & Syngenta Multi-Locational Trials,https://icar.org.in
TR-2024-PU-01153,EXP-2024-PU-TOM-0577,ICAR_SYNGENTA_TRIALS,India,Punjab,Punjab & Haryana (Indo-Gangetic),Ludhiana,30.901,75.8573,Tomato,Tomato,Annual,2024,Control (Untreated Check),Untreated Check,Untreated Check,0,Untreated,0.0,1,0,0.45,0.45,8.09,249.0,28.0,200.8,29.0,9.0,1.29,0.41,29.2,4,35.3,1898.0,79.2,10.2,20.1,0.737,160.15,160.15,160.15,160.15,0.0,0.0,0.0,0.0,IND_FIELD_1153,RCBD - 4 Replications,4,ICAR AICRP & Syngenta Multi-Locational Trials,https://icar.org.in
TR-2024-PU-01154,EXP-2024-PU-TOM-0577,ICAR_SYNGENTA_TRIALS,India,Punjab,Punjab & Haryana (Indo-Gangetic),Ludhiana,30.901,75.8573,Tomato,Tomato,Annual,2024,Syngenta Isabion,Syngenta Isabion,Biostimulant,1,Syngenta Isabion,2.5,0,1,0.45,0.45,8.09,249.0,28.0,200.8,29.0,9.0,1.29,0.41,29.2,4,35.3,1898.0,79.2,10.2,20.1,0.737,193.96,193.96,160.15,193.96,33.81,21.11,33.81,153276.0,IND_FIELD_1154,RCBD - 4 Replications,4,ICAR AICRP & Syngenta Multi-Locational Trials,https://icar.org.in
TR-2024-PU-01155,EXP-2024-PU-SUG-0578,ICAR_SYNGENTA_TRIALS,India,Punjab,Punjab & Haryana (Indo-Gangetic),Ludhiana,30.901,75.8573,Sugarcane,Sugarcane,Annual,2024,Control (Untreated Check),Untreated Check,Untreated Check,0,Untreated,0.0,1,0,0.45,0.45,8.4,204.7,28.4,223.8,39.1,10.1,0.89,0.54,28.5,3,54.7,1852.5,71.7,10.4,15.0,0.602,291.4,291.4,291.4,291.4,0.0,0.0,0.0,0.0,IND_FIELD_1155,RCBD - 4 Replications,4,ICAR AICRP & Syngenta Multi-Locational Trials,https://icar.org.in
TR-2024-PU-01156,EXP-2024-PU-SUG-0578,ICAR_SYNGENTA_TRIALS,India,Punjab,Punjab & Haryana (Indo-Gangetic),Ludhiana,30.901,75.8573,Sugarcane,Sugarcane,Annual,2024,Syngenta CropBio+,Syngenta CropBio+,Biostimulant,1,Syngenta CropBio+,3.0,0,1,0.45,0.45,8.4,204.7,28.4,223.8,39.1,10.1,0.89,0.54,28.5,3,54.7,1852.5,71.7,10.4,15.0,0.602,324.35,324.35,291.4,324.35,32.95,11.31,32.95,148870.0,IND_FIELD_1156,RCBD - 4 Replications,4,ICAR AICRP & Syngenta Multi-Locational Trials,https://icar.org.in
TR-2021-KA-01157,EXP-2021-KA-SOY-0579,ICAR_SYNGENTA_TRIALS,India,Karnataka,Karnataka (Deccan Plateau),Dharwad,15.4589,75.0078,Soybean,Soybean,Kharif,2021,Control (Untreated Check),Untreated Check,Untreated Check,0,Untreated,0.0,1,0,0.55,0.55,6.92,284.1,19.0,231.5,32.9,13.7,1.0,0.55,33.7,2,454.3,2190.5,84.1,14.0,16.0,0.664,9.88,9.88,9.88,9.88,0.0,0.0,0.0,0.0,IND_FIELD_1157,RCBD - 4 Replications,4,ICAR AICRP & Syngenta Multi-Locational Trials,https://icar.org.in
TR-2021-KA-01158,EXP-2021-KA-SOY-0579,ICAR_SYNGENTA_TRIALS,India,Karnataka,Karnataka (Deccan Plateau),Dharwad,15.4589,75.0078,Soybean,Soybean,Kharif,2021,Syngenta Quantis,Syngenta Quantis,Biostimulant,1,Syngenta Quantis,2.0,0,1,0.55,0.55,6.92,284.1,19.0,231.5,32.9,13.7,1.0,0.55,33.7,2,454.3,2190.5,84.1,14.0,16.0,0.664,10.08,10.08,9.88,10.08,0.2,2.02,0.2,-880.0,IND_FIELD_1158,RCBD - 4 Replications,4,ICAR AICRP & Syngenta Multi-Locational Trials,https://icar.org.in
TR-2022-MA-01159,EXP-2022-MA-TOM-0580,ICAR_SYNGENTA_TRIALS,India,Maharashtra,Maharashtra & Vidarbha (Deccan),Nagpur,21.1458,79.0882,Tomato,Tomato,Annual,2022,Control (Untreated Check),Untreated Check,Untreated Check,0,Untreated,0.0,1,0,0.3,0.3,7.64,217.8,25.1,327.9,33.2,16.5,0.96,0.48,28.8,7,204.8,1872.0,69.6,5.4,19.6,0.603,149.41,149.41,149.41,149.41,0.0,0.0,0.0,0.0,IND_FIELD_1159,RCBD - 4 Replications,4,ICAR AICRP & Syngenta Multi-Locational Trials,https://icar.org.in
TR-2022-MA-01160,EXP-2022-MA-TOM-0580,ICAR_SYNGENTA_TRIALS,India,Maharashtra,Maharashtra & Vidarbha (Deccan),Nagpur,21.1458,79.0882,Tomato,Tomato,Annual,2022,Syngenta Isabion,Syngenta Isabion,Biostimulant,1,Syngenta Isabion,2.5,0,1,0.3,0.3,7.64,217.8,25.1,327.9,33.2,16.5,0.96,0.48,28.8,7,204.8,1872.0,69.6,5.4,19.6,0.603,169.48,169.48,149.41,169.48,20.07,13.43,20.07,90072.0,IND_FIELD_1160,RCBD - 4 Replications,4,ICAR AICRP & Syngenta Multi-Locational Trials,https://icar.org.in
TR-2023-TA-01161,EXP-2023-TA-MAI-0581,ICAR_SYNGENTA_TRIALS,India,Tamil Nadu,Tamil Nadu & Cauvery Delta,Coimbatore,11.0168,76.9558,Maize,Maize,Kharif,2023,Control (Untreated Check),Untreated Check,Untreated Check,0,Untreated,0.0,1,0,0.57,0.57,7.17,194.5,17.0,300.8,34.5,11.0,0.62,0.58,28.0,4,800.0,1820.0,53.7,4.9,20.3,0.654,21.99,21.99,21.99,21.99,0.0,0.0,0.0,0.0,IND_FIELD_1161,RCBD - 4 Replications,4,ICAR AICRP & Syngenta Multi-Locational Trials,https://icar.org.in
TR-2023-TA-01162,EXP-2023-TA-MAI-0581,ICAR_SYNGENTA_TRIALS,India,Tamil Nadu,Tamil Nadu & Cauvery Delta,Coimbatore,11.0168,76.9558,Maize,Maize,Kharif,2023,Syngenta Isabion,Syngenta Isabion,Biostimulant,1,Syngenta Isabion,2.0,0,1,0.57,0.57,7.17,194.5,17.0,300.8,34.5,11.0,0.62,0.58,28.0,4,800.0,1820.0,53.7,4.9,20.3,0.654,26.11,26.11,21.99,26.11,4.12,18.74,4.12,17152.0,IND_FIELD_1162,RCBD - 4 Replications,4,ICAR AICRP & Syngenta Multi-Locational Trials,https://icar.org.in
TR-2021-UT-01163,EXP-2021-UT-SUG-0582,ICAR_SYNGENTA_TRIALS,India,Uttar Pradesh,Indo-Gangetic Plain (Central),Varanasi,25.3176,82.9739,Sugarcane,Sugarcane,Annual,2021,Control (Untreated Check),Untreated Check,Untreated Check,0,Untreated,0.0,1,0,0.37,0.37,7.41,193.7,11.0,223.7,25.6,16.8,1.04,0.58,29.2,1,166.4,1898.0,81.2,11.6,19.0,0.722,299.19,299.19,299.19,299.19,0.0,0.0,0.0,0.0,IND_FIELD_1163,RCBD - 4 Replications,4,ICAR AICRP & Syngenta Multi-Locational Trials,https://icar.org.in
TR-2021-UT-01164,EXP-2021-UT-SUG-0582,ICAR_SYNGENTA_TRIALS,India,Uttar Pradesh,Indo-Gangetic Plain (Central),Varanasi,25.3176,82.9739,Sugarcane,Sugarcane,Annual,2021,Syngenta CropBio+,Syngenta CropBio+,Biostimulant,1,Syngenta CropBio+,3.0,0,1,0.37,0.37,7.41,193.7,11.0,223.7,25.6,16.8,1.04,0.58,29.2,1,166.4,1898.0,81.2,11.6,19.0,0.722,326.82,326.82,299.19,326.82,27.63,9.23,27.63,124398.0,IND_FIELD_1164,RCBD - 4 Replications,4,ICAR AICRP & Syngenta Multi-Locational Trials,https://icar.org.in
TR-2023-UT-01165,EXP-2023-UT-MAI-0583,ICAR_SYNGENTA_TRIALS,India,Uttar Pradesh,Indo-Gangetic Plain (Central),Varanasi,25.3176,82.9739,Maize,Maize,Kharif,2023,Control (Untreated Check),Untreated Check,Untreated Check,0,Untreated,0.0,1,0,0.57,0.57,8.04,225.7,14.3,178.9,33.2,14.5,0.81,0.59,28.5,0,499.4,1852.5,78.0,8.4,21.0,0.725,21.99,21.99,21.99,21.99,0.0,0.0,0.0,0.0,IND_FIELD_1165,RCBD - 4 Replications,4,ICAR AICRP & Syngenta Multi-Locational Trials,https://icar.org.in
TR-2023-UT-01166,EXP-2023-UT-MAI-0583,ICAR_SYNGENTA_TRIALS,India,Uttar Pradesh,Indo-Gangetic Plain (Central),Varanasi,25.3176,82.9739,Maize,Maize,Kharif,2023,Syngenta Isabion,Syngenta Isabion,Biostimulant,1,Syngenta Isabion,2.0,0,1,0.57,0.57,8.04,225.7,14.3,178.9,33.2,14.5,0.81,0.59,28.5,0,499.4,1852.5,78.0,8.4,21.0,0.725,22.9,22.9,21.99,22.9,0.91,4.14,0.91,2386.0,IND_FIELD_1166,RCBD - 4 Replications,4,ICAR AICRP & Syngenta Multi-Locational Trials,https://icar.org.in
TR-2024-GU-01167,EXP-2024-GU-COT-0584,ICAR_SYNGENTA_TRIALS,India,Gujarat,Gujarat & Saurashtra Plain,Rajkot,22.3039,70.8022,Cotton,Cotton,Kharif,2024,Control (Untreated Check),Untreated Check,Untreated Check,0,Untreated,0.0,1,0,0.46,0.46,7.72,139.6,16.6,335.1,28.5,19.2,0.69,0.53,27.1,3,640.4,1761.5,74.4,16.3,21.2,0.683,9.89,9.89,9.89,9.89,0.0,0.0,0.0,0.0,IND_FIELD_1167,RCBD - 4 Replications,4,ICAR AICRP & Syngenta Multi-Locational Trials,https://icar.org.in
TR-2024-GU-01168,EXP-2024-GU-COT-0584,ICAR_SYNGENTA_TRIALS,India,Gujarat,Gujarat & Saurashtra Plain,Rajkot,22.3039,70.8022,Cotton,Cotton,Kharif,2024,Syngenta Isabion,Syngenta Isabion,Biostimulant,1,Syngenta Isabion,1.5,0,1,0.46,0.46,7.72,139.6,16.6,335.1,28.5,19.2,0.69,0.53,27.1,3,640.4,1761.5,74.4,16.3,21.2,0.683,11.61,11.61,9.89,11.61,1.72,17.39,1.72,6562.0,IND_FIELD_1168,RCBD - 4 Replications,4,ICAR AICRP & Syngenta Multi-Locational Trials,https://icar.org.in
TR-2022-KA-01169,EXP-2022-KA-ONI-0585,ICAR_SYNGENTA_TRIALS,India,Karnataka,Karnataka (Deccan Plateau),Dharwad,15.4589,75.0078,Onion,Onion,Rabi,2022,Control (Untreated Check),Untreated Check,Untreated Check,0,Untreated,0.0,1,0,0.67,0.67,6.19,238.8,18.0,155.6,23.4,14.4,0.97,0.51,32.6,4,244.3,2119.0,67.9,12.7,15.2,0.748,125.18,125.18,125.18,125.18,0.0,0.0,0.0,0.0,IND_FIELD_1169,RCBD - 4 Replications,4,ICAR AICRP & Syngenta Multi-Locational Trials,https://icar.org.in
TR-2022-KA-01170,EXP-2022-KA-ONI-0585,ICAR_SYNGENTA_TRIALS,India,Karnataka,Karnataka (Deccan Plateau),Dharwad,15.4589,75.0078,Onion,Onion,Rabi,2022,Syngenta Quantis,Syngenta Quantis,Biostimulant,1,Syngenta Quantis,2.0,0,1,0.67,0.67,6.19,238.8,18.0,155.6,23.4,14.4,0.97,0.51,32.6,4,244.3,2119.0,67.9,12.7,15.2,0.748,128.84,128.84,125.18,128.84,3.66,2.92,3.66,15036.0,IND_FIELD_1170,RCBD - 4 Replications,4,ICAR AICRP & Syngenta Multi-Locational Trials,https://icar.org.in
TR-2024-TA-01171,EXP-2024-TA-SOY-0586,ICAR_SYNGENTA_TRIALS,India,Tamil Nadu,Tamil Nadu & Cauvery Delta,Coimbatore,11.0168,76.9558,Soybean,Soybean,Kharif,2024,Control (Untreated Check),Untreated Check,Untreated Check,0,Untreated,0.0,1,0,0.65,0.65,7.25,274.6,14.1,318.3,37.7,10.6,1.25,0.58,30.5,5,527.3,1982.5,78.3,5.9,21.2,0.753,9.13,9.13,9.13,9.13,0.0,0.0,0.0,0.0,IND_FIELD_1171,RCBD - 4 Replications,4,ICAR AICRP & Syngenta Multi-Locational Trials,https://icar.org.in
TR-2024-TA-01172,EXP-2024-TA-SOY-0586,ICAR_SYNGENTA_TRIALS,India,Tamil Nadu,Tamil Nadu & Cauvery Delta,Coimbatore,11.0168,76.9558,Soybean,Soybean,Kharif,2024,Syngenta Quantis,Syngenta Quantis,Biostimulant,1,Syngenta Quantis,2.0,0,1,0.65,0.65,7.25,274.6,14.1,318.3,37.7,10.6,1.25,0.58,30.5,5,527.3,1982.5,78.3,5.9,21.2,0.753,11.04,11.04,9.13,11.04,1.91,20.92,1.91,6986.0,IND_FIELD_1172,RCBD - 4 Replications,4,ICAR AICRP & Syngenta Multi-Locational Trials,https://icar.org.in
TR-2022-TA-01173,EXP-2022-TA-RIC-0587,ICAR_SYNGENTA_TRIALS,India,Tamil Nadu,Tamil Nadu & Cauvery Delta,Coimbatore,11.0168,76.9558,Rice (Paddy),Rice (Paddy),Kharif,2022,Control (Untreated Check),Untreated Check,Untreated Check,0,Untreated,0.0,1,0,0.57,0.57,7.26,239.2,21.2,277.5,37.8,13.2,0.9,0.69,30.9,2,646.8,2008.5,71.4,6.7,20.3,0.678,21.18,21.18,21.18,21.18,0.0,0.0,0.0,0.0,IND_FIELD_1173,RCBD - 4 Replications,4,ICAR AICRP & Syngenta Multi-Locational Trials,https://icar.org.in
TR-2022-TA-01174,EXP-2022-TA-RIC-0587,ICAR_SYNGENTA_TRIALS,India,Tamil Nadu,Tamil Nadu & Cauvery Delta,Coimbatore,11.0168,76.9558,Rice (Paddy),Rice (Paddy),Kharif,2022,Syngenta Quantis,Syngenta Quantis,Biostimulant,1,Syngenta Quantis,2.0,0,1,0.57,0.57,7.26,239.2,21.2,277.5,37.8,13.2,0.9,0.69,30.9,2,646.8,2008.5,71.4,6.7,20.3,0.678,23.24,23.24,21.18,23.24,2.06,9.73,2.06,7676.0,IND_FIELD_1174,RCBD - 4 Replications,4,ICAR AICRP & Syngenta Multi-Locational Trials,https://icar.org.in
TR-2023-TA-01175,EXP-2023-TA-SUG-0588,ICAR_SYNGENTA_TRIALS,India,Tamil Nadu,Tamil Nadu & Cauvery Delta,Coimbatore,11.0168,76.9558,Sugarcane,Sugarcane,Annual,2023,Control (Untreated Check),Untreated Check,Untreated Check,0,Untreated,0.0,1,0,0.44,0.44,7.27,178.9,17.7,303.2,30.3,11.9,1.11,0.27,32.2,0,95.6,2093.0,48.3,6.3,19.2,0.686,305.42,305.42,305.42,305.42,0.0,0.0,0.0,0.0,IND_FIELD_1175,RCBD - 4 Replications,4,ICAR AICRP & Syngenta Multi-Locational Trials,https://icar.org.in
TR-2023-TA-01176,EXP-2023-TA-SUG-0588,ICAR_SYNGENTA_TRIALS,India,Tamil Nadu,Tamil Nadu & Cauvery Delta,Coimbatore,11.0168,76.9558,Sugarcane,Sugarcane,Annual,2023,Syngenta CropBio+,Syngenta CropBio+,Biostimulant,1,Syngenta CropBio+,3.0,0,1,0.44,0.44,7.27,178.9,17.7,303.2,30.3,11.9,1.11,0.27,32.2,0,95.6,2093.0,48.3,6.3,19.2,0.686,326.89,326.89,305.42,326.89,21.47,7.03,21.47,96062.0,IND_FIELD_1176,RCBD - 4 Replications,4,ICAR AICRP & Syngenta Multi-Locational Trials,https://icar.org.in
TR-2021-TA-01177,EXP-2021-TA-ONI-0589,ICAR_SYNGENTA_TRIALS,India,Tamil Nadu,Tamil Nadu & Cauvery Delta,Coimbatore,11.0168,76.9558,Onion,Onion,Rabi,2021,Control (Untreated Check),Untreated Check,Untreated Check,0,Untreated,0.0,1,0,0.48,0.48,7.14,207.8,18.6,209.4,26.5,12.7,0.71,0.51,30.5,3,272.8,1982.5,50.5,6.2,17.0,0.823,116.02,116.02,116.02,116.02,0.0,0.0,0.0,0.0,IND_FIELD_1177,RCBD - 4 Replications,4,ICAR AICRP & Syngenta Multi-Locational Trials,https://icar.org.in
TR-2021-TA-01178,EXP-2021-TA-ONI-0589,ICAR_SYNGENTA_TRIALS,India,Tamil Nadu,Tamil Nadu & Cauvery Delta,Coimbatore,11.0168,76.9558,Onion,Onion,Rabi,2021,Syngenta Quantis,Syngenta Quantis,Biostimulant,1,Syngenta Quantis,2.0,0,1,0.48,0.48,7.14,207.8,18.6,209.4,26.5,12.7,0.71,0.51,30.5,3,272.8,1982.5,50.5,6.2,17.0,0.823,135.52,135.52,116.02,135.52,19.5,16.81,19.5,87900.0,IND_FIELD_1178,RCBD - 4 Replications,4,ICAR AICRP & Syngenta Multi-Locational Trials,https://icar.org.in
TR-2023-TA-01179,EXP-2023-TA-GRO-0590,ICAR_SYNGENTA_TRIALS,India,Tamil Nadu,Tamil Nadu & Cauvery Delta,Coimbatore,11.0168,76.9558,Groundnut (Peanut),Groundnut (Peanut),Kharif,2023,Control (Untreated Check),Untreated Check,Untreated Check,0,Untreated,0.0,1,0,0.52,0.52,7.68,243.2,22.7,303.3,47.1,20.3,0.66,0.79,26.4,4,712.2,1716.0,85.4,6.8,15.1,0.787,11.8,11.8,11.8,11.8,0.0,0.0,0.0,0.0,IND_FIELD_1179,RCBD - 4 Replications,4,ICAR AICRP & Syngenta Multi-Locational Trials,https://icar.org.in
TR-2023-TA-01180,EXP-2023-TA-GRO-0590,ICAR_SYNGENTA_TRIALS,India,Tamil Nadu,Tamil Nadu & Cauvery Delta,Coimbatore,11.0168,76.9558,Groundnut (Peanut),Groundnut (Peanut),Kharif,2023,Syngenta Isabion,Syngenta Isabion,Biostimulant,1,Syngenta Isabion,1.5,0,1,0.52,0.52,7.68,243.2,22.7,303.3,47.1,20.3,0.66,0.79,26.4,4,712.2,1716.0,85.4,6.8,15.1,0.787,13.24,13.24,11.8,13.24,1.44,12.2,1.44,5274.0,IND_FIELD_1180,RCBD - 4 Replications,4,ICAR AICRP & Syngenta Multi-Locational Trials,https://icar.org.in
TR-2023-GU-01181,EXP-2023-GU-GRO-0591,ICAR_SYNGENTA_TRIALS,India,Gujarat,Gujarat & Saurashtra Plain,Rajkot,22.3039,70.8022,Groundnut (Peanut),Groundnut (Peanut),Kharif,2023,Control (Untreated Check),Untreated Check,Untreated Check,0,Untreated,0.0,1,0,0.49,0.49,8.53,203.3,26.8,324.1,31.9,12.7,0.63,0.53,29.8,4,758.1,1937.0,76.3,12.1,18.6,0.684,11.42,11.42,11.42,11.42,0.0,0.0,0.0,0.0,IND_FIELD_1181,RCBD - 4 Replications,4,ICAR AICRP & Syngenta Multi-Locational Trials,https://icar.org.in
TR-2023-GU-01182,EXP-2023-GU-GRO-0591,ICAR_SYNGENTA_TRIALS,India,Gujarat,Gujarat & Saurashtra Plain,Rajkot,22.3039,70.8022,Groundnut (Peanut),Groundnut (Peanut),Kharif,2023,Syngenta Isabion,Syngenta Isabion,Biostimulant,1,Syngenta Isabion,1.5,0,1,0.49,0.49,8.53,203.3,26.8,324.1,31.9,12.7,0.63,0.53,29.8,4,758.1,1937.0,76.3,12.1,18.6,0.684,11.98,11.98,11.42,11.98,0.56,4.9,0.56,1226.0,IND_FIELD_1182,RCBD - 4 Replications,4,ICAR AICRP & Syngenta Multi-Locational Trials,https://icar.org.in
TR-2025-MA-01183,EXP-2025-MA-GRO-0592,ICAR_SYNGENTA_TRIALS,India,Maharashtra,Maharashtra & Vidarbha (Deccan),Nagpur,21.1458,79.0882,Groundnut (Peanut),Groundnut (Peanut),Kharif,2025,Control (Untreated Check),Untreated Check,Untreated Check,0,Untreated,0.0,1,0,0.36,0.36,7.61,220.1,27.6,341.9,46.0,15.8,0.76,0.69,27.8,1,705.1,1807.0,54.6,5.3,19.9,0.757,12.54,12.54,12.54,12.54,0.0,0.0,0.0,0.0,IND_FIELD_1183,RCBD - 4 Replications,4,ICAR AICRP & Syngenta Multi-Locational Trials,https://icar.org.in
TR-2025-MA-01184,EXP-2025-MA-GRO-0592,ICAR_SYNGENTA_TRIALS,India,Maharashtra,Maharashtra & Vidarbha (Deccan),Nagpur,21.1458,79.0882,Groundnut (Peanut),Groundnut (Peanut),Kharif,2025,Syngenta Isabion,Syngenta Isabion,Biostimulant,1,Syngenta Isabion,1.5,0,1,0.36,0.36,7.61,220.1,27.6,341.9,46.0,15.8,0.76,0.69,27.8,1,705.1,1807.0,54.6,5.3,19.9,0.757,12.82,12.82,12.54,12.82,0.28,2.23,0.28,-62.0,IND_FIELD_1184,RCBD - 4 Replications,4,ICAR AICRP & Syngenta Multi-Locational Trials,https://icar.org.in
TR-2022-UT-01185,EXP-2022-UT-RIC-0593,ICAR_SYNGENTA_TRIALS,India,Uttar Pradesh,Indo-Gangetic Plain (Central),Varanasi,25.3176,82.9739,Rice (Paddy),Rice (Paddy),Kharif,2022,Control (Untreated Check),Untreated Check,Untreated Check,0,Untreated,0.0,1,0,0.64,0.64,8.23,197.8,31.9,257.8,40.0,21.6,1.07,0.29,29.5,2,494.8,1917.5,76.2,8.0,16.0,0.769,21.58,21.58,21.58,21.58,0.0,0.0,0.0,0.0,IND_FIELD_1185,RCBD - 4 Replications,4,ICAR AICRP & Syngenta Multi-Locational Trials,https://icar.org.in
TR-2022-UT-01186,EXP-2022-UT-RIC-0593,ICAR_SYNGENTA_TRIALS,India,Uttar Pradesh,Indo-Gangetic Plain (Central),Varanasi,25.3176,82.9739,Rice (Paddy),Rice (Paddy),Kharif,2022,Syngenta Quantis,Syngenta Quantis,Biostimulant,1,Syngenta Quantis,2.0,0,1,0.64,0.64,8.23,197.8,31.9,257.8,40.0,21.6,1.07,0.29,29.5,2,494.8,1917.5,76.2,8.0,16.0,0.769,23.99,23.99,21.58,23.99,2.41,11.17,2.41,9286.0,IND_FIELD_1186,RCBD - 4 Replications,4,ICAR AICRP & Syngenta Multi-Locational Trials,https://icar.org.in
TR-2023-KA-01187,EXP-2023-KA-CHI-0594,ICAR_SYNGENTA_TRIALS,India,Karnataka,Karnataka (Deccan Plateau),Dharwad,15.4589,75.0078,Chickpea (Gram / Chana),Chickpea (Gram / Chana),Rabi,2023,Control (Untreated Check),Untreated Check,Untreated Check,0,Untreated,0.0,1,0,0.56,0.56,7.5,247.9,15.7,289.3,34.2,10.3,0.67,0.55,29.5,1,30.0,1917.5,78.5,8.1,15.2,0.746,6.66,6.66,6.66,6.66,0.0,0.0,0.0,0.0,IND_FIELD_1187,RCBD - 4 Replications,4,ICAR AICRP & Syngenta Multi-Locational Trials,https://icar.org.in
TR-2023-KA-01188,EXP-2023-KA-CHI-0594,ICAR_SYNGENTA_TRIALS,India,Karnataka,Karnataka (Deccan Plateau),Dharwad,15.4589,75.0078,Chickpea (Gram / Chana),Chickpea (Gram / Chana),Rabi,2023,Syngenta Isabion,Syngenta Isabion,Biostimulant,1,Syngenta Isabion,1.5,0,1,0.56,0.56,7.5,247.9,15.7,289.3,34.2,10.3,0.67,0.55,29.5,1,30.0,1917.5,78.5,8.1,15.2,0.746,7.77,7.77,6.66,7.77,1.11,16.67,1.11,3756.0,IND_FIELD_1188,RCBD - 4 Replications,4,ICAR AICRP & Syngenta Multi-Locational Trials,https://icar.org.in
TR-2025-PU-01189,EXP-2025-PU-SOY-0595,ICAR_SYNGENTA_TRIALS,India,Punjab,Punjab & Haryana (Indo-Gangetic),Ludhiana,30.901,75.8573,Soybean,Soybean,Kharif,2025,Control (Untreated Check),Untreated Check,Untreated Check,0,Untreated,0.0,1,0,0.4,0.4,8.29,165.5,27.7,219.4,31.0,14.1,1.07,0.54,28.5,1,620.0,1852.5,72.3,10.5,20.8,0.639,9.86,9.86,9.86,9.86,0.0,0.0,0.0,0.0,IND_FIELD_1189,RCBD - 4 Replications,4,ICAR AICRP & Syngenta Multi-Locational Trials,https://icar.org.in
TR-2025-PU-01190,EXP-2025-PU-SOY-0595,ICAR_SYNGENTA_TRIALS,India,Punjab,Punjab & Haryana (Indo-Gangetic),Ludhiana,30.901,75.8573,Soybean,Soybean,Kharif,2025,Syngenta Quantis,Syngenta Quantis,Biostimulant,1,Syngenta Quantis,2.0,0,1,0.4,0.4,8.29,165.5,27.7,219.4,31.0,14.1,1.07,0.54,28.5,1,620.0,1852.5,72.3,10.5,20.8,0.639,10.87,10.87,9.86,10.87,1.01,10.24,1.01,2846.0,IND_FIELD_1190,RCBD - 4 Replications,4,ICAR AICRP & Syngenta Multi-Locational Trials,https://icar.org.in
TR-2022-TA-01191,EXP-2022-TA-MUS-0596,ICAR_SYNGENTA_TRIALS,India,Tamil Nadu,Tamil Nadu & Cauvery Delta,Coimbatore,11.0168,76.9558,Mustard / Rapeseed,Mustard / Rapeseed,Rabi,2022,Control (Untreated Check),Untreated Check,Untreated Check,0,Untreated,0.0,1,0,0.55,0.55,6.92,257.4,13.7,360.4,21.2,18.0,0.83,0.51,29.1,3,213.2,1891.5,74.5,4.7,17.0,0.893,6.53,6.53,6.53,6.53,0.0,0.0,0.0,0.0,IND_FIELD_1191,RCBD - 4 Replications,4,ICAR AICRP & Syngenta Multi-Locational Trials,https://icar.org.in
TR-2022-TA-01192,EXP-2022-TA-MUS-0596,ICAR_SYNGENTA_TRIALS,India,Tamil Nadu,Tamil Nadu & Cauvery Delta,Coimbatore,11.0168,76.9558,Mustard / Rapeseed,Mustard / Rapeseed,Rabi,2022,Syngenta Quantis,Syngenta Quantis,Biostimulant,1,Syngenta Quantis,1.5,0,1,0.55,0.55,6.92,257.4,13.7,360.4,21.2,18.0,0.83,0.51,29.1,3,213.2,1891.5,74.5,4.7,17.0,0.893,7.74,7.74,6.53,7.74,1.21,18.53,1.21,4216.0,IND_FIELD_1192,RCBD - 4 Replications,4,ICAR AICRP & Syngenta Multi-Locational Trials,https://icar.org.in
TR-2022-TE-01193,EXP-2022-TE-TOM-0597,ICAR_SYNGENTA_TRIALS,India,Telangana,Telangana & Andhra (Krishna Basin),Warangal,17.9689,79.5941,Tomato,Tomato,Annual,2022,Control (Untreated Check),Untreated Check,Untreated Check,0,Untreated,0.0,1,0,0.58,0.58,7.65,218.0,28.9,266.4,33.6,14.9,0.63,0.52,29.0,10,73.8,1885.0,57.9,4.3,17.0,0.779,111.2,111.2,111.2,111.2,0.0,0.0,0.0,0.0,IND_FIELD_1193,RCBD - 4 Replications,4,ICAR AICRP & Syngenta Multi-Locational Trials,https://icar.org.in
TR-2022-TE-01194,EXP-2022-TE-TOM-0597,ICAR_SYNGENTA_TRIALS,India,Telangana,Telangana & Andhra (Krishna Basin),Warangal,17.9689,79.5941,Tomato,Tomato,Annual,2022,Syngenta Isabion,Syngenta Isabion,Biostimulant,1,Syngenta Isabion,2.5,0,1,0.58,0.58,7.65,218.0,28.9,266.4,33.6,14.9,0.63,0.52,29.0,10,73.8,1885.0,57.9,4.3,17.0,0.779,137.13,137.13,111.2,137.13,25.93,23.32,25.93,117028.0,IND_FIELD_1194,RCBD - 4 Replications,4,ICAR AICRP & Syngenta Multi-Locational Trials,https://icar.org.in
TR-2021-KA-01195,EXP-2021-KA-MAI-0598,ICAR_SYNGENTA_TRIALS,India,Karnataka,Karnataka (Deccan Plateau),Dharwad,15.4589,75.0078,Maize,Maize,Kharif,2021,Control (Untreated Check),Untreated Check,Untreated Check,0,Untreated,0.0,1,0,0.67,0.67,7.78,286.3,28.8,284.7,32.0,17.0,1.1,0.57,32.4,4,968.3,2106.0,62.4,10.9,19.6,0.765,22.95,22.95,22.95,22.95,0.0,0.0,0.0,0.0,IND_FIELD_1195,RCBD - 4 Replications,4,ICAR AICRP & Syngenta Multi-Locational Trials,https://icar.org.in
TR-2021-KA-01196,EXP-2021-KA-MAI-0598,ICAR_SYNGENTA_TRIALS,India,Karnataka,Karnataka (Deccan Plateau),Dharwad,15.4589,75.0078,Maize,Maize,Kharif,2021,Syngenta Isabion,Syngenta Isabion,Biostimulant,1,Syngenta Isabion,2.0,0,1,0.67,0.67,7.78,286.3,28.8,284.7,32.0,17.0,1.1,0.57,32.4,4,968.3,2106.0,62.4,10.9,19.6,0.765,23.81,23.81,22.95,23.81,0.86,3.75,0.86,2156.0,IND_FIELD_1196,RCBD - 4 Replications,4,ICAR AICRP & Syngenta Multi-Locational Trials,https://icar.org.in
TR-2023-UT-01197,EXP-2023-UT-MUS-0599,ICAR_SYNGENTA_TRIALS,India,Uttar Pradesh,Indo-Gangetic Plain (Central),Varanasi,25.3176,82.9739,Mustard / Rapeseed,Mustard / Rapeseed,Rabi,2023,Control (Untreated Check),Untreated Check,Untreated Check,0,Untreated,0.0,1,0,0.49,0.49,8.08,189.5,25.0,276.0,32.9,14.5,0.55,0.64,26.1,6,220.6,1696.5,70.6,4.7,16.6,0.598,5.47,5.47,5.47,5.47,0.0,0.0,0.0,0.0,IND_FIELD_1197,RCBD - 4 Replications,4,ICAR AICRP & Syngenta Multi-Locational Trials,https://icar.org.in
TR-2023-UT-01198,EXP-2023-UT-MUS-0599,ICAR_SYNGENTA_TRIALS,India,Uttar Pradesh,Indo-Gangetic Plain (Central),Varanasi,25.3176,82.9739,Mustard / Rapeseed,Mustard / Rapeseed,Rabi,2023,Syngenta Quantis,Syngenta Quantis,Biostimulant,1,Syngenta Quantis,1.5,0,1,0.49,0.49,8.08,189.5,25.0,276.0,32.9,14.5,0.55,0.64,26.1,6,220.6,1696.5,70.6,4.7,16.6,0.598,6.31,6.31,5.47,6.31,0.84,15.36,0.84,2514.0,IND_FIELD_1198,RCBD - 4 Replications,4,ICAR AICRP & Syngenta Multi-Locational Trials,https://icar.org.in
TR-2023-KA-01199,EXP-2023-KA-SUG-0600,ICAR_SYNGENTA_TRIALS,India,Karnataka,Karnataka (Deccan Plateau),Dharwad,15.4589,75.0078,Sugarcane,Sugarcane,Annual,2023,Control (Untreated Check),Untreated Check,Untreated Check,0,Untreated,0.0,1,0,0.5,0.5,7.32,195.1,21.3,273.9,25.6,12.5,0.81,0.52,34.1,7,187.8,2216.5,79.6,12.7,17.9,0.734,282.28,282.28,282.28,282.28,0.0,0.0,0.0,0.0,IND_FIELD_1199,RCBD - 4 Replications,4,ICAR AICRP & Syngenta Multi-Locational Trials,https://icar.org.in
TR-2023-KA-01200,EXP-2023-KA-SUG-0600,ICAR_SYNGENTA_TRIALS,India,Karnataka,Karnataka (Deccan Plateau),Dharwad,15.4589,75.0078,Sugarcane,Sugarcane,Annual,2023,Syngenta CropBio+,Syngenta CropBio+,Biostimulant,1,Syngenta CropBio+,3.0,0,1,0.5,0.5,7.32,195.1,21.3,273.9,25.6,12.5,0.81,0.52,34.1,7,187.8,2216.5,79.6,12.7,17.9,0.734,330.16,330.16,282.28,330.16,47.88,16.96,47.88,217548.0,IND_FIELD_1200,RCBD - 4 Replications,4,ICAR AICRP & Syngenta Multi-Locational Trials,https://icar.org.in
TR-2021-KA-01201,EXP-2021-KA-SOY-0601,ICAR_SYNGENTA_TRIALS,India,Karnataka,Karnataka (Deccan Plateau),Dharwad,15.4589,75.0078,Soybean,Soybean,Kharif,2021,Control (Untreated Check),Untreated Check,Untreated Check,0,Untreated,0.0,1,0,0.71,0.71,6.84,254.7,16.8,257.6,30.3,11.1,0.85,0.5,28.7,1,640.1,1865.5,68.8,12.8,19.1,0.634,10.76,10.76,10.76,10.76,0.0,0.0,0.0,0.0,IND_FIELD_1201,RCBD - 4 Replications,4,ICAR AICRP & Syngenta Multi-Locational Trials,https://icar.org.in
TR-2021-KA-01202,EXP-2021-KA-SOY-0601,ICAR_SYNGENTA_TRIALS,India,Karnataka,Karnataka (Deccan Plateau),Dharwad,15.4589,75.0078,Soybean,Soybean,Kharif,2021,Syngenta Quantis,Syngenta Quantis,Biostimulant,1,Syngenta Quantis,2.0,0,1,0.71,0.71,6.84,254.7,16.8,257.6,30.3,11.1,0.85,0.5,28.7,1,640.1,1865.5,68.8,12.8,19.1,0.634,12.32,12.32,10.76,12.32,1.56,14.5,1.56,5376.0,IND_FIELD_1202,RCBD - 4 Replications,4,ICAR AICRP & Syngenta Multi-Locational Trials,https://icar.org.in
TR-2025-MA-01203,EXP-2025-MA-SUG-0602,ICAR_SYNGENTA_TRIALS,India,Maharashtra,Maharashtra & Vidarbha (Deccan),Nagpur,21.1458,79.0882,Sugarcane,Sugarcane,Annual,2025,Control (Untreated Check),Untreated Check,Untreated Check,0,Untreated,0.0,1,0,0.57,0.57,8.02,235.4,25.2,383.0,36.0,17.7,0.63,0.37,29.0,3,156.9,1885.0,62.6,11.8,13.8,0.643,317.41,317.41,317.41,317.41,0.0,0.0,0.0,0.0,IND_FIELD_1203,RCBD - 4 Replications,4,ICAR AICRP & Syngenta Multi-Locational Trials,https://icar.org.in
TR-2025-MA-01204,EXP-2025-MA-SUG-0602,ICAR_SYNGENTA_TRIALS,India,Maharashtra,Maharashtra & Vidarbha (Deccan),Nagpur,21.1458,79.0882,Sugarcane,Sugarcane,Annual,2025,Syngenta CropBio+,Syngenta CropBio+,Biostimulant,1,Syngenta CropBio+,3.0,0,1,0.57,0.57,8.02,235.4,25.2,383.0,36.0,17.7,0.63,0.37,29.0,3,156.9,1885.0,62.6,11.8,13.8,0.643,330.87,330.87,317.41,330.87,13.46,4.24,13.46,59216.0,IND_FIELD_1204,RCBD - 4 Replications,4,ICAR AICRP & Syngenta Multi-Locational Trials,https://icar.org.in
TR-2024-TA-01205,EXP-2024-TA-CHI-0603,ICAR_SYNGENTA_TRIALS,India,Tamil Nadu,Tamil Nadu & Cauvery Delta,Coimbatore,11.0168,76.9558,Chickpea (Gram / Chana),Chickpea (Gram / Chana),Rabi,2024,Control (Untreated Check),Untreated Check,Untreated Check,0,Untreated,0.0,1,0,0.46,0.46,7.96,252.6,14.5,312.3,34.0,22.2,0.93,0.53,25.9,4,251.1,1683.5,91.3,10.7,18.3,0.568,7.3,7.3,7.3,7.3,0.0,0.0,0.0,0.0,IND_FIELD_1205,RCBD - 4 Replications,4,ICAR AICRP & Syngenta Multi-Locational Trials,https://icar.org.in
TR-2024-TA-01206,EXP-2024-TA-CHI-0603,ICAR_SYNGENTA_TRIALS,India,Tamil Nadu,Tamil Nadu & Cauvery Delta,Coimbatore,11.0168,76.9558,Chickpea (Gram / Chana),Chickpea (Gram / Chana),Rabi,2024,Syngenta Isabion,Syngenta Isabion,Biostimulant,1,Syngenta Isabion,1.5,0,1,0.46,0.46,7.96,252.6,14.5,312.3,34.0,22.2,0.93,0.53,25.9,4,251.1,1683.5,91.3,10.7,18.3,0.568,8.47,8.47,7.3,8.47,1.17,16.03,1.17,4032.0,IND_FIELD_1206,RCBD - 4 Replications,4,ICAR AICRP & Syngenta Multi-Locational Trials,https://icar.org.in
TR-2021-UT-01207,EXP-2021-UT-SUG-0604,ICAR_SYNGENTA_TRIALS,India,Uttar Pradesh,Indo-Gangetic Plain (Central),Varanasi,25.3176,82.9739,Sugarcane,Sugarcane,Annual,2021,Control (Untreated Check),Untreated Check,Untreated Check,0,Untreated,0.0,1,0,0.35,0.35,7.91,245.0,22.3,228.1,36.0,13.4,0.77,0.64,28.0,4,30.3,1820.0,69.3,10.5,18.5,0.639,256.65,256.65,256.65,256.65,0.0,0.0,0.0,0.0,IND_FIELD_1207,RCBD - 4 Replications,4,ICAR AICRP & Syngenta Multi-Locational Trials,https://icar.org.in
TR-2021-UT-01208,EXP-2021-UT-SUG-0604,ICAR_SYNGENTA_TRIALS,India,Uttar Pradesh,Indo-Gangetic Plain (Central),Varanasi,25.3176,82.9739,Sugarcane,Sugarcane,Annual,2021,Syngenta CropBio+,Syngenta CropBio+,Biostimulant,1,Syngenta CropBio+,3.0,0,1,0.35,0.35,7.91,245.0,22.3,228.1,36.0,13.4,0.77,0.64,28.0,4,30.3,1820.0,69.3,10.5,18.5,0.639,281.22,281.22,256.65,281.22,24.57,9.57,24.57,110322.0,IND_FIELD_1208,RCBD - 4 Replications,4,ICAR AICRP & Syngenta Multi-Locational Trials,https://icar.org.in
TR-2024-KA-01209,EXP-2024-KA-ONI-0605,ICAR_SYNGENTA_TRIALS,India,Karnataka,Karnataka (Deccan Plateau),Dharwad,15.4589,75.0078,Onion,Onion,Rabi,2024,Control (Untreated Check),Untreated Check,Untreated Check,0,Untreated,0.0,1,0,0.6,0.6,6.87,283.2,23.6,349.0,32.6,12.3,0.65,0.49,26.1,4,360.7,1696.5,59.1,11.3,18.3,0.706,128.52,128.52,128.52,128.52,0.0,0.0,0.0,0.0,IND_FIELD_1209,RCBD - 4 Replications,4,ICAR AICRP & Syngenta Multi-Locational Trials,https://icar.org.in
TR-2024-KA-01210,EXP-2024-KA-ONI-0605,ICAR_SYNGENTA_TRIALS,India,Karnataka,Karnataka (Deccan Plateau),Dharwad,15.4589,75.0078,Onion,Onion,Rabi,2024,Syngenta Quantis,Syngenta Quantis,Biostimulant,1,Syngenta Quantis,2.0,0,1,0.6,0.6,6.87,283.2,23.6,349.0,32.6,12.3,0.65,0.49,26.1,4,360.7,1696.5,59.1,11.3,18.3,0.706,151.68,151.68,128.52,151.68,23.16,18.02,23.16,104736.0,IND_FIELD_1210,RCBD - 4 Replications,4,ICAR AICRP & Syngenta Multi-Locational Trials,https://icar.org.in
TR-2022-GU-01211,EXP-2022-GU-TUR-0606,ICAR_SYNGENTA_TRIALS,India,Gujarat,Gujarat & Saurashtra Plain,Rajkot,22.3039,70.8022,Tur / Pigeon Pea (Arhar),Tur / Pigeon Pea (Arhar),Kharif,2022,Control (Untreated Check),Untreated Check,Untreated Check,0,Untreated,0.0,1,0,0.5,0.5,7.99,197.3,15.9,376.5,29.0,12.3,1.13,0.62,31.0,6,802.6,2015.0,74.2,12.2,15.4,0.731,7.63,7.63,7.63,7.63,0.0,0.0,0.0,0.0,IND_FIELD_1211,RCBD - 4 Replications,4,ICAR AICRP & Syngenta Multi-Locational Trials,https://icar.org.in
TR-2022-GU-01212,EXP-2022-GU-TUR-0606,ICAR_SYNGENTA_TRIALS,India,Gujarat,Gujarat & Saurashtra Plain,Rajkot,22.3039,70.8022,Tur / Pigeon Pea (Arhar),Tur / Pigeon Pea (Arhar),Kharif,2022,Syngenta Quantis,Syngenta Quantis,Biostimulant,1,Syngenta Quantis,2.0,0,1,0.5,0.5,7.99,197.3,15.9,376.5,29.0,12.3,1.13,0.62,31.0,6,802.6,2015.0,74.2,12.2,15.4,0.731,8.85,8.85,7.63,8.85,1.22,15.99,1.22,3812.0,IND_FIELD_1212,RCBD - 4 Replications,4,ICAR AICRP & Syngenta Multi-Locational Trials,https://icar.org.in
TR-2022-MA-01213,EXP-2022-MA-SUG-0607,ICAR_SYNGENTA_TRIALS,India,Madhya Pradesh,Madhya Pradesh & Central Belt,Bhopal,23.2599,77.4126,Sugarcane,Sugarcane,Annual,2022,Control (Untreated Check),Untreated Check,Untreated Check,0,Untreated,0.0,1,0,0.66,0.66,7.59,205.5,19.5,330.7,23.2,15.8,0.78,0.59,28.9,4,157.9,1878.5,65.8,13.2,18.7,0.744,301.18,301.18,301.18,301.18,0.0,0.0,0.0,0.0,IND_FIELD_1213,RCBD - 4 Replications,4,ICAR AICRP & Syngenta Multi-Locational Trials,https://icar.org.in
TR-2022-MA-01214,EXP-2022-MA-SUG-0607,ICAR_SYNGENTA_TRIALS,India,Madhya Pradesh,Madhya Pradesh & Central Belt,Bhopal,23.2599,77.4126,Sugarcane,Sugarcane,Annual,2022,Syngenta CropBio+,Syngenta CropBio+,Biostimulant,1,Syngenta CropBio+,3.0,0,1,0.66,0.66,7.59,205.5,19.5,330.7,23.2,15.8,0.78,0.59,28.9,4,157.9,1878.5,65.8,13.2,18.7,0.744,327.31,327.31,301.18,327.31,26.13,8.68,26.13,117498.0,IND_FIELD_1214,RCBD - 4 Replications,4,ICAR AICRP & Syngenta Multi-Locational Trials,https://icar.org.in
TR-2023-TE-01215,EXP-2023-TE-MUS-0608,ICAR_SYNGENTA_TRIALS,India,Telangana,Telangana & Andhra (Krishna Basin),Warangal,17.9689,79.5941,Mustard / Rapeseed,Mustard / Rapeseed,Rabi,2023,Control (Untreated Check),Untreated Check,Untreated Check,0,Untreated,0.0,1,0,0.49,0.49,7.79,263.9,25.6,260.7,29.9,17.4,1.09,0.64,26.8,1,45.8,1742.0,72.6,13.0,19.0,0.589,6.34,6.34,6.34,6.34,0.0,0.0,0.0,0.0,IND_FIELD_1215,RCBD - 4 Replications,4,ICAR AICRP & Syngenta Multi-Locational Trials,https://icar.org.in
TR-2023-TE-01216,EXP-2023-TE-MUS-0608,ICAR_SYNGENTA_TRIALS,India,Telangana,Telangana & Andhra (Krishna Basin),Warangal,17.9689,79.5941,Mustard / Rapeseed,Mustard / Rapeseed,Rabi,2023,Syngenta Quantis,Syngenta Quantis,Biostimulant,1,Syngenta Quantis,1.5,0,1,0.49,0.49,7.79,263.9,25.6,260.7,29.9,17.4,1.09,0.64,26.8,1,45.8,1742.0,72.6,13.0,19.0,0.589,7.24,7.24,6.34,7.24,0.9,14.2,0.9,2790.0,IND_FIELD_1216,RCBD - 4 Replications,4,ICAR AICRP & Syngenta Multi-Locational Trials,https://icar.org.in
TR-2024-PU-01217,EXP-2024-PU-SUG-0609,ICAR_SYNGENTA_TRIALS,India,Punjab,Punjab & Haryana (Indo-Gangetic),Ludhiana,30.901,75.8573,Sugarcane,Sugarcane,Annual,2024,Control (Untreated Check),Untreated Check,Untreated Check,0,Untreated,0.0,1,0,0.6,0.6,8.24,191.1,36.3,148.1,28.9,11.4,0.98,0.44,30.2,2,49.2,1963.0,72.4,9.8,20.4,0.483,298.25,298.25,298.25,298.25,0.0,0.0,0.0,0.0,IND_FIELD_1217,RCBD - 4 Replications,4,ICAR AICRP & Syngenta Multi-Locational Trials,https://icar.org.in
TR-2024-PU-01218,EXP-2024-PU-SUG-0609,ICAR_SYNGENTA_TRIALS,India,Punjab,Punjab & Haryana (Indo-Gangetic),Ludhiana,30.901,75.8573,Sugarcane,Sugarcane,Annual,2024,Syngenta CropBio+,Syngenta CropBio+,Biostimulant,1,Syngenta CropBio+,3.0,0,1,0.6,0.6,8.24,191.1,36.3,148.1,28.9,11.4,0.98,0.44,30.2,2,49.2,1963.0,72.4,9.8,20.4,0.483,322.38,322.38,298.25,322.38,24.13,8.09,24.13,108298.0,IND_FIELD_1218,RCBD - 4 Replications,4,ICAR AICRP & Syngenta Multi-Locational Trials,https://icar.org.in
TR-2023-UT-01219,EXP-2023-UT-TOM-0610,ICAR_SYNGENTA_TRIALS,India,Uttar Pradesh,Indo-Gangetic Plain (Central),Varanasi,25.3176,82.9739,Tomato,Tomato,Annual,2023,Control (Untreated Check),Untreated Check,Untreated Check,0,Untreated,0.0,1,0,0.5,0.5,7.74,198.9,23.0,217.9,35.5,14.3,0.69,0.45,30.0,3,225.7,1950.0,60.8,9.2,18.9,0.719,163.3,163.3,163.3,163.3,0.0,0.0,0.0,0.0,IND_FIELD_1219,RCBD - 4 Replications,4,ICAR AICRP & Syngenta Multi-Locational Trials,https://icar.org.in
TR-2023-UT-01220,EXP-2023-UT-TOM-0610,ICAR_SYNGENTA_TRIALS,India,Uttar Pradesh,Indo-Gangetic Plain (Central),Varanasi,25.3176,82.9739,Tomato,Tomato,Annual,2023,Syngenta Isabion,Syngenta Isabion,Biostimulant,1,Syngenta Isabion,2.5,0,1,0.5,0.5,7.74,198.9,23.0,217.9,35.5,14.3,0.69,0.45,30.0,3,225.7,1950.0,60.8,9.2,18.9,0.719,190.36,190.36,163.3,190.36,27.06,16.57,27.06,122226.0,IND_FIELD_1220,RCBD - 4 Replications,4,ICAR AICRP & Syngenta Multi-Locational Trials,https://icar.org.in
TR-2022-TE-01221,EXP-2022-TE-TUR-0611,ICAR_SYNGENTA_TRIALS,India,Telangana,Telangana & Andhra (Krishna Basin),Warangal,17.9689,79.5941,Tur / Pigeon Pea (Arhar),Tur / Pigeon Pea (Arhar),Kharif,2022,Control (Untreated Check),Untreated Check,Untreated Check,0,Untreated,0.0,1,0,0.57,0.57,7.21,234.3,16.0,257.0,37.3,13.2,0.83,0.58,29.3,2,763.0,1904.5,77.3,10.1,19.5,0.717,7.98,7.98,7.98,7.98,0.0,0.0,0.0,0.0,IND_FIELD_1221,RCBD - 4 Replications,4,ICAR AICRP & Syngenta Multi-Locational Trials,https://icar.org.in
TR-2022-TE-01222,EXP-2022-TE-TUR-0611,ICAR_SYNGENTA_TRIALS,India,Telangana,Telangana & Andhra (Krishna Basin),Warangal,17.9689,79.5941,Tur / Pigeon Pea (Arhar),Tur / Pigeon Pea (Arhar),Kharif,2022,Syngenta Quantis,Syngenta Quantis,Biostimulant,1,Syngenta Quantis,2.0,0,1,0.57,0.57,7.21,234.3,16.0,257.0,37.3,13.2,0.83,0.58,29.3,2,763.0,1904.5,77.3,10.1,19.5,0.717,8.14,8.14,7.98,8.14,0.16,2.01,0.16,-1064.0,IND_FIELD_1222,RCBD - 4 Replications,4,ICAR AICRP & Syngenta Multi-Locational Trials,https://icar.org.in
TR-2024-MA-01223,EXP-2024-MA-ONI-0612,ICAR_SYNGENTA_TRIALS,India,Maharashtra,Maharashtra & Vidarbha (Deccan),Nagpur,21.1458,79.0882,Onion,Onion,Rabi,2024,Control (Untreated Check),Untreated Check,Untreated Check,0,Untreated,0.0,1,0,0.67,0.67,7.54,193.3,19.7,319.6,35.3,12.1,0.65,0.69,30.6,3,30.0,1989.0,65.5,9.8,18.1,0.674,113.56,113.56,113.56,113.56,0.0,0.0,0.0,0.0,IND_FIELD_1223,RCBD - 4 Replications,4,ICAR AICRP & Syngenta Multi-Locational Trials,https://icar.org.in
TR-2024-MA-01224,EXP-2024-MA-ONI-0612,ICAR_SYNGENTA_TRIALS,India,Maharashtra,Maharashtra & Vidarbha (Deccan),Nagpur,21.1458,79.0882,Onion,Onion,Rabi,2024,Syngenta Quantis,Syngenta Quantis,Biostimulant,1,Syngenta Quantis,2.0,0,1,0.67,0.67,7.54,193.3,19.7,319.6,35.3,12.1,0.65,0.69,30.6,3,30.0,1989.0,65.5,9.8,18.1,0.674,120.44,120.44,113.56,120.44,6.88,6.06,6.88,29848.0,IND_FIELD_1224,RCBD - 4 Replications,4,ICAR AICRP & Syngenta Multi-Locational Trials,https://icar.org.in
TR-2022-UT-01225,EXP-2022-UT-SUG-0613,ICAR_SYNGENTA_TRIALS,India,Uttar Pradesh,Indo-Gangetic Plain (Central),Varanasi,25.3176,82.9739,Sugarcane,Sugarcane,Annual,2022,Control (Untreated Check),Untreated Check,Untreated Check,0,Untreated,0.0,1,0,0.31,0.31,7.96,266.2,20.9,169.2,27.6,15.0,0.75,0.49,28.3,3,30.0,1839.5,77.4,10.2,22.3,0.716,291.15,291.15,291.15,291.15,0.0,0.0,0.0,0.0,IND_FIELD_1225,RCBD - 4 Replications,4,ICAR AICRP & Syngenta Multi-Locational Trials,https://icar.org.in
TR-2022-UT-01226,EXP-2022-UT-SUG-0613,ICAR_SYNGENTA_TRIALS,India,Uttar Pradesh,Indo-Gangetic Plain (Central),Varanasi,25.3176,82.9739,Sugarcane,Sugarcane,Annual,2022,Syngenta CropBio+,Syngenta CropBio+,Biostimulant,1,Syngenta CropBio+,3.0,0,1,0.31,0.31,7.96,266.2,20.9,169.2,27.6,15.0,0.75,0.49,28.3,3,30.0,1839.5,77.4,10.2,22.3,0.716,303.7,303.7,291.15,303.7,12.55,4.31,12.55,55030.0,IND_FIELD_1226,RCBD - 4 Replications,4,ICAR AICRP & Syngenta Multi-Locational Trials,https://icar.org.in
TR-2024-PU-01227,EXP-2024-PU-COT-0614,ICAR_SYNGENTA_TRIALS,India,Punjab,Punjab & Haryana (Indo-Gangetic),Ludhiana,30.901,75.8573,Cotton,Cotton,Kharif,2024,Control (Untreated Check),Untreated Check,Untreated Check,0,Untreated,0.0,1,0,0.26,0.26,7.73,231.1,25.0,191.2,24.5,16.4,0.66,0.48,25.9,2,559.8,1683.5,57.7,6.6,17.9,0.614,10.17,10.17,10.17,10.17,0.0,0.0,0.0,0.0,IND_FIELD_1227,RCBD - 4 Replications,4,ICAR AICRP & Syngenta Multi-Locational Trials,https://icar.org.in
TR-2024-PU-01228,EXP-2024-PU-COT-0614,ICAR_SYNGENTA_TRIALS,India,Punjab,Punjab & Haryana (Indo-Gangetic),Ludhiana,30.901,75.8573,Cotton,Cotton,Kharif,2024,Syngenta Isabion,Syngenta Isabion,Biostimulant,1,Syngenta Isabion,1.5,0,1,0.26,0.26,7.73,231.1,25.0,191.2,24.5,16.4,0.66,0.48,25.9,2,559.8,1683.5,57.7,6.6,17.9,0.614,10.62,10.62,10.17,10.62,0.45,4.42,0.45,720.0,IND_FIELD_1228,RCBD - 4 Replications,4,ICAR AICRP & Syngenta Multi-Locational Trials,https://icar.org.in
TR-2021-TE-01229,EXP-2021-TE-SUG-0615,ICAR_SYNGENTA_TRIALS,India,Telangana,Telangana & Andhra (Krishna Basin),Warangal,17.9689,79.5941,Sugarcane,Sugarcane,Annual,2021,Control (Untreated Check),Untreated Check,Untreated Check,0,Untreated,0.0,1,0,0.69,0.69,8.36,284.0,17.9,310.6,36.8,15.2,0.65,0.58,27.0,1,181.5,1755.0,78.0,8.8,18.3,0.736,327.55,327.55,327.55,327.55,0.0,0.0,0.0,0.0,IND_FIELD_1229,RCBD - 4 Replications,4,ICAR AICRP & Syngenta Multi-Locational Trials,https://icar.org.in
TR-2021-TE-01230,EXP-2021-TE-SUG-0615,ICAR_SYNGENTA_TRIALS,India,Telangana,Telangana & Andhra (Krishna Basin),Warangal,17.9689,79.5941,Sugarcane,Sugarcane,Annual,2021,Syngenta CropBio+,Syngenta CropBio+,Biostimulant,1,Syngenta CropBio+,3.0,0,1,0.69,0.69,8.36,284.0,17.9,310.6,36.8,15.2,0.65,0.58,27.0,1,181.5,1755.0,78.0,8.8,18.3,0.736,360.22,360.22,327.55,360.22,32.67,9.97,32.67,147582.0,IND_FIELD_1230,RCBD - 4 Replications,4,ICAR AICRP & Syngenta Multi-Locational Trials,https://icar.org.in
TR-2023-MA-01231,EXP-2023-MA-WHE-0616,ICAR_SYNGENTA_TRIALS,India,Madhya Pradesh,Madhya Pradesh & Central Belt,Bhopal,23.2599,77.4126,Wheat,Wheat,Rabi,2023,Control (Untreated Check),Untreated Check,Untreated Check,0,Untreated,0.0,1,0,0.55,0.55,7.45,290.0,22.8,276.6,42.3,16.5,1.0,0.64,25.1,3,214.8,1631.5,48.7,10.5,18.6,0.572,17.52,17.52,17.52,17.52,0.0,0.0,0.0,0.0,IND_FIELD_1231,RCBD - 4 Replications,4,ICAR AICRP & Syngenta Multi-Locational Trials,https://icar.org.in
TR-2023-MA-01232,EXP-2023-MA-WHE-0616,ICAR_SYNGENTA_TRIALS,India,Madhya Pradesh,Madhya Pradesh & Central Belt,Bhopal,23.2599,77.4126,Wheat,Wheat,Rabi,2023,Syngenta Quantis,Syngenta Quantis,Biostimulant,1,Syngenta Quantis,1.5,0,1,0.55,0.55,7.45,290.0,22.8,276.6,42.3,16.5,1.0,0.64,25.1,3,214.8,1631.5,48.7,10.5,18.6,0.572,19.93,19.93,17.52,19.93,2.41,13.76,2.41,9736.0,IND_FIELD_1232,RCBD - 4 Replications,4,ICAR AICRP & Syngenta Multi-Locational Trials,https://icar.org.in
TR-2022-TA-01233,EXP-2022-TA-COT-0617,ICAR_SYNGENTA_TRIALS,India,Tamil Nadu,Tamil Nadu & Cauvery Delta,Coimbatore,11.0168,76.9558,Cotton,Cotton,Kharif,2022,Control (Untreated Check),Untreated Check,Untreated Check,0,Untreated,0.0,1,0,0.37,0.37,8.36,256.3,10.5,317.8,37.5,19.0,0.73,0.65,27.8,3,652.7,1807.0,40.7,9.7,21.4,0.589,10.38,10.38,10.38,10.38,0.0,0.0,0.0,0.0,IND_FIELD_1233,RCBD - 4 Replications,4,ICAR AICRP & Syngenta Multi-Locational Trials,https://icar.org.in
TR-2022-TA-01234,EXP-2022-TA-COT-0617,ICAR_SYNGENTA_TRIALS,India,Tamil Nadu,Tamil Nadu & Cauvery Delta,Coimbatore,11.0168,76.9558,Cotton,Cotton,Kharif,2022,Syngenta Isabion,Syngenta Isabion,Biostimulant,1,Syngenta Isabion,1.5,0,1,0.37,0.37,8.36,256.3,10.5,317.8,37.5,19.0,0.73,0.65,27.8,3,652.7,1807.0,40.7,9.7,21.4,0.589,11.57,11.57,10.38,11.57,1.19,11.46,1.19,4124.0,IND_FIELD_1234,RCBD - 4 Replications,4,ICAR AICRP & Syngenta Multi-Locational Trials,https://icar.org.in
TR-2024-GU-01235,EXP-2024-GU-MUS-0618,ICAR_SYNGENTA_TRIALS,India,Gujarat,Gujarat & Saurashtra Plain,Rajkot,22.3039,70.8022,Mustard / Rapeseed,Mustard / Rapeseed,Rabi,2024,Control (Untreated Check),Untreated Check,Untreated Check,0,Untreated,0.0,1,0,0.25,0.25,7.74,250.2,14.4,338.8,31.3,8.0,0.38,0.38,29.5,4,149.7,1917.5,51.5,10.6,17.7,0.616,5.19,5.19,5.19,5.19,0.0,0.0,0.0,0.0,IND_FIELD_1235,RCBD - 4 Replications,4,ICAR AICRP & Syngenta Multi-Locational Trials,https://icar.org.in
TR-2024-GU-01236,EXP-2024-GU-MUS-0618,ICAR_SYNGENTA_TRIALS,India,Gujarat,Gujarat & Saurashtra Plain,Rajkot,22.3039,70.8022,Mustard / Rapeseed,Mustard / Rapeseed,Rabi,2024,Syngenta Quantis,Syngenta Quantis,Biostimulant,1,Syngenta Quantis,1.5,0,1,0.25,0.25,7.74,250.2,14.4,338.8,31.3,8.0,0.38,0.38,29.5,4,149.7,1917.5,51.5,10.6,17.7,0.616,5.47,5.47,5.19,5.47,0.28,5.39,0.28,-62.0,IND_FIELD_1236,RCBD - 4 Replications,4,ICAR AICRP & Syngenta Multi-Locational Trials,https://icar.org.in
TR-2023-TE-01237,EXP-2023-TE-TOM-0619,ICAR_SYNGENTA_TRIALS,India,Telangana,Telangana & Andhra (Krishna Basin),Warangal,17.9689,79.5941,Tomato,Tomato,Annual,2023,Control (Untreated Check),Untreated Check,Untreated Check,0,Untreated,0.0,1,0,0.49,0.49,7.16,201.3,25.1,280.4,38.3,14.9,0.87,0.43,33.8,3,70.7,2197.0,72.4,10.3,17.5,0.664,166.37,166.37,166.37,166.37,0.0,0.0,0.0,0.0,IND_FIELD_1237,RCBD - 4 Replications,4,ICAR AICRP & Syngenta Multi-Locational Trials,https://icar.org.in
TR-2023-TE-01238,EXP-2023-TE-TOM-0619,ICAR_SYNGENTA_TRIALS,India,Telangana,Telangana & Andhra (Krishna Basin),Warangal,17.9689,79.5941,Tomato,Tomato,Annual,2023,Syngenta Isabion,Syngenta Isabion,Biostimulant,1,Syngenta Isabion,2.5,0,1,0.49,0.49,7.16,201.3,25.1,280.4,38.3,14.9,0.87,0.43,33.8,3,70.7,2197.0,72.4,10.3,17.5,0.664,183.99,183.99,166.37,183.99,17.62,10.59,17.62,78802.0,IND_FIELD_1238,RCBD - 4 Replications,4,ICAR AICRP & Syngenta Multi-Locational Trials,https://icar.org.in
TR-2022-TE-01239,EXP-2022-TE-SUG-0620,ICAR_SYNGENTA_TRIALS,India,Telangana,Telangana & Andhra (Krishna Basin),Warangal,17.9689,79.5941,Sugarcane,Sugarcane,Annual,2022,Control (Untreated Check),Untreated Check,Untreated Check,0,Untreated,0.0,1,0,0.29,0.29,6.83,249.8,23.5,256.3,28.1,11.6,1.15,0.66,30.5,5,46.8,1982.5,69.7,5.8,14.1,0.522,299.45,299.45,299.45,299.45,0.0,0.0,0.0,0.0,IND_FIELD_1239,RCBD - 4 Replications,4,ICAR AICRP & Syngenta Multi-Locational Trials,https://icar.org.in
TR-2022-TE-01240,EXP-2022-TE-SUG-0620,ICAR_SYNGENTA_TRIALS,India,Telangana,Telangana & Andhra (Krishna Basin),Warangal,17.9689,79.5941,Sugarcane,Sugarcane,Annual,2022,Syngenta CropBio+,Syngenta CropBio+,Biostimulant,1,Syngenta CropBio+,3.0,0,1,0.29,0.29,6.83,249.8,23.5,256.3,28.1,11.6,1.15,0.66,30.5,5,46.8,1982.5,69.7,5.8,14.1,0.522,340.26,340.26,299.45,340.26,40.81,13.63,40.81,185026.0,IND_FIELD_1240,RCBD - 4 Replications,4,ICAR AICRP & Syngenta Multi-Locational Trials,https://icar.org.in
TR-2024-UT-01241,EXP-2024-UT-MAI-0621,ICAR_SYNGENTA_TRIALS,India,Uttar Pradesh,Indo-Gangetic Plain (Central),Varanasi,25.3176,82.9739,Maize,Maize,Kharif,2024,Control (Untreated Check),Untreated Check,Untreated Check,0,Untreated,0.0,1,0,0.48,0.48,8.38,186.1,22.9,183.9,37.8,17.9,0.76,0.38,32.2,1,591.9,2093.0,64.0,6.5,19.2,0.626,24.19,24.19,24.19,24.19,0.0,0.0,0.0,0.0,IND_FIELD_1241,RCBD - 4 Replications,4,ICAR AICRP & Syngenta Multi-Locational Trials,https://icar.org.in
TR-2024-UT-01242,EXP-2024-UT-MAI-0621,ICAR_SYNGENTA_TRIALS,India,Uttar Pradesh,Indo-Gangetic Plain (Central),Varanasi,25.3176,82.9739,Maize,Maize,Kharif,2024,Syngenta Isabion,Syngenta Isabion,Biostimulant,1,Syngenta Isabion,2.0,0,1,0.48,0.48,8.38,186.1,22.9,183.9,37.8,17.9,0.76,0.38,32.2,1,591.9,2093.0,64.0,6.5,19.2,0.626,25.03,25.03,24.19,25.03,0.84,3.47,0.84,2064.0,IND_FIELD_1242,RCBD - 4 Replications,4,ICAR AICRP & Syngenta Multi-Locational Trials,https://icar.org.in
TR-2022-PU-01243,EXP-2022-PU-SOY-0622,ICAR_SYNGENTA_TRIALS,India,Punjab,Punjab & Haryana (Indo-Gangetic),Ludhiana,30.901,75.8573,Soybean,Soybean,Kharif,2022,Control (Untreated Check),Untreated Check,Untreated Check,0,Untreated,0.0,1,0,0.47,0.47,7.9,183.2,26.1,194.4,23.9,13.8,0.66,0.53,29.9,5,542.8,1943.5,85.5,5.7,12.8,0.717,10.14,10.14,10.14,10.14,0.0,0.0,0.0,0.0,IND_FIELD_1243,RCBD - 4 Replications,4,ICAR AICRP & Syngenta Multi-Locational Trials,https://icar.org.in
TR-2022-PU-01244,EXP-2022-PU-SOY-0622,ICAR_SYNGENTA_TRIALS,India,Punjab,Punjab & Haryana (Indo-Gangetic),Ludhiana,30.901,75.8573,Soybean,Soybean,Kharif,2022,Syngenta Quantis,Syngenta Quantis,Biostimulant,1,Syngenta Quantis,2.0,0,1,0.47,0.47,7.9,183.2,26.1,194.4,23.9,13.8,0.66,0.53,29.9,5,542.8,1943.5,85.5,5.7,12.8,0.717,10.17,10.17,10.14,10.17,0.03,0.3,0.03,-1662.0,IND_FIELD_1244,RCBD - 4 Replications,4,ICAR AICRP & Syngenta Multi-Locational Trials,https://icar.org.in
TR-2023-KA-01245,EXP-2023-KA-SUG-0623,ICAR_SYNGENTA_TRIALS,India,Karnataka,Karnataka (Deccan Plateau),Dharwad,15.4589,75.0078,Sugarcane,Sugarcane,Annual,2023,Control (Untreated Check),Untreated Check,Untreated Check,0,Untreated,0.0,1,0,0.61,0.61,6.79,295.8,17.3,285.4,36.4,14.2,0.45,0.6,26.3,0,178.9,1709.5,83.9,11.4,17.4,0.723,335.41,335.41,335.41,335.41,0.0,0.0,0.0,0.0,IND_FIELD_1245,RCBD - 4 Replications,4,ICAR AICRP & Syngenta Multi-Locational Trials,https://icar.org.in
TR-2023-KA-01246,EXP-2023-KA-SUG-0623,ICAR_SYNGENTA_TRIALS,India,Karnataka,Karnataka (Deccan Plateau),Dharwad,15.4589,75.0078,Sugarcane,Sugarcane,Annual,2023,Syngenta CropBio+,Syngenta CropBio+,Biostimulant,1,Syngenta CropBio+,3.0,0,1,0.61,0.61,6.79,295.8,17.3,285.4,36.4,14.2,0.45,0.6,26.3,0,178.9,1709.5,83.9,11.4,17.4,0.723,386.5,386.5,335.41,386.5,51.09,15.23,51.09,232314.0,IND_FIELD_1246,RCBD - 4 Replications,4,ICAR AICRP & Syngenta Multi-Locational Trials,https://icar.org.in
TR-2023-MA-01247,EXP-2023-MA-CHI-0624,ICAR_SYNGENTA_TRIALS,India,Madhya Pradesh,Madhya Pradesh & Central Belt,Bhopal,23.2599,77.4126,Chickpea (Gram / Chana),Chickpea (Gram / Chana),Rabi,2023,Control (Untreated Check),Untreated Check,Untreated Check,0,Untreated,0.0,1,0,0.52,0.52,6.6,232.8,25.5,351.9,16.5,9.3,0.35,0.65,29.1,3,291.9,1891.5,68.3,15.8,16.1,0.654,7.82,7.82,7.82,7.82,0.0,0.0,0.0,0.0,IND_FIELD_1247,RCBD - 4 Replications,4,ICAR AICRP & Syngenta Multi-Locational Trials,https://icar.org.in
TR-2023-MA-01248,EXP-2023-MA-CHI-0624,ICAR_SYNGENTA_TRIALS,India,Madhya Pradesh,Madhya Pradesh & Central Belt,Bhopal,23.2599,77.4126,Chickpea (Gram / Chana),Chickpea (Gram / Chana),Rabi,2023,Syngenta Isabion,Syngenta Isabion,Biostimulant,1,Syngenta Isabion,1.5,0,1,0.52,0.52,6.6,232.8,25.5,351.9,16.5,9.3,0.35,0.65,29.1,3,291.9,1891.5,68.3,15.8,16.1,0.654,8.38,8.38,7.82,8.38,0.56,7.16,0.56,1226.0,IND_FIELD_1248,RCBD - 4 Replications,4,ICAR AICRP & Syngenta Multi-Locational Trials,https://icar.org.in
TR-2025-PU-01249,EXP-2025-PU-MUS-0625,ICAR_SYNGENTA_TRIALS,India,Punjab,Punjab & Haryana (Indo-Gangetic),Ludhiana,30.901,75.8573,Mustard / Rapeseed,Mustard / Rapeseed,Rabi,2025,Control (Untreated Check),Untreated Check,Untreated Check,0,Untreated,0.0,1,0,0.4,0.4,8.05,204.7,30.3,150.2,32.5,11.8,0.65,0.34,31.3,4,281.4,2034.5,65.0,8.9,16.6,0.764,6.66,6.66,6.66,6.66,0.0,0.0,0.0,0.0,IND_FIELD_1249,RCBD - 4 Replications,4,ICAR AICRP & Syngenta Multi-Locational Trials,https://icar.org.in
TR-2025-PU-01250,EXP-2025-PU-MUS-0625,ICAR_SYNGENTA_TRIALS,India,Punjab,Punjab & Haryana (Indo-Gangetic),Ludhiana,30.901,75.8573,Mustard / Rapeseed,Mustard / Rapeseed,Rabi,2025,Syngenta Quantis,Syngenta Quantis,Biostimulant,1,Syngenta Quantis,1.5,0,1,0.4,0.4,8.05,204.7,30.3,150.2,32.5,11.8,0.65,0.34,31.3,4,281.4,2034.5,65.0,8.9,16.6,0.764,8.25,8.25,6.66,8.25,1.59,23.87,1.59,5964.0,IND_FIELD_1250,RCBD - 4 Replications,4,ICAR AICRP & Syngenta Multi-Locational Trials,https://icar.org.in
TR-2024-KA-01251,EXP-2024-KA-WHE-0626,ICAR_SYNGENTA_TRIALS,India,Karnataka,Karnataka (Deccan Plateau),Dharwad,15.4589,75.0078,Wheat,Wheat,Rabi,2024,Control (Untreated Check),Untreated Check,Untreated Check,0,Untreated,0.0,1,0,0.7,0.7,6.61,266.7,31.8,340.9,19.0,23.5,0.9,0.64,25.8,3,53.6,1677.0,65.0,6.6,18.0,0.686,17.61,17.61,17.61,17.61,0.0,0.0,0.0,0.0,IND_FIELD_1251,RCBD - 4 Replications,4,ICAR AICRP & Syngenta Multi-Locational Trials,https://icar.org.in
TR-2024-KA-01252,EXP-2024-KA-WHE-0626,ICAR_SYNGENTA_TRIALS,India,Karnataka,Karnataka (Deccan Plateau),Dharwad,15.4589,75.0078,Wheat,Wheat,Rabi,2024,Syngenta Quantis,Syngenta Quantis,Biostimulant,1,Syngenta Quantis,1.5,0,1,0.7,0.7,6.61,266.7,31.8,340.9,19.0,23.5,0.9,0.64,25.8,3,53.6,1677.0,65.0,6.6,18.0,0.686,18.69,18.69,17.61,18.69,1.08,6.13,1.08,3618.0,IND_FIELD_1252,RCBD - 4 Replications,4,ICAR AICRP & Syngenta Multi-Locational Trials,https://icar.org.in
TR-2022-MA-01253,EXP-2022-MA-SUG-0627,ICAR_SYNGENTA_TRIALS,India,Madhya Pradesh,Madhya Pradesh & Central Belt,Bhopal,23.2599,77.4126,Sugarcane,Sugarcane,Annual,2022,Control (Untreated Check),Untreated Check,Untreated Check,0,Untreated,0.0,1,0,0.54,0.54,7.43,206.0,25.9,366.5,41.2,13.3,0.33,0.58,28.8,3,67.8,1872.0,69.7,16.2,18.0,0.599,286.99,286.99,286.99,286.99,0.0,0.0,0.0,0.0,IND_FIELD_1253,RCBD - 4 Replications,4,ICAR AICRP & Syngenta Multi-Locational Trials,https://icar.org.in
TR-2022-MA-01254,EXP-2022-MA-SUG-0627,ICAR_SYNGENTA_TRIALS,India,Madhya Pradesh,Madhya Pradesh & Central Belt,Bhopal,23.2599,77.4126,Sugarcane,Sugarcane,Annual,2022,Syngenta CropBio+,Syngenta CropBio+,Biostimulant,1,Syngenta CropBio+,3.0,0,1,0.54,0.54,7.43,206.0,25.9,366.5,41.2,13.3,0.33,0.58,28.8,3,67.8,1872.0,69.7,16.2,18.0,0.599,323.59,323.59,286.99,323.59,36.6,12.75,36.6,165660.0,IND_FIELD_1254,RCBD - 4 Replications,4,ICAR AICRP & Syngenta Multi-Locational Trials,https://icar.org.in
TR-2023-TA-01255,EXP-2023-TA-COT-0628,ICAR_SYNGENTA_TRIALS,India,Tamil Nadu,Tamil Nadu & Cauvery Delta,Coimbatore,11.0168,76.9558,Cotton,Cotton,Kharif,2023,Control (Untreated Check),Untreated Check,Untreated Check,0,Untreated,0.0,1,0,0.72,0.72,8.28,318.1,23.8,302.2,32.5,16.4,0.98,0.58,25.6,0,707.8,1664.0,58.9,9.2,14.7,0.708,12.0,12.0,12.0,12.0,0.0,0.0,0.0,0.0,IND_FIELD_1255,RCBD - 4 Replications,4,ICAR AICRP & Syngenta Multi-Locational Trials,https://icar.org.in
TR-2023-TA-01256,EXP-2023-TA-COT-0628,ICAR_SYNGENTA_TRIALS,India,Tamil Nadu,Tamil Nadu & Cauvery Delta,Coimbatore,11.0168,76.9558,Cotton,Cotton,Kharif,2023,Syngenta Isabion,Syngenta Isabion,Biostimulant,1,Syngenta Isabion,1.5,0,1,0.72,0.72,8.28,318.1,23.8,302.2,32.5,16.4,0.98,0.58,25.6,0,707.8,1664.0,58.9,9.2,14.7,0.708,12.65,12.65,12.0,12.65,0.65,5.42,0.65,1640.0,IND_FIELD_1256,RCBD - 4 Replications,4,ICAR AICRP & Syngenta Multi-Locational Trials,https://icar.org.in
TR-2025-GU-01257,EXP-2025-GU-MAI-0629,ICAR_SYNGENTA_TRIALS,India,Gujarat,Gujarat & Saurashtra Plain,Rajkot,22.3039,70.8022,Maize,Maize,Kharif,2025,Control (Untreated Check),Untreated Check,Untreated Check,0,Untreated,0.0,1,0,0.52,0.52,7.73,285.2,15.7,404.8,28.6,15.3,0.92,0.61,26.0,2,648.3,1690.0,84.7,9.6,19.1,0.582,26.67,26.67,26.67,26.67,0.0,0.0,0.0,0.0,IND_FIELD_1257,RCBD - 4 Replications,4,ICAR AICRP & Syngenta Multi-Locational Trials,https://icar.org.in
TR-2025-GU-01258,EXP-2025-GU-MAI-0629,ICAR_SYNGENTA_TRIALS,India,Gujarat,Gujarat & Saurashtra Plain,Rajkot,22.3039,70.8022,Maize,Maize,Kharif,2025,Syngenta Isabion,Syngenta Isabion,Biostimulant,1,Syngenta Isabion,2.0,0,1,0.52,0.52,7.73,285.2,15.7,404.8,28.6,15.3,0.92,0.61,26.0,2,648.3,1690.0,84.7,9.6,19.1,0.582,28.58,28.58,26.67,28.58,1.91,7.16,1.91,6986.0,IND_FIELD_1258,RCBD - 4 Replications,4,ICAR AICRP & Syngenta Multi-Locational Trials,https://icar.org.in
TR-2024-MA-01259,EXP-2024-MA-TOM-0630,ICAR_SYNGENTA_TRIALS,India,Maharashtra,Maharashtra & Vidarbha (Deccan),Nagpur,21.1458,79.0882,Tomato,Tomato,Annual,2024,Control (Untreated Check),Untreated Check,Untreated Check,0,Untreated,0.0,1,0,0.65,0.65,7.6,232.5,20.6,286.6,28.0,16.5,0.72,0.45,29.1,4,158.7,1891.5,69.3,3.7,18.2,0.605,148.37,148.37,148.37,148.37,0.0,0.0,0.0,0.0,IND_FIELD_1259,RCBD - 4 Replications,4,ICAR AICRP & Syngenta Multi-Locational Trials,https://icar.org.in
TR-2024-MA-01260,EXP-2024-MA-TOM-0630,ICAR_SYNGENTA_TRIALS,India,Maharashtra,Maharashtra & Vidarbha (Deccan),Nagpur,21.1458,79.0882,Tomato,Tomato,Annual,2024,Syngenta Isabion,Syngenta Isabion,Biostimulant,1,Syngenta Isabion,2.5,0,1,0.65,0.65,7.6,232.5,20.6,286.6,28.0,16.5,0.72,0.45,29.1,4,158.7,1891.5,69.3,3.7,18.2,0.605,170.26,170.26,148.37,170.26,21.89,14.75,21.89,98444.0,IND_FIELD_1260,RCBD - 4 Replications,4,ICAR AICRP & Syngenta Multi-Locational Trials,https://icar.org.in
TR-2021-PU-01261,EXP-2021-PU-MAI-0631,ICAR_SYNGENTA_TRIALS,India,Punjab,Punjab & Haryana (Indo-Gangetic),Ludhiana,30.901,75.8573,Maize,Maize,Kharif,2021,Control (Untreated Check),Untreated Check,Untreated Check,0,Untreated,0.0,1,0,0.34,0.34,7.57,214.4,27.2,178.0,28.0,14.8,0.86,0.53,26.4,0,706.5,1716.0,65.6,12.4,18.8,0.711,23.58,23.58,23.58,23.58,0.0,0.0,0.0,0.0,IND_FIELD_1261,RCBD - 4 Replications,4,ICAR AICRP & Syngenta Multi-Locational Trials,https://icar.org.in
TR-2021-PU-01262,EXP-2021-PU-MAI-0631,ICAR_SYNGENTA_TRIALS,India,Punjab,Punjab & Haryana (Indo-Gangetic),Ludhiana,30.901,75.8573,Maize,Maize,Kharif,2021,Syngenta Isabion,Syngenta Isabion,Biostimulant,1,Syngenta Isabion,2.0,0,1,0.34,0.34,7.57,214.4,27.2,178.0,28.0,14.8,0.86,0.53,26.4,0,706.5,1716.0,65.6,12.4,18.8,0.711,25.12,25.12,23.58,25.12,1.54,6.53,1.54,5284.0,IND_FIELD_1262,RCBD - 4 Replications,4,ICAR AICRP & Syngenta Multi-Locational Trials,https://icar.org.in
TR-2024-TA-01263,EXP-2024-TA-SOY-0632,ICAR_SYNGENTA_TRIALS,India,Tamil Nadu,Tamil Nadu & Cauvery Delta,Coimbatore,11.0168,76.9558,Soybean,Soybean,Kharif,2024,Control (Untreated Check),Untreated Check,Untreated Check,0,Untreated,0.0,1,0,0.71,0.71,7.48,262.3,25.1,294.8,31.5,8.8,0.84,0.62,26.2,6,553.0,1703.0,69.9,10.2,18.8,0.708,9.06,9.06,9.06,9.06,0.0,0.0,0.0,0.0,IND_FIELD_1263,RCBD - 4 Replications,4,ICAR AICRP & Syngenta Multi-Locational Trials,https://icar.org.in
TR-2024-TA-01264,EXP-2024-TA-SOY-0632,ICAR_SYNGENTA_TRIALS,India,Tamil Nadu,Tamil Nadu & Cauvery Delta,Coimbatore,11.0168,76.9558,Soybean,Soybean,Kharif,2024,Syngenta Quantis,Syngenta Quantis,Biostimulant,1,Syngenta Quantis,2.0,0,1,0.71,0.71,7.48,262.3,25.1,294.8,31.5,8.8,0.84,0.62,26.2,6,553.0,1703.0,69.9,10.2,18.8,0.708,10.16,10.16,9.06,10.16,1.1,12.14,1.1,3260.0,IND_FIELD_1264,RCBD - 4 Replications,4,ICAR AICRP & Syngenta Multi-Locational Trials,https://icar.org.in
TR-2022-MA-01265,EXP-2022-MA-TOM-0633,ICAR_SYNGENTA_TRIALS,India,Maharashtra,Maharashtra & Vidarbha (Deccan),Nagpur,21.1458,79.0882,Tomato,Tomato,Annual,2022,Control (Untreated Check),Untreated Check,Untreated Check,0,Untreated,0.0,1,0,0.54,0.54,7.74,176.9,15.8,412.0,42.1,12.1,0.74,0.54,32.2,5,183.1,2093.0,63.9,6.5,18.0,0.693,128.48,128.48,128.48,128.48,0.0,0.0,0.0,0.0,IND_FIELD_1265,RCBD - 4 Replications,4,ICAR AICRP & Syngenta Multi-Locational Trials,https://icar.org.in
TR-2022-MA-01266,EXP-2022-MA-TOM-0633,ICAR_SYNGENTA_TRIALS,India,Maharashtra,Maharashtra & Vidarbha (Deccan),Nagpur,21.1458,79.0882,Tomato,Tomato,Annual,2022,Syngenta Isabion,Syngenta Isabion,Biostimulant,1,Syngenta Isabion,2.5,0,1,0.54,0.54,7.74,176.9,15.8,412.0,42.1,12.1,0.74,0.54,32.2,5,183.1,2093.0,63.9,6.5,18.0,0.693,149.41,149.41,128.48,149.41,20.93,16.29,20.93,94028.0,IND_FIELD_1266,RCBD - 4 Replications,4,ICAR AICRP & Syngenta Multi-Locational Trials,https://icar.org.in
TR-2022-GU-01267,EXP-2022-GU-ONI-0634,ICAR_SYNGENTA_TRIALS,India,Gujarat,Gujarat & Saurashtra Plain,Rajkot,22.3039,70.8022,Onion,Onion,Rabi,2022,Control (Untreated Check),Untreated Check,Untreated Check,0,Untreated,0.0,1,0,0.56,0.56,7.6,189.7,13.2,417.9,32.9,6.5,0.96,0.76,30.0,3,269.0,1950.0,77.4,12.2,19.3,0.56,117.68,117.68,117.68,117.68,0.0,0.0,0.0,0.0,IND_FIELD_1267,RCBD - 4 Replications,4,ICAR AICRP & Syngenta Multi-Locational Trials,https://icar.org.in
TR-2022-GU-01268,EXP-2022-GU-ONI-0634,ICAR_SYNGENTA_TRIALS,India,Gujarat,Gujarat & Saurashtra Plain,Rajkot,22.3039,70.8022,Onion,Onion,Rabi,2022,Syngenta Quantis,Syngenta Quantis,Biostimulant,1,Syngenta Quantis,2.0,0,1,0.56,0.56,7.6,189.7,13.2,417.9,32.9,6.5,0.96,0.76,30.0,3,269.0,1950.0,77.4,12.2,19.3,0.56,124.43,124.43,117.68,124.43,6.75,5.74,6.75,29250.0,IND_FIELD_1268,RCBD - 4 Replications,4,ICAR AICRP & Syngenta Multi-Locational Trials,https://icar.org.in
TR-2023-MA-01269,EXP-2023-MA-MAI-0635,ICAR_SYNGENTA_TRIALS,India,Maharashtra,Maharashtra & Vidarbha (Deccan),Nagpur,21.1458,79.0882,Maize,Maize,Kharif,2023,Control (Untreated Check),Untreated Check,Untreated Check,0,Untreated,0.0,1,0,0.62,0.62,7.23,235.5,20.6,349.2,40.3,13.9,1.15,0.53,29.5,1,545.3,1917.5,73.8,13.3,19.1,0.716,22.08,22.08,22.08,22.08,0.0,0.0,0.0,0.0,IND_FIELD_1269,RCBD - 4 Replications,4,ICAR AICRP & Syngenta Multi-Locational Trials,https://icar.org.in
TR-2023-MA-01270,EXP-2023-MA-MAI-0635,ICAR_SYNGENTA_TRIALS,India,Maharashtra,Maharashtra & Vidarbha (Deccan),Nagpur,21.1458,79.0882,Maize,Maize,Kharif,2023,Syngenta Isabion,Syngenta Isabion,Biostimulant,1,Syngenta Isabion,2.0,0,1,0.62,0.62,7.23,235.5,20.6,349.2,40.3,13.9,1.15,0.53,29.5,1,545.3,1917.5,73.8,13.3,19.1,0.716,23.79,23.79,22.08,23.79,1.71,7.74,1.71,6066.0,IND_FIELD_1270,RCBD - 4 Replications,4,ICAR AICRP & Syngenta Multi-Locational Trials,https://icar.org.in
TR-2023-MA-01271,EXP-2023-MA-ONI-0636,ICAR_SYNGENTA_TRIALS,India,Maharashtra,Maharashtra & Vidarbha (Deccan),Nagpur,21.1458,79.0882,Onion,Onion,Rabi,2023,Control (Untreated Check),Untreated Check,Untreated Check,0,Untreated,0.0,1,0,0.27,0.27,7.81,213.7,20.8,371.9,30.1,15.0,0.84,0.37,27.4,2,191.3,1781.0,71.1,6.2,18.0,0.702,112.02,112.02,112.02,112.02,0.0,0.0,0.0,0.0,IND_FIELD_1271,RCBD - 4 Replications,4,ICAR AICRP & Syngenta Multi-Locational Trials,https://icar.org.in
TR-2023-MA-01272,EXP-2023-MA-ONI-0636,ICAR_SYNGENTA_TRIALS,India,Maharashtra,Maharashtra & Vidarbha (Deccan),Nagpur,21.1458,79.0882,Onion,Onion,Rabi,2023,Syngenta Quantis,Syngenta Quantis,Biostimulant,1,Syngenta Quantis,2.0,0,1,0.27,0.27,7.81,213.7,20.8,371.9,30.1,15.0,0.84,0.37,27.4,2,191.3,1781.0,71.1,6.2,18.0,0.702,124.25,124.25,112.02,124.25,12.23,10.92,12.23,54458.0,IND_FIELD_1272,RCBD - 4 Replications,4,ICAR AICRP & Syngenta Multi-Locational Trials,https://icar.org.in
TR-2021-KA-01273,EXP-2021-KA-COT-0637,ICAR_SYNGENTA_TRIALS,India,Karnataka,Karnataka (Deccan Plateau),Dharwad,15.4589,75.0078,Cotton,Cotton,Kharif,2021,Control (Untreated Check),Untreated Check,Untreated Check,0,Untreated,0.0,1,0,0.8,0.8,6.75,212.2,25.2,289.0,25.4,8.0,0.66,0.54,27.1,3,743.0,1761.5,87.8,11.9,16.9,0.67,11.84,11.84,11.84,11.84,0.0,0.0,0.0,0.0,IND_FIELD_1273,RCBD - 4 Replications,4,ICAR AICRP & Syngenta Multi-Locational Trials,https://icar.org.in
TR-2021-KA-01274,EXP-2021-KA-COT-0637,ICAR_SYNGENTA_TRIALS,India,Karnataka,Karnataka (Deccan Plateau),Dharwad,15.4589,75.0078,Cotton,Cotton,Kharif,2021,Syngenta Isabion,Syngenta Isabion,Biostimulant,1,Syngenta Isabion,1.5,0,1,0.8,0.8,6.75,212.2,25.2,289.0,25.4,8.0,0.66,0.54,27.1,3,743.0,1761.5,87.8,11.9,16.9,0.67,13.79,13.79,11.84,13.79,1.95,16.47,1.95,7620.0,IND_FIELD_1274,RCBD - 4 Replications,4,ICAR AICRP & Syngenta Multi-Locational Trials,https://icar.org.in
TR-2021-UT-01275,EXP-2021-UT-SUG-0638,ICAR_SYNGENTA_TRIALS,India,Uttar Pradesh,Indo-Gangetic Plain (Central),Varanasi,25.3176,82.9739,Sugarcane,Sugarcane,Annual,2021,Control (Untreated Check),Untreated Check,Untreated Check,0,Untreated,0.0,1,0,0.42,0.42,7.65,242.7,26.3,164.1,27.4,11.8,0.41,0.66,28.9,3,95.9,1878.5,81.7,9.1,18.3,0.688,285.39,285.39,285.39,285.39,0.0,0.0,0.0,0.0,IND_FIELD_1275,RCBD - 4 Replications,4,ICAR AICRP & Syngenta Multi-Locational Trials,https://icar.org.in
TR-2021-UT-01276,EXP-2021-UT-SUG-0638,ICAR_SYNGENTA_TRIALS,India,Uttar Pradesh,Indo-Gangetic Plain (Central),Varanasi,25.3176,82.9739,Sugarcane,Sugarcane,Annual,2021,Syngenta CropBio+,Syngenta CropBio+,Biostimulant,1,Syngenta CropBio+,3.0,0,1,0.42,0.42,7.65,242.7,26.3,164.1,27.4,11.8,0.41,0.66,28.9,3,95.9,1878.5,81.7,9.1,18.3,0.688,319.26,319.26,285.39,319.26,33.87,11.87,33.87,153102.0,IND_FIELD_1276,RCBD - 4 Replications,4,ICAR AICRP & Syngenta Multi-Locational Trials,https://icar.org.in
TR-2021-KA-01277,EXP-2021-KA-TUR-0639,ICAR_SYNGENTA_TRIALS,India,Karnataka,Karnataka (Deccan Plateau),Dharwad,15.4589,75.0078,Tur / Pigeon Pea (Arhar),Tur / Pigeon Pea (Arhar),Kharif,2021,Control (Untreated Check),Untreated Check,Untreated Check,0,Untreated,0.0,1,0,0.6,0.6,7.01,269.9,19.4,277.5,38.7,10.0,1.2,0.43,33.4,1,660.7,2171.0,54.3,11.5,20.4,0.723,7.79,7.79,7.79,7.79,0.0,0.0,0.0,0.0,IND_FIELD_1277,RCBD - 4 Replications,4,ICAR AICRP & Syngenta Multi-Locational Trials,https://icar.org.in
TR-2021-KA-01278,EXP-2021-KA-TUR-0639,ICAR_SYNGENTA_TRIALS,India,Karnataka,Karnataka (Deccan Plateau),Dharwad,15.4589,75.0078,Tur / Pigeon Pea (Arhar),Tur / Pigeon Pea (Arhar),Kharif,2021,Syngenta Quantis,Syngenta Quantis,Biostimulant,1,Syngenta Quantis,2.0,0,1,0.6,0.6,7.01,269.9,19.4,277.5,38.7,10.0,1.2,0.43,33.4,1,660.7,2171.0,54.3,11.5,20.4,0.723,7.98,7.98,7.79,7.98,0.19,2.44,0.19,-926.0,IND_FIELD_1278,RCBD - 4 Replications,4,ICAR AICRP & Syngenta Multi-Locational Trials,https://icar.org.in
TR-2024-TE-01279,EXP-2024-TE-TUR-0640,ICAR_SYNGENTA_TRIALS,India,Telangana,Telangana & Andhra (Krishna Basin),Warangal,17.9689,79.5941,Tur / Pigeon Pea (Arhar),Tur / Pigeon Pea (Arhar),Kharif,2024,Control (Untreated Check),Untreated Check,Untreated Check,0,Untreated,0.0,1,0,0.62,0.62,7.29,166.4,19.5,316.2,30.7,16.5,1.01,0.58,33.8,4,815.4,2197.0,66.3,10.5,20.9,0.603,7.66,7.66,7.66,7.66,0.0,0.0,0.0,0.0,IND_FIELD_1279,RCBD - 4 Replications,4,ICAR AICRP & Syngenta Multi-Locational Trials,https://icar.org.in
TR-2024-TE-01280,EXP-2024-TE-TUR-0640,ICAR_SYNGENTA_TRIALS,India,Telangana,Telangana & Andhra (Krishna Basin),Warangal,17.9689,79.5941,Tur / Pigeon Pea (Arhar),Tur / Pigeon Pea (Arhar),Kharif,2024,Syngenta Quantis,Syngenta Quantis,Biostimulant,1,Syngenta Quantis,2.0,0,1,0.62,0.62,7.29,166.4,19.5,316.2,30.7,16.5,1.01,0.58,33.8,4,815.4,2197.0,66.3,10.5,20.9,0.603,7.39,7.39,7.66,7.39,0.0,0.0,0.0,-1800.0,IND_FIELD_1280,RCBD - 4 Replications,4,ICAR AICRP & Syngenta Multi-Locational Trials,https://icar.org.in
TR-2021-UT-01281,EXP-2021-UT-ONI-0641,ICAR_SYNGENTA_TRIALS,India,Uttar Pradesh,Indo-Gangetic Plain (Central),Varanasi,25.3176,82.9739,Onion,Onion,Rabi,2021,Control (Untreated Check),Untreated Check,Untreated Check,0,Untreated,0.0,1,0,0.5,0.5,7.97,172.9,32.2,197.5,35.3,13.6,0.74,0.6,30.3,2,193.8,1969.5,73.2,8.2,23.7,0.589,131.84,131.84,131.84,131.84,0.0,0.0,0.0,0.0,IND_FIELD_1281,RCBD - 4 Replications,4,ICAR AICRP & Syngenta Multi-Locational Trials,https://icar.org.in
TR-2021-UT-01282,EXP-2021-UT-ONI-0641,ICAR_SYNGENTA_TRIALS,India,Uttar Pradesh,Indo-Gangetic Plain (Central),Varanasi,25.3176,82.9739,Onion,Onion,Rabi,2021,Syngenta Quantis,Syngenta Quantis,Biostimulant,1,Syngenta Quantis,2.0,0,1,0.5,0.5,7.97,172.9,32.2,197.5,35.3,13.6,0.74,0.6,30.3,2,193.8,1969.5,73.2,8.2,23.7,0.589,152.05,152.05,131.84,152.05,20.21,15.33,20.21,91166.0,IND_FIELD_1282,RCBD - 4 Replications,4,ICAR AICRP & Syngenta Multi-Locational Trials,https://icar.org.in
TR-2022-PU-01283,EXP-2022-PU-MUS-0642,ICAR_SYNGENTA_TRIALS,India,Punjab,Punjab & Haryana (Indo-Gangetic),Ludhiana,30.901,75.8573,Mustard / Rapeseed,Mustard / Rapeseed,Rabi,2022,Control (Untreated Check),Untreated Check,Untreated Check,0,Untreated,0.0,1,0,0.61,0.61,8.7,120.0,24.0,175.5,33.3,19.6,0.81,0.48,29.4,4,197.0,1911.0,67.7,9.0,20.0,0.53,6.76,6.76,6.76,6.76,0.0,0.0,0.0,0.0,IND_FIELD_1283,RCBD - 4 Replications,4,ICAR AICRP & Syngenta Multi-Locational Trials,https://icar.org.in
TR-2022-PU-01284,EXP-2022-PU-MUS-0642,ICAR_SYNGENTA_TRIALS,India,Punjab,Punjab & Haryana (Indo-Gangetic),Ludhiana,30.901,75.8573,Mustard / Rapeseed,Mustard / Rapeseed,Rabi,2022,Syngenta Quantis,Syngenta Quantis,Biostimulant,1,Syngenta Quantis,1.5,0,1,0.61,0.61,8.7,120.0,24.0,175.5,33.3,19.6,0.81,0.48,29.4,4,197.0,1911.0,67.7,9.0,20.0,0.53,7.78,7.78,6.76,7.78,1.02,15.09,1.02,3342.0,IND_FIELD_1284,RCBD - 4 Replications,4,ICAR AICRP & Syngenta Multi-Locational Trials,https://icar.org.in
TR-2023-TE-01285,EXP-2023-TE-TOM-0643,ICAR_SYNGENTA_TRIALS,India,Telangana,Telangana & Andhra (Krishna Basin),Warangal,17.9689,79.5941,Tomato,Tomato,Annual,2023,Control (Untreated Check),Untreated Check,Untreated Check,0,Untreated,0.0,1,0,0.45,0.45,7.27,235.0,27.5,297.3,22.2,13.1,0.59,0.53,32.7,2,135.2,2125.5,85.1,12.8,18.1,0.73,150.84,150.84,150.84,150.84,0.0,0.0,0.0,0.0,IND_FIELD_1285,RCBD - 4 Replications,4,ICAR AICRP & Syngenta Multi-Locational Trials,https://icar.org.in
TR-2023-TE-01286,EXP-2023-TE-TOM-0643,ICAR_SYNGENTA_TRIALS,India,Telangana,Telangana & Andhra (Krishna Basin),Warangal,17.9689,79.5941,Tomato,Tomato,Annual,2023,Syngenta Isabion,Syngenta Isabion,Biostimulant,1,Syngenta Isabion,2.5,0,1,0.45,0.45,7.27,235.0,27.5,297.3,22.2,13.1,0.59,0.53,32.7,2,135.2,2125.5,85.1,12.8,18.1,0.73,165.88,165.88,150.84,165.88,15.04,9.97,15.04,66934.0,IND_FIELD_1286,RCBD - 4 Replications,4,ICAR AICRP & Syngenta Multi-Locational Trials,https://icar.org.in
TR-2024-GU-01287,EXP-2024-GU-RIC-0644,ICAR_SYNGENTA_TRIALS,India,Gujarat,Gujarat & Saurashtra Plain,Rajkot,22.3039,70.8022,Rice (Paddy),Rice (Paddy),Kharif,2024,Control (Untreated Check),Untreated Check,Untreated Check,0,Untreated,0.0,1,0,0.42,0.42,8.22,227.3,20.6,382.1,24.0,20.0,1.21,0.52,27.4,6,741.2,1781.0,60.0,11.4,18.7,0.754,20.43,20.43,20.43,20.43,0.0,0.0,0.0,0.0,IND_FIELD_1287,RCBD - 4 Replications,4,ICAR AICRP & Syngenta Multi-Locational Trials,https://icar.org.in
TR-2024-GU-01288,EXP-2024-GU-RIC-0644,ICAR_SYNGENTA_TRIALS,India,Gujarat,Gujarat & Saurashtra Plain,Rajkot,22.3039,70.8022,Rice (Paddy),Rice (Paddy),Kharif,2024,Syngenta Quantis,Syngenta Quantis,Biostimulant,1,Syngenta Quantis,2.0,0,1,0.42,0.42,8.22,227.3,20.6,382.1,24.0,20.0,1.21,0.52,27.4,6,741.2,1781.0,60.0,11.4,18.7,0.754,23.78,23.78,20.43,23.78,3.35,16.4,3.35,13610.0,IND_FIELD_1288,RCBD - 4 Replications,4,ICAR AICRP & Syngenta Multi-Locational Trials,https://icar.org.in
TR-2023-MA-01289,EXP-2023-MA-SUG-0645,ICAR_SYNGENTA_TRIALS,India,Maharashtra,Maharashtra & Vidarbha (Deccan),Nagpur,21.1458,79.0882,Sugarcane,Sugarcane,Annual,2023,Control (Untreated Check),Untreated Check,Untreated Check,0,Untreated,0.0,1,0,0.57,0.57,7.4,212.6,18.9,335.2,38.9,16.0,0.94,0.56,34.1,5,255.2,2216.5,76.9,11.1,23.5,0.671,329.43,329.43,329.43,329.43,0.0,0.0,0.0,0.0,IND_FIELD_1289,RCBD - 4 Replications,4,ICAR AICRP & Syngenta Multi-Locational Trials,https://icar.org.in
TR-2023-MA-01290,EXP-2023-MA-SUG-0645,ICAR_SYNGENTA_TRIALS,India,Maharashtra,Maharashtra & Vidarbha (Deccan),Nagpur,21.1458,79.0882,Sugarcane,Sugarcane,Annual,2023,Syngenta CropBio+,Syngenta CropBio+,Biostimulant,1,Syngenta CropBio+,3.0,0,1,0.57,0.57,7.4,212.6,18.9,335.2,38.9,16.0,0.94,0.56,34.1,5,255.2,2216.5,76.9,11.1,23.5,0.671,387.58,387.58,329.43,387.58,58.15,17.65,58.15,264790.0,IND_FIELD_1290,RCBD - 4 Replications,4,ICAR AICRP & Syngenta Multi-Locational Trials,https://icar.org.in
TR-2024-TE-01291,EXP-2024-TE-RIC-0646,ICAR_SYNGENTA_TRIALS,India,Telangana,Telangana & Andhra (Krishna Basin),Warangal,17.9689,79.5941,Rice (Paddy),Rice (Paddy),Kharif,2024,Control (Untreated Check),Untreated Check,Untreated Check,0,Untreated,0.0,1,0,0.55,0.55,7.26,254.3,14.1,288.1,35.5,16.4,1.22,0.62,27.3,5,623.2,1774.5,80.5,7.6,22.6,0.636,21.11,21.11,21.11,21.11,0.0,0.0,0.0,0.0,IND_FIELD_1291,RCBD - 4 Replications,4,ICAR AICRP & Syngenta Multi-Locational Trials,https://icar.org.in
TR-2024-TE-01292,EXP-2024-TE-RIC-0646,ICAR_SYNGENTA_TRIALS,India,Telangana,Telangana & Andhra (Krishna Basin),Warangal,17.9689,79.5941,Rice (Paddy),Rice (Paddy),Kharif,2024,Syngenta Quantis,Syngenta Quantis,Biostimulant,1,Syngenta Quantis,2.0,0,1,0.55,0.55,7.26,254.3,14.1,288.1,35.5,16.4,1.22,0.62,27.3,5,623.2,1774.5,80.5,7.6,22.6,0.636,23.35,23.35,21.11,23.35,2.24,10.61,2.24,8504.0,IND_FIELD_1292,RCBD - 4 Replications,4,ICAR AICRP & Syngenta Multi-Locational Trials,https://icar.org.in
TR-2023-PU-01293,EXP-2023-PU-COT-0647,ICAR_SYNGENTA_TRIALS,India,Punjab,Punjab & Haryana (Indo-Gangetic),Ludhiana,30.901,75.8573,Cotton,Cotton,Kharif,2023,Control (Untreated Check),Untreated Check,Untreated Check,0,Untreated,0.0,1,0,0.28,0.28,7.77,206.2,32.0,184.7,24.2,13.1,0.99,0.48,32.6,7,572.3,2119.0,56.6,5.5,18.4,0.702,11.22,11.22,11.22,11.22,0.0,0.0,0.0,0.0,IND_FIELD_1293,RCBD - 4 Replications,4,ICAR AICRP & Syngenta Multi-Locational Trials,https://icar.org.in
TR-2023-PU-01294,EXP-2023-PU-COT-0647,ICAR_SYNGENTA_TRIALS,India,Punjab,Punjab & Haryana (Indo-Gangetic),Ludhiana,30.901,75.8573,Cotton,Cotton,Kharif,2023,Syngenta Isabion,Syngenta Isabion,Biostimulant,1,Syngenta Isabion,1.5,0,1,0.28,0.28,7.77,206.2,32.0,184.7,24.2,13.1,0.99,0.48,32.6,7,572.3,2119.0,56.6,5.5,18.4,0.702,12.87,12.87,11.22,12.87,1.65,14.71,1.65,6240.0,IND_FIELD_1294,RCBD - 4 Replications,4,ICAR AICRP & Syngenta Multi-Locational Trials,https://icar.org.in
TR-2022-PU-01295,EXP-2022-PU-SOY-0648,ICAR_SYNGENTA_TRIALS,India,Punjab,Punjab & Haryana (Indo-Gangetic),Ludhiana,30.901,75.8573,Soybean,Soybean,Kharif,2022,Control (Untreated Check),Untreated Check,Untreated Check,0,Untreated,0.0,1,0,0.25,0.25,8.07,210.0,29.4,241.1,33.7,15.0,0.88,0.46,28.3,6,709.4,1839.5,64.3,5.2,16.6,0.657,9.84,9.84,9.84,9.84,0.0,0.0,0.0,0.0,IND_FIELD_1295,RCBD - 4 Replications,4,ICAR AICRP & Syngenta Multi-Locational Trials,https://icar.org.in
TR-2022-PU-01296,EXP-2022-PU-SOY-0648,ICAR_SYNGENTA_TRIALS,India,Punjab,Punjab & Haryana (Indo-Gangetic),Ludhiana,30.901,75.8573,Soybean,Soybean,Kharif,2022,Syngenta Quantis,Syngenta Quantis,Biostimulant,1,Syngenta Quantis,2.0,0,1,0.25,0.25,8.07,210.0,29.4,241.1,33.7,15.0,0.88,0.46,28.3,6,709.4,1839.5,64.3,5.2,16.6,0.657,11.79,11.79,9.84,11.79,1.95,19.82,1.95,7170.0,IND_FIELD_1296,RCBD - 4 Replications,4,ICAR AICRP & Syngenta Multi-Locational Trials,https://icar.org.in
TR-2024-UT-01297,EXP-2024-UT-TUR-0649,ICAR_SYNGENTA_TRIALS,India,Uttar Pradesh,Indo-Gangetic Plain (Central),Varanasi,25.3176,82.9739,Tur / Pigeon Pea (Arhar),Tur / Pigeon Pea (Arhar),Kharif,2024,Control (Untreated Check),Untreated Check,Untreated Check,0,Untreated,0.0,1,0,0.41,0.41,7.54,213.7,23.3,209.0,36.0,15.3,0.99,0.73,27.1,3,809.4,1761.5,50.4,14.5,16.9,0.551,8.29,8.29,8.29,8.29,0.0,0.0,0.0,0.0,IND_FIELD_1297,RCBD - 4 Replications,4,ICAR AICRP & Syngenta Multi-Locational Trials,https://icar.org.in
TR-2024-UT-01298,EXP-2024-UT-TUR-0649,ICAR_SYNGENTA_TRIALS,India,Uttar Pradesh,Indo-Gangetic Plain (Central),Varanasi,25.3176,82.9739,Tur / Pigeon Pea (Arhar),Tur / Pigeon Pea (Arhar),Kharif,2024,Syngenta Quantis,Syngenta Quantis,Biostimulant,1,Syngenta Quantis,2.0,0,1,0.41,0.41,7.54,213.7,23.3,209.0,36.0,15.3,0.99,0.73,27.1,3,809.4,1761.5,50.4,14.5,16.9,0.551,9.21,9.21,8.29,9.21,0.92,11.1,0.92,2432.0,IND_FIELD_1298,RCBD - 4 Replications,4,ICAR AICRP & Syngenta Multi-Locational Trials,https://icar.org.in
TR-2021-KA-01299,EXP-2021-KA-MUS-0650,ICAR_SYNGENTA_TRIALS,India,Karnataka,Karnataka (Deccan Plateau),Dharwad,15.4589,75.0078,Mustard / Rapeseed,Mustard / Rapeseed,Rabi,2021,Control (Untreated Check),Untreated Check,Untreated Check,0,Untreated,0.0,1,0,0.64,0.64,6.74,228.2,24.1,274.5,22.7,14.2,0.49,0.78,28.2,3,42.9,1833.0,57.8,15.0,23.6,0.643,6.03,6.03,6.03,6.03,0.0,0.0,0.0,0.0,IND_FIELD_1299,RCBD - 4 Replications,4,ICAR AICRP & Syngenta Multi-Locational Trials,https://icar.org.in
TR-2021-KA-01300,EXP-2021-KA-MUS-0650,ICAR_SYNGENTA_TRIALS,India,Karnataka,Karnataka (Deccan Plateau),Dharwad,15.4589,75.0078,Mustard / Rapeseed,Mustard / Rapeseed,Rabi,2021,Syngenta Quantis,Syngenta Quantis,Biostimulant,1,Syngenta Quantis,1.5,0,1,0.64,0.64,6.74,228.2,24.1,274.5,22.7,14.2,0.49,0.78,28.2,3,42.9,1833.0,57.8,15.0,23.6,0.643,6.48,6.48,6.03,6.48,0.45,7.46,0.45,720.0,IND_FIELD_1300,RCBD - 4 Replications,4,ICAR AICRP & Syngenta Multi-Locational Trials,https://icar.org.in
TR-2024-GU-01301,EXP-2024-GU-TUR-0651,ICAR_SYNGENTA_TRIALS,India,Gujarat,Gujarat & Saurashtra Plain,Rajkot,22.3039,70.8022,Tur / Pigeon Pea (Arhar),Tur / Pigeon Pea (Arhar),Kharif,2024,Control (Untreated Check),Untreated Check,Untreated Check,0,Untreated,0.0,1,0,0.61,0.61,8.0,165.3,13.1,364.1,27.6,10.1,1.09,0.48,28.9,3,706.2,1878.5,70.5,9.3,15.3,0.741,8.1,8.1,8.1,8.1,0.0,0.0,0.0,0.0,IND_FIELD_1301,RCBD - 4 Replications,4,ICAR AICRP & Syngenta Multi-Locational Trials,https://icar.org.in
TR-2024-GU-01302,EXP-2024-GU-TUR-0651,ICAR_SYNGENTA_TRIALS,India,Gujarat,Gujarat & Saurashtra Plain,Rajkot,22.3039,70.8022,Tur / Pigeon Pea (Arhar),Tur / Pigeon Pea (Arhar),Kharif,2024,Syngenta Quantis,Syngenta Quantis,Biostimulant,1,Syngenta Quantis,2.0,0,1,0.61,0.61,8.0,165.3,13.1,364.1,27.6,10.1,1.09,0.48,28.9,3,706.2,1878.5,70.5,9.3,15.3,0.741,8.54,8.54,8.1,8.54,0.44,5.43,0.44,224.0,IND_FIELD_1302,RCBD - 4 Replications,4,ICAR AICRP & Syngenta Multi-Locational Trials,https://icar.org.in
TR-2024-TE-01303,EXP-2024-TE-GRO-0652,ICAR_SYNGENTA_TRIALS,India,Telangana,Telangana & Andhra (Krishna Basin),Warangal,17.9689,79.5941,Groundnut (Peanut),Groundnut (Peanut),Kharif,2024,Control (Untreated Check),Untreated Check,Untreated Check,0,Untreated,0.0,1,0,0.58,0.58,6.93,214.1,14.1,332.7,30.2,13.2,1.02,0.35,28.4,3,678.9,1846.0,57.9,10.0,17.1,0.646,11.12,11.12,11.12,11.12,0.0,0.0,0.0,0.0,IND_FIELD_1303,RCBD - 4 Replications,4,ICAR AICRP & Syngenta Multi-Locational Trials,https://icar.org.in
TR-2024-TE-01304,EXP-2024-TE-GRO-0652,ICAR_SYNGENTA_TRIALS,India,Telangana,Telangana & Andhra (Krishna Basin),Warangal,17.9689,79.5941,Groundnut (Peanut),Groundnut (Peanut),Kharif,2024,Syngenta Isabion,Syngenta Isabion,Biostimulant,1,Syngenta Isabion,1.5,0,1,0.58,0.58,6.93,214.1,14.1,332.7,30.2,13.2,1.02,0.35,28.4,3,678.9,1846.0,57.9,10.0,17.1,0.646,11.8,11.8,11.12,11.8,0.68,6.12,0.68,1778.0,IND_FIELD_1304,RCBD - 4 Replications,4,ICAR AICRP & Syngenta Multi-Locational Trials,https://icar.org.in
TR-2024-MA-01305,EXP-2024-MA-ONI-0653,ICAR_SYNGENTA_TRIALS,India,Madhya Pradesh,Madhya Pradesh & Central Belt,Bhopal,23.2599,77.4126,Onion,Onion,Rabi,2024,Control (Untreated Check),Untreated Check,Untreated Check,0,Untreated,0.0,1,0,0.64,0.64,7.1,212.6,13.7,290.3,30.4,14.3,0.99,0.62,31.9,3,330.4,2073.5,56.0,11.4,21.1,0.618,130.5,130.5,130.5,130.5,0.0,0.0,0.0,0.0,IND_FIELD_1305,RCBD - 4 Replications,4,ICAR AICRP & Syngenta Multi-Locational Trials,https://icar.org.in
TR-2024-MA-01306,EXP-2024-MA-ONI-0653,ICAR_SYNGENTA_TRIALS,India,Madhya Pradesh,Madhya Pradesh & Central Belt,Bhopal,23.2599,77.4126,Onion,Onion,Rabi,2024,Syngenta Quantis,Syngenta Quantis,Biostimulant,1,Syngenta Quantis,2.0,0,1,0.64,0.64,7.1,212.6,13.7,290.3,30.4,14.3,0.99,0.62,31.9,3,330.4,2073.5,56.0,11.4,21.1,0.618,142.96,142.96,130.5,142.96,12.46,9.55,12.46,55516.0,IND_FIELD_1306,RCBD - 4 Replications,4,ICAR AICRP & Syngenta Multi-Locational Trials,https://icar.org.in
TR-2025-MA-01307,EXP-2025-MA-MUS-0654,ICAR_SYNGENTA_TRIALS,India,Madhya Pradesh,Madhya Pradesh & Central Belt,Bhopal,23.2599,77.4126,Mustard / Rapeseed,Mustard / Rapeseed,Rabi,2025,Control (Untreated Check),Untreated Check,Untreated Check,0,Untreated,0.0,1,0,0.53,0.53,7.24,232.1,27.8,306.8,27.8,14.2,0.43,0.45,32.2,1,135.5,2093.0,75.4,13.2,17.4,0.65,6.78,6.78,6.78,6.78,0.0,0.0,0.0,0.0,IND_FIELD_1307,RCBD - 4 Replications,4,ICAR AICRP & Syngenta Multi-Locational Trials,https://icar.org.in
TR-2025-MA-01308,EXP-2025-MA-MUS-0654,ICAR_SYNGENTA_TRIALS,India,Madhya Pradesh,Madhya Pradesh & Central Belt,Bhopal,23.2599,77.4126,Mustard / Rapeseed,Mustard / Rapeseed,Rabi,2025,Syngenta Quantis,Syngenta Quantis,Biostimulant,1,Syngenta Quantis,1.5,0,1,0.53,0.53,7.24,232.1,27.8,306.8,27.8,14.2,0.43,0.45,32.2,1,135.5,2093.0,75.4,13.2,17.4,0.65,7.78,7.78,6.78,7.78,1.0,14.75,1.0,3250.0,IND_FIELD_1308,RCBD - 4 Replications,4,ICAR AICRP & Syngenta Multi-Locational Trials,https://icar.org.in
TR-2023-MA-01309,EXP-2023-MA-TUR-0655,ICAR_SYNGENTA_TRIALS,India,Madhya Pradesh,Madhya Pradesh & Central Belt,Bhopal,23.2599,77.4126,Tur / Pigeon Pea (Arhar),Tur / Pigeon Pea (Arhar),Kharif,2023,Control (Untreated Check),Untreated Check,Untreated Check,0,Untreated,0.0,1,0,0.52,0.52,8.11,208.7,15.1,305.9,40.0,12.3,0.73,0.67,30.6,1,762.9,1989.0,51.7,12.5,20.2,0.52,7.63,7.63,7.63,7.63,0.0,0.0,0.0,0.0,IND_FIELD_1309,RCBD - 4 Replications,4,ICAR AICRP & Syngenta Multi-Locational Trials,https://icar.org.in
TR-2023-MA-01310,EXP-2023-MA-TUR-0655,ICAR_SYNGENTA_TRIALS,India,Madhya Pradesh,Madhya Pradesh & Central Belt,Bhopal,23.2599,77.4126,Tur / Pigeon Pea (Arhar),Tur / Pigeon Pea (Arhar),Kharif,2023,Syngenta Quantis,Syngenta Quantis,Biostimulant,1,Syngenta Quantis,2.0,0,1,0.52,0.52,8.11,208.7,15.1,305.9,40.0,12.3,0.73,0.67,30.6,1,762.9,1989.0,51.7,12.5,20.2,0.52,7.31,7.31,7.63,7.31,0.0,0.0,0.0,-1800.0,IND_FIELD_1310,RCBD - 4 Replications,4,ICAR AICRP & Syngenta Multi-Locational Trials,https://icar.org.in
TR-2025-UT-01311,EXP-2025-UT-ONI-0656,ICAR_SYNGENTA_TRIALS,India,Uttar Pradesh,Indo-Gangetic Plain (Central),Varanasi,25.3176,82.9739,Onion,Onion,Rabi,2025,Control (Untreated Check),Untreated Check,Untreated Check,0,Untreated,0.0,1,0,0.37,0.37,7.61,208.8,29.2,261.3,28.2,17.8,0.97,0.68,23.7,0,108.1,1540.5,63.0,3.8,21.2,0.775,116.2,116.2,116.2,116.2,0.0,0.0,0.0,0.0,IND_FIELD_1311,RCBD - 4 Replications,4,ICAR AICRP & Syngenta Multi-Locational Trials,https://icar.org.in
TR-2025-UT-01312,EXP-2025-UT-ONI-0656,ICAR_SYNGENTA_TRIALS,India,Uttar Pradesh,Indo-Gangetic Plain (Central),Varanasi,25.3176,82.9739,Onion,Onion,Rabi,2025,Syngenta Quantis,Syngenta Quantis,Biostimulant,1,Syngenta Quantis,2.0,0,1,0.37,0.37,7.61,208.8,29.2,261.3,28.2,17.8,0.97,0.68,23.7,0,108.1,1540.5,63.0,3.8,21.2,0.775,111.77,111.77,116.2,111.77,0.0,0.0,0.0,-1800.0,IND_FIELD_1312,RCBD - 4 Replications,4,ICAR AICRP & Syngenta Multi-Locational Trials,https://icar.org.in
TR-2023-GU-01313,EXP-2023-GU-CHI-0657,ICAR_SYNGENTA_TRIALS,India,Gujarat,Gujarat & Saurashtra Plain,Rajkot,22.3039,70.8022,Chickpea (Gram / Chana),Chickpea (Gram / Chana),Rabi,2023,Control (Untreated Check),Untreated Check,Untreated Check,0,Untreated,0.0,1,0,0.48,0.48,8.21,223.9,20.9,434.5,39.6,13.7,0.63,0.6,27.9,3,56.1,1813.5,68.4,11.7,23.3,0.629,7.37,7.37,7.37,7.37,0.0,0.0,0.0,0.0,IND_FIELD_1313,RCBD - 4 Replications,4,ICAR AICRP & Syngenta Multi-Locational Trials,https://icar.org.in
TR-2023-GU-01314,EXP-2023-GU-CHI-0657,ICAR_SYNGENTA_TRIALS,India,Gujarat,Gujarat & Saurashtra Plain,Rajkot,22.3039,70.8022,Chickpea (Gram / Chana),Chickpea (Gram / Chana),Rabi,2023,Syngenta Isabion,Syngenta Isabion,Biostimulant,1,Syngenta Isabion,1.5,0,1,0.48,0.48,8.21,223.9,20.9,434.5,39.6,13.7,0.63,0.6,27.9,3,56.1,1813.5,68.4,11.7,23.3,0.629,7.31,7.31,7.37,7.31,0.0,0.0,0.0,-1350.0,IND_FIELD_1314,RCBD - 4 Replications,4,ICAR AICRP & Syngenta Multi-Locational Trials,https://icar.org.in
TR-2023-GU-01315,EXP-2023-GU-SOY-0658,ICAR_SYNGENTA_TRIALS,India,Gujarat,Gujarat & Saurashtra Plain,Rajkot,22.3039,70.8022,Soybean,Soybean,Kharif,2023,Control (Untreated Check),Untreated Check,Untreated Check,0,Untreated,0.0,1,0,0.46,0.46,7.69,203.6,21.5,314.9,18.3,17.8,0.65,0.6,34.4,2,763.6,2236.0,70.8,12.5,22.3,0.657,10.06,10.06,10.06,10.06,0.0,0.0,0.0,0.0,IND_FIELD_1315,RCBD - 4 Replications,4,ICAR AICRP & Syngenta Multi-Locational Trials,https://icar.org.in
TR-2023-GU-01316,EXP-2023-GU-SOY-0658,ICAR_SYNGENTA_TRIALS,India,Gujarat,Gujarat & Saurashtra Plain,Rajkot,22.3039,70.8022,Soybean,Soybean,Kharif,2023,Syngenta Quantis,Syngenta Quantis,Biostimulant,1,Syngenta Quantis,2.0,0,1,0.46,0.46,7.69,203.6,21.5,314.9,18.3,17.8,0.65,0.6,34.4,2,763.6,2236.0,70.8,12.5,22.3,0.657,10.5,10.5,10.06,10.5,0.44,4.37,0.44,224.0,IND_FIELD_1316,RCBD - 4 Replications,4,ICAR AICRP & Syngenta Multi-Locational Trials,https://icar.org.in
TR-2024-MA-01317,EXP-2024-MA-TUR-0659,ICAR_SYNGENTA_TRIALS,India,Maharashtra,Maharashtra & Vidarbha (Deccan),Nagpur,21.1458,79.0882,Tur / Pigeon Pea (Arhar),Tur / Pigeon Pea (Arhar),Kharif,2024,Control (Untreated Check),Untreated Check,Untreated Check,0,Untreated,0.0,1,0,0.57,0.57,7.91,222.9,16.8,334.5,38.0,14.9,0.76,0.68,26.7,3,610.4,1735.5,65.7,12.9,18.2,0.743,7.32,7.32,7.32,7.32,0.0,0.0,0.0,0.0,IND_FIELD_1317,RCBD - 4 Replications,4,ICAR AICRP & Syngenta Multi-Locational Trials,https://icar.org.in
TR-2024-MA-01318,EXP-2024-MA-TUR-0659,ICAR_SYNGENTA_TRIALS,India,Maharashtra,Maharashtra & Vidarbha (Deccan),Nagpur,21.1458,79.0882,Tur / Pigeon Pea (Arhar),Tur / Pigeon Pea (Arhar),Kharif,2024,Syngenta Quantis,Syngenta Quantis,Biostimulant,1,Syngenta Quantis,2.0,0,1,0.57,0.57,7.91,222.9,16.8,334.5,38.0,14.9,0.76,0.68,26.7,3,610.4,1735.5,65.7,12.9,18.2,0.743,8.17,8.17,7.32,8.17,0.85,11.61,0.85,2110.0,IND_FIELD_1318,RCBD - 4 Replications,4,ICAR AICRP & Syngenta Multi-Locational Trials,https://icar.org.in
TR-2021-TE-01319,EXP-2021-TE-TUR-0660,ICAR_SYNGENTA_TRIALS,India,Telangana,Telangana & Andhra (Krishna Basin),Warangal,17.9689,79.5941,Tur / Pigeon Pea (Arhar),Tur / Pigeon Pea (Arhar),Kharif,2021,Control (Untreated Check),Untreated Check,Untreated Check,0,Untreated,0.0,1,0,0.41,0.41,6.94,158.1,17.9,235.7,33.4,9.8,0.75,0.57,27.9,2,705.0,1813.5,57.1,9.5,19.7,0.765,7.41,7.41,7.41,7.41,0.0,0.0,0.0,0.0,IND_FIELD_1319,RCBD - 4 Replications,4,ICAR AICRP & Syngenta Multi-Locational Trials,https://icar.org.in
TR-2021-TE-01320,EXP-2021-TE-TUR-0660,ICAR_SYNGENTA_TRIALS,India,Telangana,Telangana & Andhra (Krishna Basin),Warangal,17.9689,79.5941,Tur / Pigeon Pea (Arhar),Tur / Pigeon Pea (Arhar),Kharif,2021,Syngenta Quantis,Syngenta Quantis,Biostimulant,1,Syngenta Quantis,2.0,0,1,0.41,0.41,6.94,158.1,17.9,235.7,33.4,9.8,0.75,0.57,27.9,2,705.0,1813.5,57.1,9.5,19.7,0.765,7.58,7.58,7.41,7.58,0.17,2.29,0.17,-1018.0,IND_FIELD_1320,RCBD - 4 Replications,4,ICAR AICRP & Syngenta Multi-Locational Trials,https://icar.org.in
TR-2023-GU-01321,EXP-2023-GU-ONI-0661,ICAR_SYNGENTA_TRIALS,India,Gujarat,Gujarat & Saurashtra Plain,Rajkot,22.3039,70.8022,Onion,Onion,Rabi,2023,Control (Untreated Check),Untreated Check,Untreated Check,0,Untreated,0.0,1,0,0.43,0.43,7.56,198.9,8.0,351.3,40.2,17.1,0.82,0.75,34.2,3,174.5,2223.0,84.4,5.8,18.1,0.752,112.07,112.07,112.07,112.07,0.0,0.0,0.0,0.0,IND_FIELD_1321,RCBD - 4 Replications,4,ICAR AICRP & Syngenta Multi-Locational Trials,https://icar.org.in
TR-2023-GU-01322,EXP-2023-GU-ONI-0661,ICAR_SYNGENTA_TRIALS,India,Gujarat,Gujarat & Saurashtra Plain,Rajkot,22.3039,70.8022,Onion,Onion,Rabi,2023,Syngenta Quantis,Syngenta Quantis,Biostimulant,1,Syngenta Quantis,2.0,0,1,0.43,0.43,7.56,198.9,8.0,351.3,40.2,17.1,0.82,0.75,34.2,3,174.5,2223.0,84.4,5.8,18.1,0.752,130.71,130.71,112.07,130.71,18.64,16.63,18.64,83944.0,IND_FIELD_1322,RCBD - 4 Replications,4,ICAR AICRP & Syngenta Multi-Locational Trials,https://icar.org.in
TR-2022-GU-01323,EXP-2022-GU-COT-0662,ICAR_SYNGENTA_TRIALS,India,Gujarat,Gujarat & Saurashtra Plain,Rajkot,22.3039,70.8022,Cotton,Cotton,Kharif,2022,Control (Untreated Check),Untreated Check,Untreated Check,0,Untreated,0.0,1,0,0.45,0.45,7.95,144.8,15.2,333.8,33.1,14.2,0.58,0.51,30.2,4,754.7,1963.0,56.6,11.6,22.1,0.68,11.64,11.64,11.64,11.64,0.0,0.0,0.0,0.0,IND_FIELD_1323,RCBD - 4 Replications,4,ICAR AICRP & Syngenta Multi-Locational Trials,https://icar.org.in
TR-2022-GU-01324,EXP-2022-GU-COT-0662,ICAR_SYNGENTA_TRIALS,India,Gujarat,Gujarat & Saurashtra Plain,Rajkot,22.3039,70.8022,Cotton,Cotton,Kharif,2022,Syngenta Isabion,Syngenta Isabion,Biostimulant,1,Syngenta Isabion,1.5,0,1,0.45,0.45,7.95,144.8,15.2,333.8,33.1,14.2,0.58,0.51,30.2,4,754.7,1963.0,56.6,11.6,22.1,0.68,12.78,12.78,11.64,12.78,1.14,9.79,1.14,3894.0,IND_FIELD_1324,RCBD - 4 Replications,4,ICAR AICRP & Syngenta Multi-Locational Trials,https://icar.org.in
TR-2025-PU-01325,EXP-2025-PU-RIC-0663,ICAR_SYNGENTA_TRIALS,India,Punjab,Punjab & Haryana (Indo-Gangetic),Ludhiana,30.901,75.8573,Rice (Paddy),Rice (Paddy),Kharif,2025,Control (Untreated Check),Untreated Check,Untreated Check,0,Untreated,0.0,1,0,0.31,0.31,8.02,232.2,29.0,189.6,40.3,17.9,0.91,0.61,31.7,2,651.2,2060.5,57.3,10.5,19.4,0.724,21.38,21.38,21.38,21.38,0.0,0.0,0.0,0.0,IND_FIELD_1325,RCBD - 4 Replications,4,ICAR AICRP & Syngenta Multi-Locational Trials,https://icar.org.in
TR-2025-PU-01326,EXP-2025-PU-RIC-0663,ICAR_SYNGENTA_TRIALS,India,Punjab,Punjab & Haryana (Indo-Gangetic),Ludhiana,30.901,75.8573,Rice (Paddy),Rice (Paddy),Kharif,2025,Syngenta Quantis,Syngenta Quantis,Biostimulant,1,Syngenta Quantis,2.0,0,1,0.31,0.31,8.02,232.2,29.0,189.6,40.3,17.9,0.91,0.61,31.7,2,651.2,2060.5,57.3,10.5,19.4,0.724,23.21,23.21,21.38,23.21,1.83,8.56,1.83,6618.0,IND_FIELD_1326,RCBD - 4 Replications,4,ICAR AICRP & Syngenta Multi-Locational Trials,https://icar.org.in
TR-2022-MA-01327,EXP-2022-MA-SOY-0664,ICAR_SYNGENTA_TRIALS,India,Madhya Pradesh,Madhya Pradesh & Central Belt,Bhopal,23.2599,77.4126,Soybean,Soybean,Kharif,2022,Control (Untreated Check),Untreated Check,Untreated Check,0,Untreated,0.0,1,0,0.39,0.39,7.47,256.7,19.0,281.0,29.0,14.8,0.99,0.52,23.5,9,720.1,1527.5,77.1,8.8,21.3,0.685,10.04,10.04,10.04,10.04,0.0,0.0,0.0,0.0,IND_FIELD_1327,RCBD - 4 Replications,4,ICAR AICRP & Syngenta Multi-Locational Trials,https://icar.org.in
TR-2022-MA-01328,EXP-2022-MA-SOY-0664,ICAR_SYNGENTA_TRIALS,India,Madhya Pradesh,Madhya Pradesh & Central Belt,Bhopal,23.2599,77.4126,Soybean,Soybean,Kharif,2022,Syngenta Quantis,Syngenta Quantis,Biostimulant,1,Syngenta Quantis,2.0,0,1,0.39,0.39,7.47,256.7,19.0,281.0,29.0,14.8,0.99,0.52,23.5,9,720.1,1527.5,77.1,8.8,21.3,0.685,12.53,12.53,10.04,12.53,2.49,24.8,2.49,9654.0,IND_FIELD_1328,RCBD - 4 Replications,4,ICAR AICRP & Syngenta Multi-Locational Trials,https://icar.org.in
TR-2024-TE-01329,EXP-2024-TE-GRO-0665,ICAR_SYNGENTA_TRIALS,India,Telangana,Telangana & Andhra (Krishna Basin),Warangal,17.9689,79.5941,Groundnut (Peanut),Groundnut (Peanut),Kharif,2024,Control (Untreated Check),Untreated Check,Untreated Check,0,Untreated,0.0,1,0,0.47,0.47,7.96,210.8,15.0,336.8,24.6,11.6,0.97,0.66,32.2,3,800.3,2093.0,62.5,10.3,18.9,0.605,11.27,11.27,11.27,11.27,0.0,0.0,0.0,0.0,IND_FIELD_1329,RCBD - 4 Replications,4,ICAR AICRP & Syngenta Multi-Locational Trials,https://icar.org.in
TR-2024-TE-01330,EXP-2024-TE-GRO-0665,ICAR_SYNGENTA_TRIALS,India,Telangana,Telangana & Andhra (Krishna Basin),Warangal,17.9689,79.5941,Groundnut (Peanut),Groundnut (Peanut),Kharif,2024,Syngenta Isabion,Syngenta Isabion,Biostimulant,1,Syngenta Isabion,1.5,0,1,0.47,0.47,7.96,210.8,15.0,336.8,24.6,11.6,0.97,0.66,32.2,3,800.3,2093.0,62.5,10.3,18.9,0.605,12.57,12.57,11.27,12.57,1.3,11.54,1.3,4630.0,IND_FIELD_1330,RCBD - 4 Replications,4,ICAR AICRP & Syngenta Multi-Locational Trials,https://icar.org.in
TR-2022-MA-01331,EXP-2022-MA-RIC-0666,ICAR_SYNGENTA_TRIALS,India,Maharashtra,Maharashtra & Vidarbha (Deccan),Nagpur,21.1458,79.0882,Rice (Paddy),Rice (Paddy),Kharif,2022,Control (Untreated Check),Untreated Check,Untreated Check,0,Untreated,0.0,1,0,0.28,0.28,8.23,224.9,22.0,342.4,35.3,9.4,1.13,0.49,28.1,5,928.7,1826.5,73.8,9.5,17.2,0.702,20.04,20.04,20.04,20.04,0.0,0.0,0.0,0.0,IND_FIELD_1331,RCBD - 4 Replications,4,ICAR AICRP & Syngenta Multi-Locational Trials,https://icar.org.in
TR-2022-MA-01332,EXP-2022-MA-RIC-0666,ICAR_SYNGENTA_TRIALS,India,Maharashtra,Maharashtra & Vidarbha (Deccan),Nagpur,21.1458,79.0882,Rice (Paddy),Rice (Paddy),Kharif,2022,Syngenta Quantis,Syngenta Quantis,Biostimulant,1,Syngenta Quantis,2.0,0,1,0.28,0.28,8.23,224.9,22.0,342.4,35.3,9.4,1.13,0.49,28.1,5,928.7,1826.5,73.8,9.5,17.2,0.702,22.56,22.56,20.04,22.56,2.52,12.57,2.52,9792.0,IND_FIELD_1332,RCBD - 4 Replications,4,ICAR AICRP & Syngenta Multi-Locational Trials,https://icar.org.in
TR-2024-KA-01333,EXP-2024-KA-TUR-0667,ICAR_SYNGENTA_TRIALS,India,Karnataka,Karnataka (Deccan Plateau),Dharwad,15.4589,75.0078,Tur / Pigeon Pea (Arhar),Tur / Pigeon Pea (Arhar),Kharif,2024,Control (Untreated Check),Untreated Check,Untreated Check,0,Untreated,0.0,1,0,0.48,0.48,7.22,323.9,28.2,321.9,31.5,14.9,0.9,0.54,32.7,5,572.4,2125.5,80.6,11.4,20.2,0.755,7.76,7.76,7.76,7.76,0.0,0.0,0.0,0.0,IND_FIELD_1333,RCBD - 4 Replications,4,ICAR AICRP & Syngenta Multi-Locational Trials,https://icar.org.in
TR-2024-KA-01334,EXP-2024-KA-TUR-0667,ICAR_SYNGENTA_TRIALS,India,Karnataka,Karnataka (Deccan Plateau),Dharwad,15.4589,75.0078,Tur / Pigeon Pea (Arhar),Tur / Pigeon Pea (Arhar),Kharif,2024,Syngenta Quantis,Syngenta Quantis,Biostimulant,1,Syngenta Quantis,2.0,0,1,0.48,0.48,7.22,323.9,28.2,321.9,31.5,14.9,0.9,0.54,32.7,5,572.4,2125.5,80.6,11.4,20.2,0.755,8.87,8.87,7.76,8.87,1.11,14.3,1.11,3306.0,IND_FIELD_1334,RCBD - 4 Replications,4,ICAR AICRP & Syngenta Multi-Locational Trials,https://icar.org.in
TR-2024-UT-01335,EXP-2024-UT-MUS-0668,ICAR_SYNGENTA_TRIALS,India,Uttar Pradesh,Indo-Gangetic Plain (Central),Varanasi,25.3176,82.9739,Mustard / Rapeseed,Mustard / Rapeseed,Rabi,2024,Control (Untreated Check),Untreated Check,Untreated Check,0,Untreated,0.0,1,0,0.63,0.63,7.48,216.0,25.4,205.1,37.4,7.6,0.94,0.48,31.6,4,30.0,2054.0,72.4,11.3,20.5,0.663,6.45,6.45,6.45,6.45,0.0,0.0,0.0,0.0,IND_FIELD_1335,RCBD - 4 Replications,4,ICAR AICRP & Syngenta Multi-Locational Trials,https://icar.org.in
TR-2024-UT-01336,EXP-2024-UT-MUS-0668,ICAR_SYNGENTA_TRIALS,India,Uttar Pradesh,Indo-Gangetic Plain (Central),Varanasi,25.3176,82.9739,Mustard / Rapeseed,Mustard / Rapeseed,Rabi,2024,Syngenta Quantis,Syngenta Quantis,Biostimulant,1,Syngenta Quantis,1.5,0,1,0.63,0.63,7.48,216.0,25.4,205.1,37.4,7.6,0.94,0.48,31.6,4,30.0,2054.0,72.4,11.3,20.5,0.663,7.33,7.33,6.45,7.33,0.88,13.64,0.88,2698.0,IND_FIELD_1336,RCBD - 4 Replications,4,ICAR AICRP & Syngenta Multi-Locational Trials,https://icar.org.in
TR-2021-TA-01337,EXP-2021-TA-WHE-0669,ICAR_SYNGENTA_TRIALS,India,Tamil Nadu,Tamil Nadu & Cauvery Delta,Coimbatore,11.0168,76.9558,Wheat,Wheat,Rabi,2021,Control (Untreated Check),Untreated Check,Untreated Check,0,Untreated,0.0,1,0,0.58,0.58,7.42,205.3,25.9,316.5,26.1,20.7,0.74,0.56,32.0,2,134.0,2080.0,62.8,8.3,17.6,0.586,15.07,15.07,15.07,15.07,0.0,0.0,0.0,0.0,IND_FIELD_1337,RCBD - 4 Replications,4,ICAR AICRP & Syngenta Multi-Locational Trials,https://icar.org.in
TR-2021-TA-01338,EXP-2021-TA-WHE-0669,ICAR_SYNGENTA_TRIALS,India,Tamil Nadu,Tamil Nadu & Cauvery Delta,Coimbatore,11.0168,76.9558,Wheat,Wheat,Rabi,2021,Syngenta Quantis,Syngenta Quantis,Biostimulant,1,Syngenta Quantis,1.5,0,1,0.58,0.58,7.42,205.3,25.9,316.5,26.1,20.7,0.74,0.56,32.0,2,134.0,2080.0,62.8,8.3,17.6,0.586,16.27,16.27,15.07,16.27,1.2,7.96,1.2,4170.0,IND_FIELD_1338,RCBD - 4 Replications,4,ICAR AICRP & Syngenta Multi-Locational Trials,https://icar.org.in
TR-2024-TA-01339,EXP-2024-TA-CHI-0670,ICAR_SYNGENTA_TRIALS,India,Tamil Nadu,Tamil Nadu & Cauvery Delta,Coimbatore,11.0168,76.9558,Chickpea (Gram / Chana),Chickpea (Gram / Chana),Rabi,2024,Control (Untreated Check),Untreated Check,Untreated Check,0,Untreated,0.0,1,0,0.68,0.68,8.08,239.8,17.7,268.6,26.2,16.8,0.66,0.8,25.8,4,272.3,1677.0,69.3,9.7,16.4,0.756,7.7,7.7,7.7,7.7,0.0,0.0,0.0,0.0,IND_FIELD_1339,RCBD - 4 Replications,4,ICAR AICRP & Syngenta Multi-Locational Trials,https://icar.org.in
TR-2024-TA-01340,EXP-2024-TA-CHI-0670,ICAR_SYNGENTA_TRIALS,India,Tamil Nadu,Tamil Nadu & Cauvery Delta,Coimbatore,11.0168,76.9558,Chickpea (Gram / Chana),Chickpea (Gram / Chana),Rabi,2024,Syngenta Isabion,Syngenta Isabion,Biostimulant,1,Syngenta Isabion,1.5,0,1,0.68,0.68,8.08,239.8,17.7,268.6,26.2,16.8,0.66,0.8,25.8,4,272.3,1677.0,69.3,9.7,16.4,0.756,8.73,8.73,7.7,8.73,1.03,13.38,1.03,3388.0,IND_FIELD_1340,RCBD - 4 Replications,4,ICAR AICRP & Syngenta Multi-Locational Trials,https://icar.org.in
TR-2022-MA-01341,EXP-2022-MA-MAI-0671,ICAR_SYNGENTA_TRIALS,India,Madhya Pradesh,Madhya Pradesh & Central Belt,Bhopal,23.2599,77.4126,Maize,Maize,Kharif,2022,Control (Untreated Check),Untreated Check,Untreated Check,0,Untreated,0.0,1,0,0.36,0.36,7.59,252.6,19.6,282.9,27.1,16.2,0.53,0.5,23.9,7,749.6,1553.5,76.0,4.5,20.2,0.624,23.07,23.07,23.07,23.07,0.0,0.0,0.0,0.0,IND_FIELD_1341,RCBD - 4 Replications,4,ICAR AICRP & Syngenta Multi-Locational Trials,https://icar.org.in
TR-2022-MA-01342,EXP-2022-MA-MAI-0671,ICAR_SYNGENTA_TRIALS,India,Madhya Pradesh,Madhya Pradesh & Central Belt,Bhopal,23.2599,77.4126,Maize,Maize,Kharif,2022,Syngenta Isabion,Syngenta Isabion,Biostimulant,1,Syngenta Isabion,2.0,0,1,0.36,0.36,7.59,252.6,19.6,282.9,27.1,16.2,0.53,0.5,23.9,7,749.6,1553.5,76.0,4.5,20.2,0.624,27.04,27.04,23.07,27.04,3.97,17.21,3.97,16462.0,IND_FIELD_1342,RCBD - 4 Replications,4,ICAR AICRP & Syngenta Multi-Locational Trials,https://icar.org.in
TR-2022-TA-01343,EXP-2022-TA-COT-0672,ICAR_SYNGENTA_TRIALS,India,Tamil Nadu,Tamil Nadu & Cauvery Delta,Coimbatore,11.0168,76.9558,Cotton,Cotton,Kharif,2022,Control (Untreated Check),Untreated Check,Untreated Check,0,Untreated,0.0,1,0,0.58,0.58,7.58,229.3,19.3,243.6,35.8,16.2,0.73,0.5,31.2,2,653.6,2028.0,57.3,9.3,16.3,0.614,10.74,10.74,10.74,10.74,0.0,0.0,0.0,0.0,IND_FIELD_1343,RCBD - 4 Replications,4,ICAR AICRP & Syngenta Multi-Locational Trials,https://icar.org.in
TR-2022-TA-01344,EXP-2022-TA-COT-0672,ICAR_SYNGENTA_TRIALS,India,Tamil Nadu,Tamil Nadu & Cauvery Delta,Coimbatore,11.0168,76.9558,Cotton,Cotton,Kharif,2022,Syngenta Isabion,Syngenta Isabion,Biostimulant,1,Syngenta Isabion,1.5,0,1,0.58,0.58,7.58,229.3,19.3,243.6,35.8,16.2,0.73,0.5,31.2,2,653.6,2028.0,57.3,9.3,16.3,0.614,11.63,11.63,10.74,11.63,0.89,8.29,0.89,2744.0,IND_FIELD_1344,RCBD - 4 Replications,4,ICAR AICRP & Syngenta Multi-Locational Trials,https://icar.org.in
TR-2022-TA-01345,EXP-2022-TA-TOM-0673,ICAR_SYNGENTA_TRIALS,India,Tamil Nadu,Tamil Nadu & Cauvery Delta,Coimbatore,11.0168,76.9558,Tomato,Tomato,Annual,2022,Control (Untreated Check),Untreated Check,Untreated Check,0,Untreated,0.0,1,0,0.55,0.55,7.97,202.6,27.0,393.8,29.1,7.8,0.5,0.49,26.4,5,99.4,1716.0,88.4,5.6,16.6,0.682,139.58,139.58,139.58,139.58,0.0,0.0,0.0,0.0,IND_FIELD_1345,RCBD - 4 Replications,4,ICAR AICRP & Syngenta Multi-Locational Trials,https://icar.org.in
TR-2022-TA-01346,EXP-2022-TA-TOM-0673,ICAR_SYNGENTA_TRIALS,India,Tamil Nadu,Tamil Nadu & Cauvery Delta,Coimbatore,11.0168,76.9558,Tomato,Tomato,Annual,2022,Syngenta Isabion,Syngenta Isabion,Biostimulant,1,Syngenta Isabion,2.5,0,1,0.55,0.55,7.97,202.6,27.0,393.8,29.1,7.8,0.5,0.49,26.4,5,99.4,1716.0,88.4,5.6,16.6,0.682,167.62,167.62,139.58,167.62,28.04,20.09,28.04,126734.0,IND_FIELD_1346,RCBD - 4 Replications,4,ICAR AICRP & Syngenta Multi-Locational Trials,https://icar.org.in
TR-2023-GU-01347,EXP-2023-GU-TUR-0674,ICAR_SYNGENTA_TRIALS,India,Gujarat,Gujarat & Saurashtra Plain,Rajkot,22.3039,70.8022,Tur / Pigeon Pea (Arhar),Tur / Pigeon Pea (Arhar),Kharif,2023,Control (Untreated Check),Untreated Check,Untreated Check,0,Untreated,0.0,1,0,0.36,0.36,8.13,190.5,25.8,393.9,34.4,15.6,0.86,0.55,22.0,3,588.5,1430.0,51.5,8.0,16.9,0.688,7.87,7.87,7.87,7.87,0.0,0.0,0.0,0.0,IND_FIELD_1347,RCBD - 4 Replications,4,ICAR AICRP & Syngenta Multi-Locational Trials,https://icar.org.in
TR-2023-GU-01348,EXP-2023-GU-TUR-0674,ICAR_SYNGENTA_TRIALS,India,Gujarat,Gujarat & Saurashtra Plain,Rajkot,22.3039,70.8022,Tur / Pigeon Pea (Arhar),Tur / Pigeon Pea (Arhar),Kharif,2023,Syngenta Quantis,Syngenta Quantis,Biostimulant,1,Syngenta Quantis,2.0,0,1,0.36,0.36,8.13,190.5,25.8,393.9,34.4,15.6,0.86,0.55,22.0,3,588.5,1430.0,51.5,8.0,16.9,0.688,8.3,8.3,7.87,8.3,0.43,5.46,0.43,178.0,IND_FIELD_1348,RCBD - 4 Replications,4,ICAR AICRP & Syngenta Multi-Locational Trials,https://icar.org.in
TR-2022-MA-01349,EXP-2022-MA-CHI-0675,ICAR_SYNGENTA_TRIALS,India,Madhya Pradesh,Madhya Pradesh & Central Belt,Bhopal,23.2599,77.4126,Chickpea (Gram / Chana),Chickpea (Gram / Chana),Rabi,2022,Control (Untreated Check),Untreated Check,Untreated Check,0,Untreated,0.0,1,0,0.5,0.5,7.38,286.0,16.9,380.0,23.4,17.3,0.75,0.44,32.5,4,464.0,2112.5,66.5,12.4,15.4,0.75,8.9,8.9,8.9,8.9,0.0,0.0,0.0,0.0,IND_FIELD_1349,RCBD - 4 Replications,4,ICAR AICRP & Syngenta Multi-Locational Trials,https://icar.org.in
TR-2022-MA-01350,EXP-2022-MA-CHI-0675,ICAR_SYNGENTA_TRIALS,India,Madhya Pradesh,Madhya Pradesh & Central Belt,Bhopal,23.2599,77.4126,Chickpea (Gram / Chana),Chickpea (Gram / Chana),Rabi,2022,Syngenta Isabion,Syngenta Isabion,Biostimulant,1,Syngenta Isabion,1.5,0,1,0.5,0.5,7.38,286.0,16.9,380.0,23.4,17.3,0.75,0.44,32.5,4,464.0,2112.5,66.5,12.4,15.4,0.75,9.77,9.77,8.9,9.77,0.87,9.78,0.87,2652.0,IND_FIELD_1350,RCBD - 4 Replications,4,ICAR AICRP & Syngenta Multi-Locational Trials,https://icar.org.in
TR-2023-PU-01351,EXP-2023-PU-SUG-0676,ICAR_SYNGENTA_TRIALS,India,Punjab,Punjab & Haryana (Indo-Gangetic),Ludhiana,30.901,75.8573,Sugarcane,Sugarcane,Annual,2023,Control (Untreated Check),Untreated Check,Untreated Check,0,Untreated,0.0,1,0,0.32,0.32,8.08,208.7,31.8,183.6,35.7,16.1,0.52,0.56,35.8,4,30.0,2327.0,67.8,13.3,18.5,0.692,291.38,291.38,291.38,291.38,0.0,0.0,0.0,0.0,IND_FIELD_1351,RCBD - 4 Replications,4,ICAR AICRP & Syngenta Multi-Locational Trials,https://icar.org.in
TR-2023-PU-01352,EXP-2023-PU-SUG-0676,ICAR_SYNGENTA_TRIALS,India,Punjab,Punjab & Haryana (Indo-Gangetic),Ludhiana,30.901,75.8573,Sugarcane,Sugarcane,Annual,2023,Syngenta CropBio+,Syngenta CropBio+,Biostimulant,1,Syngenta CropBio+,3.0,0,1,0.32,0.32,8.08,208.7,31.8,183.6,35.7,16.1,0.52,0.56,35.8,4,30.0,2327.0,67.8,13.3,18.5,0.692,321.8,321.8,291.38,321.8,30.42,10.44,30.42,137232.0,IND_FIELD_1352,RCBD - 4 Replications,4,ICAR AICRP & Syngenta Multi-Locational Trials,https://icar.org.in
TR-2022-TA-01353,EXP-2022-TA-GRO-0677,ICAR_SYNGENTA_TRIALS,India,Tamil Nadu,Tamil Nadu & Cauvery Delta,Coimbatore,11.0168,76.9558,Groundnut (Peanut),Groundnut (Peanut),Kharif,2022,Control (Untreated Check),Untreated Check,Untreated Check,0,Untreated,0.0,1,0,0.67,0.67,7.82,239.1,18.5,281.1,32.1,5.4,0.94,0.67,26.3,7,761.0,1709.5,68.1,11.0,15.6,0.609,10.4,10.4,10.4,10.4,0.0,0.0,0.0,0.0,IND_FIELD_1353,RCBD - 4 Replications,4,ICAR AICRP & Syngenta Multi-Locational Trials,https://icar.org.in
TR-2022-TA-01354,EXP-2022-TA-GRO-0677,ICAR_SYNGENTA_TRIALS,India,Tamil Nadu,Tamil Nadu & Cauvery Delta,Coimbatore,11.0168,76.9558,Groundnut (Peanut),Groundnut (Peanut),Kharif,2022,Syngenta Isabion,Syngenta Isabion,Biostimulant,1,Syngenta Isabion,1.5,0,1,0.67,0.67,7.82,239.1,18.5,281.1,32.1,5.4,0.94,0.67,26.3,7,761.0,1709.5,68.1,11.0,15.6,0.609,11.76,11.76,10.4,11.76,1.36,13.08,1.36,4906.0,IND_FIELD_1354,RCBD - 4 Replications,4,ICAR AICRP & Syngenta Multi-Locational Trials,https://icar.org.in
TR-2023-KA-01355,EXP-2023-KA-SUG-0678,ICAR_SYNGENTA_TRIALS,India,Karnataka,Karnataka (Deccan Plateau),Dharwad,15.4589,75.0078,Sugarcane,Sugarcane,Annual,2023,Control (Untreated Check),Untreated Check,Untreated Check,0,Untreated,0.0,1,0,0.42,0.42,6.82,210.9,28.6,253.9,39.1,16.7,0.64,0.46,27.5,4,143.2,1787.5,55.5,11.9,16.5,0.62,306.17,306.17,306.17,306.17,0.0,0.0,0.0,0.0,IND_FIELD_1355,RCBD - 4 Replications,4,ICAR AICRP & Syngenta Multi-Locational Trials,https://icar.org.in
TR-2023-KA-01356,EXP-2023-KA-SUG-0678,ICAR_SYNGENTA_TRIALS,India,Karnataka,Karnataka (Deccan Plateau),Dharwad,15.4589,75.0078,Sugarcane,Sugarcane,Annual,2023,Syngenta CropBio+,Syngenta CropBio+,Biostimulant,1,Syngenta CropBio+,3.0,0,1,0.42,0.42,6.82,210.9,28.6,253.9,39.1,16.7,0.64,0.46,27.5,4,143.2,1787.5,55.5,11.9,16.5,0.62,356.32,356.32,306.17,356.32,50.15,16.38,50.15,227990.0,IND_FIELD_1356,RCBD - 4 Replications,4,ICAR AICRP & Syngenta Multi-Locational Trials,https://icar.org.in
TR-2022-MA-01357,EXP-2022-MA-GRO-0679,ICAR_SYNGENTA_TRIALS,India,Madhya Pradesh,Madhya Pradesh & Central Belt,Bhopal,23.2599,77.4126,Groundnut (Peanut),Groundnut (Peanut),Kharif,2022,Control (Untreated Check),Untreated Check,Untreated Check,0,Untreated,0.0,1,0,0.32,0.32,7.53,200.5,18.0,379.5,25.1,13.8,0.64,0.64,29.7,6,668.2,1930.5,69.2,8.4,20.5,0.643,10.07,10.07,10.07,10.07,0.0,0.0,0.0,0.0,IND_FIELD_1357,RCBD - 4 Replications,4,ICAR AICRP & Syngenta Multi-Locational Trials,https://icar.org.in
TR-2022-MA-01358,EXP-2022-MA-GRO-0679,ICAR_SYNGENTA_TRIALS,India,Madhya Pradesh,Madhya Pradesh & Central Belt,Bhopal,23.2599,77.4126,Groundnut (Peanut),Groundnut (Peanut),Kharif,2022,Syngenta Isabion,Syngenta Isabion,Biostimulant,1,Syngenta Isabion,1.5,0,1,0.32,0.32,7.53,200.5,18.0,379.5,25.1,13.8,0.64,0.64,29.7,6,668.2,1930.5,69.2,8.4,20.5,0.643,12.19,12.19,10.07,12.19,2.12,21.05,2.12,8402.0,IND_FIELD_1358,RCBD - 4 Replications,4,ICAR AICRP & Syngenta Multi-Locational Trials,https://icar.org.in
TR-2022-MA-01359,EXP-2022-MA-MAI-0680,ICAR_SYNGENTA_TRIALS,India,Madhya Pradesh,Madhya Pradesh & Central Belt,Bhopal,23.2599,77.4126,Maize,Maize,Kharif,2022,Control (Untreated Check),Untreated Check,Untreated Check,0,Untreated,0.0,1,0,0.67,0.67,7.0,232.6,25.4,315.4,41.2,10.0,0.95,0.4,28.8,5,754.0,1872.0,58.0,12.9,18.6,0.587,22.64,22.64,22.64,22.64,0.0,0.0,0.0,0.0,IND_FIELD_1359,RCBD - 4 Replications,4,ICAR AICRP & Syngenta Multi-Locational Trials,https://icar.org.in
TR-2022-MA-01360,EXP-2022-MA-MAI-0680,ICAR_SYNGENTA_TRIALS,India,Madhya Pradesh,Madhya Pradesh & Central Belt,Bhopal,23.2599,77.4126,Maize,Maize,Kharif,2022,Syngenta Isabion,Syngenta Isabion,Biostimulant,1,Syngenta Isabion,2.0,0,1,0.67,0.67,7.0,232.6,25.4,315.4,41.2,10.0,0.95,0.4,28.8,5,754.0,1872.0,58.0,12.9,18.6,0.587,25.26,25.26,22.64,25.26,2.62,11.57,2.62,10252.0,IND_FIELD_1360,RCBD - 4 Replications,4,ICAR AICRP & Syngenta Multi-Locational Trials,https://icar.org.in
TR-2025-GU-01361,EXP-2025-GU-SUG-0681,ICAR_SYNGENTA_TRIALS,India,Gujarat,Gujarat & Saurashtra Plain,Rajkot,22.3039,70.8022,Sugarcane,Sugarcane,Annual,2025,Control (Untreated Check),Untreated Check,Untreated Check,0,Untreated,0.0,1,0,0.37,0.37,8.27,197.7,13.4,324.1,38.0,14.9,0.71,0.49,28.5,4,290.8,1852.5,58.6,7.8,19.2,0.678,329.23,329.23,329.23,329.23,0.0,0.0,0.0,0.0,IND_FIELD_1361,RCBD - 4 Replications,4,ICAR AICRP & Syngenta Multi-Locational Trials,https://icar.org.in
TR-2025-GU-01362,EXP-2025-GU-SUG-0681,ICAR_SYNGENTA_TRIALS,India,Gujarat,Gujarat & Saurashtra Plain,Rajkot,22.3039,70.8022,Sugarcane,Sugarcane,Annual,2025,Syngenta CropBio+,Syngenta CropBio+,Biostimulant,1,Syngenta CropBio+,3.0,0,1,0.37,0.37,8.27,197.7,13.4,324.1,38.0,14.9,0.71,0.49,28.5,4,290.8,1852.5,58.6,7.8,19.2,0.678,377.49,377.49,329.23,377.49,48.26,14.66,48.26,219296.0,IND_FIELD_1362,RCBD - 4 Replications,4,ICAR AICRP & Syngenta Multi-Locational Trials,https://icar.org.in
TR-2024-GU-01363,EXP-2024-GU-SOY-0682,ICAR_SYNGENTA_TRIALS,India,Gujarat,Gujarat & Saurashtra Plain,Rajkot,22.3039,70.8022,Soybean,Soybean,Kharif,2024,Control (Untreated Check),Untreated Check,Untreated Check,0,Untreated,0.0,1,0,0.45,0.45,7.5,211.2,15.9,369.8,37.2,13.4,1.22,0.58,27.1,1,739.0,1761.5,67.1,9.8,15.7,0.611,11.09,11.09,11.09,11.09,0.0,0.0,0.0,0.0,IND_FIELD_1363,RCBD - 4 Replications,4,ICAR AICRP & Syngenta Multi-Locational Trials,https://icar.org.in
TR-2024-GU-01364,EXP-2024-GU-SOY-0682,ICAR_SYNGENTA_TRIALS,India,Gujarat,Gujarat & Saurashtra Plain,Rajkot,22.3039,70.8022,Soybean,Soybean,Kharif,2024,Syngenta Quantis,Syngenta Quantis,Biostimulant,1,Syngenta Quantis,2.0,0,1,0.45,0.45,7.5,211.2,15.9,369.8,37.2,13.4,1.22,0.58,27.1,1,739.0,1761.5,67.1,9.8,15.7,0.611,11.08,11.08,11.09,11.08,0.0,0.0,0.0,-1800.0,IND_FIELD_1364,RCBD - 4 Replications,4,ICAR AICRP & Syngenta Multi-Locational Trials,https://icar.org.in
TR-2022-TA-01365,EXP-2022-TA-WHE-0683,ICAR_SYNGENTA_TRIALS,India,Tamil Nadu,Tamil Nadu & Cauvery Delta,Coimbatore,11.0168,76.9558,Wheat,Wheat,Rabi,2022,Control (Untreated Check),Untreated Check,Untreated Check,0,Untreated,0.0,1,0,0.66,0.66,7.41,256.6,19.4,197.8,32.3,13.8,0.94,0.47,26.9,8,206.3,1748.5,73.0,12.1,19.7,0.718,14.85,14.85,14.85,14.85,0.0,0.0,0.0,0.0,IND_FIELD_1365,RCBD - 4 Replications,4,ICAR AICRP & Syngenta Multi-Locational Trials,https://icar.org.in
TR-2022-TA-01366,EXP-2022-TA-WHE-0683,ICAR_SYNGENTA_TRIALS,India,Tamil Nadu,Tamil Nadu & Cauvery Delta,Coimbatore,11.0168,76.9558,Wheat,Wheat,Rabi,2022,Syngenta Quantis,Syngenta Quantis,Biostimulant,1,Syngenta Quantis,1.5,0,1,0.66,0.66,7.41,256.6,19.4,197.8,32.3,13.8,0.94,0.47,26.9,8,206.3,1748.5,73.0,12.1,19.7,0.718,17.24,17.24,14.85,17.24,2.39,16.09,2.39,9644.0,IND_FIELD_1366,RCBD - 4 Replications,4,ICAR AICRP & Syngenta Multi-Locational Trials,https://icar.org.in
TR-2022-PU-01367,EXP-2022-PU-TOM-0684,ICAR_SYNGENTA_TRIALS,India,Punjab,Punjab & Haryana (Indo-Gangetic),Ludhiana,30.901,75.8573,Tomato,Tomato,Annual,2022,Control (Untreated Check),Untreated Check,Untreated Check,0,Untreated,0.0,1,0,0.31,0.31,7.57,232.5,24.7,233.1,21.8,16.7,1.04,0.69,25.4,3,166.4,1651.0,68.4,11.8,17.0,0.703,144.14,144.14,144.14,144.14,0.0,0.0,0.0,0.0,IND_FIELD_1367,RCBD - 4 Replications,4,ICAR AICRP & Syngenta Multi-Locational Trials,https://icar.org.in
TR-2022-PU-01368,EXP-2022-PU-TOM-0684,ICAR_SYNGENTA_TRIALS,India,Punjab,Punjab & Haryana (Indo-Gangetic),Ludhiana,30.901,75.8573,Tomato,Tomato,Annual,2022,Syngenta Isabion,Syngenta Isabion,Biostimulant,1,Syngenta Isabion,2.5,0,1,0.31,0.31,7.57,232.5,24.7,233.1,21.8,16.7,1.04,0.69,25.4,3,166.4,1651.0,68.4,11.8,17.0,0.703,152.46,152.46,144.14,152.46,8.32,5.77,8.32,36022.0,IND_FIELD_1368,RCBD - 4 Replications,4,ICAR AICRP & Syngenta Multi-Locational Trials,https://icar.org.in
TR-2022-GU-01369,EXP-2022-GU-ONI-0685,ICAR_SYNGENTA_TRIALS,India,Gujarat,Gujarat & Saurashtra Plain,Rajkot,22.3039,70.8022,Onion,Onion,Rabi,2022,Control (Untreated Check),Untreated Check,Untreated Check,0,Untreated,0.0,1,0,0.39,0.39,8.74,158.9,16.7,383.7,36.4,13.8,0.8,0.6,29.3,3,83.3,1904.5,68.3,10.5,23.0,0.642,119.56,119.56,119.56,119.56,0.0,0.0,0.0,0.0,IND_FIELD_1369,RCBD - 4 Replications,4,ICAR AICRP & Syngenta Multi-Locational Trials,https://icar.org.in
TR-2022-GU-01370,EXP-2022-GU-ONI-0685,ICAR_SYNGENTA_TRIALS,India,Gujarat,Gujarat & Saurashtra Plain,Rajkot,22.3039,70.8022,Onion,Onion,Rabi,2022,Syngenta Quantis,Syngenta Quantis,Biostimulant,1,Syngenta Quantis,2.0,0,1,0.39,0.39,8.74,158.9,16.7,383.7,36.4,13.8,0.8,0.6,29.3,3,83.3,1904.5,68.3,10.5,23.0,0.642,134.79,134.79,119.56,134.79,15.23,12.74,15.23,68258.0,IND_FIELD_1370,RCBD - 4 Replications,4,ICAR AICRP & Syngenta Multi-Locational Trials,https://icar.org.in
TR-2024-MA-01371,EXP-2024-MA-GRO-0686,ICAR_SYNGENTA_TRIALS,India,Maharashtra,Maharashtra & Vidarbha (Deccan),Nagpur,21.1458,79.0882,Groundnut (Peanut),Groundnut (Peanut),Kharif,2024,Control (Untreated Check),Untreated Check,Untreated Check,0,Untreated,0.0,1,0,0.61,0.61,7.11,220.9,15.4,300.8,23.1,14.6,1.15,0.5,30.3,2,669.8,1969.5,68.5,4.8,21.8,0.577,10.7,10.7,10.7,10.7,0.0,0.0,0.0,0.0,IND_FIELD_1371,RCBD - 4 Replications,4,ICAR AICRP & Syngenta Multi-Locational Trials,https://icar.org.in
TR-2024-MA-01372,EXP-2024-MA-GRO-0686,ICAR_SYNGENTA_TRIALS,India,Maharashtra,Maharashtra & Vidarbha (Deccan),Nagpur,21.1458,79.0882,Groundnut (Peanut),Groundnut (Peanut),Kharif,2024,Syngenta Isabion,Syngenta Isabion,Biostimulant,1,Syngenta Isabion,1.5,0,1,0.61,0.61,7.11,220.9,15.4,300.8,23.1,14.6,1.15,0.5,30.3,2,669.8,1969.5,68.5,4.8,21.8,0.577,11.2,11.2,10.7,11.2,0.5,4.67,0.5,950.0,IND_FIELD_1372,RCBD - 4 Replications,4,ICAR AICRP & Syngenta Multi-Locational Trials,https://icar.org.in
TR-2024-GU-01373,EXP-2024-GU-TOM-0687,ICAR_SYNGENTA_TRIALS,India,Gujarat,Gujarat & Saurashtra Plain,Rajkot,22.3039,70.8022,Tomato,Tomato,Annual,2024,Control (Untreated Check),Untreated Check,Untreated Check,0,Untreated,0.0,1,0,0.46,0.46,7.39,149.1,15.9,328.1,41.4,12.1,0.64,0.75,29.9,6,370.3,1943.5,74.3,9.9,19.8,0.652,162.29,162.29,162.29,162.29,0.0,0.0,0.0,0.0,IND_FIELD_1373,RCBD - 4 Replications,4,ICAR AICRP & Syngenta Multi-Locational Trials,https://icar.org.in
TR-2024-GU-01374,EXP-2024-GU-TOM-0687,ICAR_SYNGENTA_TRIALS,India,Gujarat,Gujarat & Saurashtra Plain,Rajkot,22.3039,70.8022,Tomato,Tomato,Annual,2024,Syngenta Isabion,Syngenta Isabion,Biostimulant,1,Syngenta Isabion,2.5,0,1,0.46,0.46,7.39,149.1,15.9,328.1,41.4,12.1,0.64,0.75,29.9,6,370.3,1943.5,74.3,9.9,19.8,0.652,184.29,184.29,162.29,184.29,22.0,13.56,22.0,98950.0,IND_FIELD_1374,RCBD - 4 Replications,4,ICAR AICRP & Syngenta Multi-Locational Trials,https://icar.org.in
TR-2023-MA-01375,EXP-2023-MA-GRO-0688,ICAR_SYNGENTA_TRIALS,India,Madhya Pradesh,Madhya Pradesh & Central Belt,Bhopal,23.2599,77.4126,Groundnut (Peanut),Groundnut (Peanut),Kharif,2023,Control (Untreated Check),Untreated Check,Untreated Check,0,Untreated,0.0,1,0,0.34,0.34,7.29,230.9,28.0,337.8,33.8,14.0,0.64,0.29,28.8,0,759.5,1872.0,52.2,4.6,18.7,0.71,11.99,11.99,11.99,11.99,0.0,0.0,0.0,0.0,IND_FIELD_1375,RCBD - 4 Replications,4,ICAR AICRP & Syngenta Multi-Locational Trials,https://icar.org.in
TR-2023-MA-01376,EXP-2023-MA-GRO-0688,ICAR_SYNGENTA_TRIALS,India,Madhya Pradesh,Madhya Pradesh & Central Belt,Bhopal,23.2599,77.4126,Groundnut (Peanut),Groundnut (Peanut),Kharif,2023,Syngenta Isabion,Syngenta Isabion,Biostimulant,1,Syngenta Isabion,1.5,0,1,0.34,0.34,7.29,230.9,28.0,337.8,33.8,14.0,0.64,0.29,28.8,0,759.5,1872.0,52.2,4.6,18.7,0.71,13.03,13.03,11.99,13.03,1.04,8.67,1.04,3434.0,IND_FIELD_1376,RCBD - 4 Replications,4,ICAR AICRP & Syngenta Multi-Locational Trials,https://icar.org.in
TR-2024-TA-01377,EXP-2024-TA-TUR-0689,ICAR_SYNGENTA_TRIALS,India,Tamil Nadu,Tamil Nadu & Cauvery Delta,Coimbatore,11.0168,76.9558,Tur / Pigeon Pea (Arhar),Tur / Pigeon Pea (Arhar),Kharif,2024,Control (Untreated Check),Untreated Check,Untreated Check,0,Untreated,0.0,1,0,0.57,0.57,7.46,261.9,24.4,284.7,23.6,7.8,1.02,0.61,30.4,6,701.2,1976.0,76.8,10.0,21.7,0.634,7.06,7.06,7.06,7.06,0.0,0.0,0.0,0.0,IND_FIELD_1377,RCBD - 4 Replications,4,ICAR AICRP & Syngenta Multi-Locational Trials,https://icar.org.in
TR-2024-TA-01378,EXP-2024-TA-TUR-0689,ICAR_SYNGENTA_TRIALS,India,Tamil Nadu,Tamil Nadu & Cauvery Delta,Coimbatore,11.0168,76.9558,Tur / Pigeon Pea (Arhar),Tur / Pigeon Pea (Arhar),Kharif,2024,Syngenta Quantis,Syngenta Quantis,Biostimulant,1,Syngenta Quantis,2.0,0,1,0.57,0.57,7.46,261.9,24.4,284.7,23.6,7.8,1.02,0.61,30.4,6,701.2,1976.0,76.8,10.0,21.7,0.634,8.09,8.09,7.06,8.09,1.03,14.59,1.03,2938.0,IND_FIELD_1378,RCBD - 4 Replications,4,ICAR AICRP & Syngenta Multi-Locational Trials,https://icar.org.in
TR-2025-KA-01379,EXP-2025-KA-TOM-0690,ICAR_SYNGENTA_TRIALS,India,Karnataka,Karnataka (Deccan Plateau),Dharwad,15.4589,75.0078,Tomato,Tomato,Annual,2025,Control (Untreated Check),Untreated Check,Untreated Check,0,Untreated,0.0,1,0,0.57,0.57,7.02,249.0,22.3,267.0,32.2,12.9,0.81,0.5,31.1,5,169.4,2021.5,72.1,12.3,20.0,0.724,152.95,152.95,152.95,152.95,0.0,0.0,0.0,0.0,IND_FIELD_1379,RCBD - 4 Replications,4,ICAR AICRP & Syngenta Multi-Locational Trials,https://icar.org.in
TR-2025-KA-01380,EXP-2025-KA-TOM-0690,ICAR_SYNGENTA_TRIALS,India,Karnataka,Karnataka (Deccan Plateau),Dharwad,15.4589,75.0078,Tomato,Tomato,Annual,2025,Syngenta Isabion,Syngenta Isabion,Biostimulant,1,Syngenta Isabion,2.5,0,1,0.57,0.57,7.02,249.0,22.3,267.0,32.2,12.9,0.81,0.5,31.1,5,169.4,2021.5,72.1,12.3,20.0,0.724,166.1,166.1,152.95,166.1,13.15,8.6,13.15,58240.0,IND_FIELD_1380,RCBD - 4 Replications,4,ICAR AICRP & Syngenta Multi-Locational Trials,https://icar.org.in
TR-2023-UT-01381,EXP-2023-UT-COT-0691,ICAR_SYNGENTA_TRIALS,India,Uttar Pradesh,Indo-Gangetic Plain (Central),Varanasi,25.3176,82.9739,Cotton,Cotton,Kharif,2023,Control (Untreated Check),Untreated Check,Untreated Check,0,Untreated,0.0,1,0,0.47,0.47,7.41,227.5,26.7,239.2,34.0,11.9,0.8,0.66,31.7,3,607.3,2060.5,78.5,12.9,16.2,0.702,12.44,12.44,12.44,12.44,0.0,0.0,0.0,0.0,IND_FIELD_1381,RCBD - 4 Replications,4,ICAR AICRP & Syngenta Multi-Locational Trials,https://icar.org.in
TR-2023-UT-01382,EXP-2023-UT-COT-0691,ICAR_SYNGENTA_TRIALS,India,Uttar Pradesh,Indo-Gangetic Plain (Central),Varanasi,25.3176,82.9739,Cotton,Cotton,Kharif,2023,Syngenta Isabion,Syngenta Isabion,Biostimulant,1,Syngenta Isabion,1.5,0,1,0.47,0.47,7.41,227.5,26.7,239.2,34.0,11.9,0.8,0.66,31.7,3,607.3,2060.5,78.5,12.9,16.2,0.702,13.8,13.8,12.44,13.8,1.36,10.93,1.36,4906.0,IND_FIELD_1382,RCBD - 4 Replications,4,ICAR AICRP & Syngenta Multi-Locational Trials,https://icar.org.in
TR-2024-GU-01383,EXP-2024-GU-SOY-0692,ICAR_SYNGENTA_TRIALS,India,Gujarat,Gujarat & Saurashtra Plain,Rajkot,22.3039,70.8022,Soybean,Soybean,Kharif,2024,Control (Untreated Check),Untreated Check,Untreated Check,0,Untreated,0.0,1,0,0.6,0.6,7.82,196.2,16.5,396.7,34.9,5.0,0.59,0.29,29.0,6,704.0,1885.0,82.1,7.2,25.0,0.68,10.63,10.63,10.63,10.63,0.0,0.0,0.0,0.0,IND_FIELD_1383,RCBD - 4 Replications,4,ICAR AICRP & Syngenta Multi-Locational Trials,https://icar.org.in
TR-2024-GU-01384,EXP-2024-GU-SOY-0692,ICAR_SYNGENTA_TRIALS,India,Gujarat,Gujarat & Saurashtra Plain,Rajkot,22.3039,70.8022,Soybean,Soybean,Kharif,2024,Syngenta Quantis,Syngenta Quantis,Biostimulant,1,Syngenta Quantis,2.0,0,1,0.6,0.6,7.82,196.2,16.5,396.7,34.9,5.0,0.59,0.29,29.0,6,704.0,1885.0,82.1,7.2,25.0,0.68,12.39,12.39,10.63,12.39,1.76,16.56,1.76,6296.0,IND_FIELD_1384,RCBD - 4 Replications,4,ICAR AICRP & Syngenta Multi-Locational Trials,https://icar.org.in
TR-2022-UT-01385,EXP-2022-UT-SOY-0693,ICAR_SYNGENTA_TRIALS,India,Uttar Pradesh,Indo-Gangetic Plain (Central),Varanasi,25.3176,82.9739,Soybean,Soybean,Kharif,2022,Control (Untreated Check),Untreated Check,Untreated Check,0,Untreated,0.0,1,0,0.28,0.28,7.74,193.0,25.5,128.0,33.2,5.5,1.07,0.61,27.7,5,370.6,1800.5,63.5,9.4,18.0,0.782,7.97,7.97,7.97,7.97,0.0,0.0,0.0,0.0,IND_FIELD_1385,RCBD - 4 Replications,4,ICAR AICRP & Syngenta Multi-Locational Trials,https://icar.org.in
TR-2022-UT-01386,EXP-2022-UT-SOY-0693,ICAR_SYNGENTA_TRIALS,India,Uttar Pradesh,Indo-Gangetic Plain (Central),Varanasi,25.3176,82.9739,Soybean,Soybean,Kharif,2022,Syngenta Quantis,Syngenta Quantis,Biostimulant,1,Syngenta Quantis,2.0,0,1,0.28,0.28,7.74,193.0,25.5,128.0,33.2,5.5,1.07,0.61,27.7,5,370.6,1800.5,63.5,9.4,18.0,0.782,8.75,8.75,7.97,8.75,0.78,9.79,0.78,1788.0,IND_FIELD_1386,RCBD - 4 Replications,4,ICAR AICRP & Syngenta Multi-Locational Trials,https://icar.org.in
TR-2024-TE-01387,EXP-2024-TE-ONI-0694,ICAR_SYNGENTA_TRIALS,India,Telangana,Telangana & Andhra (Krishna Basin),Warangal,17.9689,79.5941,Onion,Onion,Rabi,2024,Control (Untreated Check),Untreated Check,Untreated Check,0,Untreated,0.0,1,0,0.32,0.32,7.02,223.2,22.2,303.9,50.5,15.6,0.76,0.48,27.3,4,30.0,1774.5,58.0,15.2,21.5,0.539,108.78,108.78,108.78,108.78,0.0,0.0,0.0,0.0,IND_FIELD_1387,RCBD - 4 Replications,4,ICAR AICRP & Syngenta Multi-Locational Trials,https://icar.org.in
TR-2024-TE-01388,EXP-2024-TE-ONI-0694,ICAR_SYNGENTA_TRIALS,India,Telangana,Telangana & Andhra (Krishna Basin),Warangal,17.9689,79.5941,Onion,Onion,Rabi,2024,Syngenta Quantis,Syngenta Quantis,Biostimulant,1,Syngenta Quantis,2.0,0,1,0.32,0.32,7.02,223.2,22.2,303.9,50.5,15.6,0.76,0.48,27.3,4,30.0,1774.5,58.0,15.2,21.5,0.539,121.79,121.79,108.78,121.79,13.01,11.96,13.01,58046.0,IND_FIELD_1388,RCBD - 4 Replications,4,ICAR AICRP & Syngenta Multi-Locational Trials,https://icar.org.in
TR-2022-GU-01389,EXP-2022-GU-MAI-0695,ICAR_SYNGENTA_TRIALS,India,Gujarat,Gujarat & Saurashtra Plain,Rajkot,22.3039,70.8022,Maize,Maize,Kharif,2022,Control (Untreated Check),Untreated Check,Untreated Check,0,Untreated,0.0,1,0,0.43,0.43,7.63,221.1,20.7,402.0,34.3,16.1,0.78,0.36,23.7,3,551.7,1540.5,56.7,8.4,20.7,0.703,22.77,22.77,22.77,22.77,0.0,0.0,0.0,0.0,IND_FIELD_1389,RCBD - 4 Replications,4,ICAR AICRP & Syngenta Multi-Locational Trials,https://icar.org.in
TR-2022-GU-01390,EXP-2022-GU-MAI-0695,ICAR_SYNGENTA_TRIALS,India,Gujarat,Gujarat & Saurashtra Plain,Rajkot,22.3039,70.8022,Maize,Maize,Kharif,2022,Syngenta Isabion,Syngenta Isabion,Biostimulant,1,Syngenta Isabion,2.0,0,1,0.43,0.43,7.63,221.1,20.7,402.0,34.3,16.1,0.78,0.36,23.7,3,551.7,1540.5,56.7,8.4,20.7,0.703,24.8,24.8,22.77,24.8,2.03,8.92,2.03,7538.0,IND_FIELD_1390,RCBD - 4 Replications,4,ICAR AICRP & Syngenta Multi-Locational Trials,https://icar.org.in
TR-2025-UT-01391,EXP-2025-UT-ONI-0696,ICAR_SYNGENTA_TRIALS,India,Uttar Pradesh,Indo-Gangetic Plain (Central),Varanasi,25.3176,82.9739,Onion,Onion,Rabi,2025,Control (Untreated Check),Untreated Check,Untreated Check,0,Untreated,0.0,1,0,0.36,0.36,7.35,157.0,27.1,208.7,30.9,16.8,0.65,0.61,34.5,2,51.8,2242.5,69.7,9.9,14.3,0.705,120.01,120.01,120.01,120.01,0.0,0.0,0.0,0.0,IND_FIELD_1391,RCBD - 4 Replications,4,ICAR AICRP & Syngenta Multi-Locational Trials,https://icar.org.in
TR-2025-UT-01392,EXP-2025-UT-ONI-0696,ICAR_SYNGENTA_TRIALS,India,Uttar Pradesh,Indo-Gangetic Plain (Central),Varanasi,25.3176,82.9739,Onion,Onion,Rabi,2025,Syngenta Quantis,Syngenta Quantis,Biostimulant,1,Syngenta Quantis,2.0,0,1,0.36,0.36,7.35,157.0,27.1,208.7,30.9,16.8,0.65,0.61,34.5,2,51.8,2242.5,69.7,9.9,14.3,0.705,138.67,138.67,120.01,138.67,18.66,15.55,18.66,84036.0,IND_FIELD_1392,RCBD - 4 Replications,4,ICAR AICRP & Syngenta Multi-Locational Trials,https://icar.org.in
TR-2021-GU-01393,EXP-2021-GU-RIC-0697,ICAR_SYNGENTA_TRIALS,India,Gujarat,Gujarat & Saurashtra Plain,Rajkot,22.3039,70.8022,Rice (Paddy),Rice (Paddy),Kharif,2021,Control (Untreated Check),Untreated Check,Untreated Check,0,Untreated,0.0,1,0,0.53,0.53,7.45,206.0,19.3,288.2,24.2,17.1,1.03,0.36,30.9,4,386.9,2008.5,87.7,7.2,20.9,0.616,19.55,19.55,19.55,19.55,0.0,0.0,0.0,0.0,IND_FIELD_1393,RCBD - 4 Replications,4,ICAR AICRP & Syngenta Multi-Locational Trials,https://icar.org.in
TR-2021-GU-01394,EXP-2021-GU-RIC-0697,ICAR_SYNGENTA_TRIALS,India,Gujarat,Gujarat & Saurashtra Plain,Rajkot,22.3039,70.8022,Rice (Paddy),Rice (Paddy),Kharif,2021,Syngenta Quantis,Syngenta Quantis,Biostimulant,1,Syngenta Quantis,2.0,0,1,0.53,0.53,7.45,206.0,19.3,288.2,24.2,17.1,1.03,0.36,30.9,4,386.9,2008.5,87.7,7.2,20.9,0.616,22.45,22.45,19.55,22.45,2.9,14.83,2.9,11540.0,IND_FIELD_1394,RCBD - 4 Replications,4,ICAR AICRP & Syngenta Multi-Locational Trials,https://icar.org.in
TR-2025-MA-01395,EXP-2025-MA-TOM-0698,ICAR_SYNGENTA_TRIALS,India,Madhya Pradesh,Madhya Pradesh & Central Belt,Bhopal,23.2599,77.4126,Tomato,Tomato,Annual,2025,Control (Untreated Check),Untreated Check,Untreated Check,0,Untreated,0.0,1,0,0.42,0.42,7.62,290.9,25.7,306.2,45.6,13.8,0.87,0.53,24.8,1,30.0,1612.0,62.5,6.7,17.8,0.738,145.54,145.54,145.54,145.54,0.0,0.0,0.0,0.0,IND_FIELD_1395,RCBD - 4 Replications,4,ICAR AICRP & Syngenta Multi-Locational Trials,https://icar.org.in
TR-2025-MA-01396,EXP-2025-MA-TOM-0698,ICAR_SYNGENTA_TRIALS,India,Madhya Pradesh,Madhya Pradesh & Central Belt,Bhopal,23.2599,77.4126,Tomato,Tomato,Annual,2025,Syngenta Isabion,Syngenta Isabion,Biostimulant,1,Syngenta Isabion,2.5,0,1,0.42,0.42,7.62,290.9,25.7,306.2,45.6,13.8,0.87,0.53,24.8,1,30.0,1612.0,62.5,6.7,17.8,0.738,159.42,159.42,145.54,159.42,13.88,9.54,13.88,61598.0,IND_FIELD_1396,RCBD - 4 Replications,4,ICAR AICRP & Syngenta Multi-Locational Trials,https://icar.org.in
TR-2023-GU-01397,EXP-2023-GU-CHI-0699,ICAR_SYNGENTA_TRIALS,India,Gujarat,Gujarat & Saurashtra Plain,Rajkot,22.3039,70.8022,Chickpea (Gram / Chana),Chickpea (Gram / Chana),Rabi,2023,Control (Untreated Check),Untreated Check,Untreated Check,0,Untreated,0.0,1,0,0.61,0.61,7.8,204.5,9.3,351.4,27.8,16.6,0.66,0.75,28.3,1,223.7,1839.5,73.2,9.9,20.7,0.737,7.56,7.56,7.56,7.56,0.0,0.0,0.0,0.0,IND_FIELD_1397,RCBD - 4 Replications,4,ICAR AICRP & Syngenta Multi-Locational Trials,https://icar.org.in
TR-2023-GU-01398,EXP-2023-GU-CHI-0699,ICAR_SYNGENTA_TRIALS,India,Gujarat,Gujarat & Saurashtra Plain,Rajkot,22.3039,70.8022,Chickpea (Gram / Chana),Chickpea (Gram / Chana),Rabi,2023,Syngenta Isabion,Syngenta Isabion,Biostimulant,1,Syngenta Isabion,1.5,0,1,0.61,0.61,7.8,204.5,9.3,351.4,27.8,16.6,0.66,0.75,28.3,1,223.7,1839.5,73.2,9.9,20.7,0.737,8.07,8.07,7.56,8.07,0.51,6.75,0.51,996.0,IND_FIELD_1398,RCBD - 4 Replications,4,ICAR AICRP & Syngenta Multi-Locational Trials,https://icar.org.in
TR-2022-PU-01399,EXP-2022-PU-CHI-0700,ICAR_SYNGENTA_TRIALS,India,Punjab,Punjab & Haryana (Indo-Gangetic),Ludhiana,30.901,75.8573,Chickpea (Gram / Chana),Chickpea (Gram / Chana),Rabi,2022,Control (Untreated Check),Untreated Check,Untreated Check,0,Untreated,0.0,1,0,0.39,0.39,8.14,179.8,40.3,174.8,25.1,16.3,0.86,0.47,30.8,3,122.1,2002.0,81.6,7.5,19.4,0.599,7.47,7.47,7.47,7.47,0.0,0.0,0.0,0.0,IND_FIELD_1399,RCBD - 4 Replications,4,ICAR AICRP & Syngenta Multi-Locational Trials,https://icar.org.in
TR-2022-PU-01400,EXP-2022-PU-CHI-0700,ICAR_SYNGENTA_TRIALS,India,Punjab,Punjab & Haryana (Indo-Gangetic),Ludhiana,30.901,75.8573,Chickpea (Gram / Chana),Chickpea (Gram / Chana),Rabi,2022,Syngenta Isabion,Syngenta Isabion,Biostimulant,1,Syngenta Isabion,1.5,0,1,0.39,0.39,8.14,179.8,40.3,174.8,25.1,16.3,0.86,0.47,30.8,3,122.1,2002.0,81.6,7.5,19.4,0.599,8.01,8.01,7.47,8.01,0.54,7.23,0.54,1134.0,IND_FIELD_1400,RCBD - 4 Replications,4,ICAR AICRP & Syngenta Multi-Locational Trials,https://icar.org.in
TR-2024-TE-01401,EXP-2024-TE-TUR-0701,ICAR_SYNGENTA_TRIALS,India,Telangana,Telangana & Andhra (Krishna Basin),Warangal,17.9689,79.5941,Tur / Pigeon Pea (Arhar),Tur / Pigeon Pea (Arhar),Kharif,2024,Control (Untreated Check),Untreated Check,Untreated Check,0,Untreated,0.0,1,0,0.33,0.33,7.28,207.3,21.5,255.0,27.9,18.2,1.07,0.43,33.9,4,648.2,2203.5,65.3,5.6,17.3,0.71,7.31,7.31,7.31,7.31,0.0,0.0,0.0,0.0,IND_FIELD_1401,RCBD - 4 Replications,4,ICAR AICRP & Syngenta Multi-Locational Trials,https://icar.org.in
TR-2024-TE-01402,EXP-2024-TE-TUR-0701,ICAR_SYNGENTA_TRIALS,India,Telangana,Telangana & Andhra (Krishna Basin),Warangal,17.9689,79.5941,Tur / Pigeon Pea (Arhar),Tur / Pigeon Pea (Arhar),Kharif,2024,Syngenta Quantis,Syngenta Quantis,Biostimulant,1,Syngenta Quantis,2.0,0,1,0.33,0.33,7.28,207.3,21.5,255.0,27.9,18.2,1.07,0.43,33.9,4,648.2,2203.5,65.3,5.6,17.3,0.71,7.45,7.45,7.31,7.45,0.14,1.92,0.14,-1156.0,IND_FIELD_1402,RCBD - 4 Replications,4,ICAR AICRP & Syngenta Multi-Locational Trials,https://icar.org.in
TR-2025-KA-01403,EXP-2025-KA-WHE-0702,ICAR_SYNGENTA_TRIALS,India,Karnataka,Karnataka (Deccan Plateau),Dharwad,15.4589,75.0078,Wheat,Wheat,Rabi,2025,Control (Untreated Check),Untreated Check,Untreated Check,0,Untreated,0.0,1,0,0.87,0.87,6.36,259.1,23.2,194.5,24.5,16.8,1.24,0.59,31.8,3,134.4,2067.0,84.6,13.1,15.8,0.675,16.71,16.71,16.71,16.71,0.0,0.0,0.0,0.0,IND_FIELD_1403,RCBD - 4 Replications,4,ICAR AICRP & Syngenta Multi-Locational Trials,https://icar.org.in
TR-2025-KA-01404,EXP-2025-KA-WHE-0702,ICAR_SYNGENTA_TRIALS,India,Karnataka,Karnataka (Deccan Plateau),Dharwad,15.4589,75.0078,Wheat,Wheat,Rabi,2025,Syngenta Quantis,Syngenta Quantis,Biostimulant,1,Syngenta Quantis,1.5,0,1,0.87,0.87,6.36,259.1,23.2,194.5,24.5,16.8,1.24,0.59,31.8,3,134.4,2067.0,84.6,13.1,15.8,0.675,18.36,18.36,16.71,18.36,1.65,9.87,1.65,6240.0,IND_FIELD_1404,RCBD - 4 Replications,4,ICAR AICRP & Syngenta Multi-Locational Trials,https://icar.org.in
TR-2024-KA-01405,EXP-2024-KA-WHE-0703,ICAR_SYNGENTA_TRIALS,India,Karnataka,Karnataka (Deccan Plateau),Dharwad,15.4589,75.0078,Wheat,Wheat,Rabi,2024,Control (Untreated Check),Untreated Check,Untreated Check,0,Untreated,0.0,1,0,0.68,0.68,7.47,238.5,17.2,284.3,45.2,12.3,0.99,0.63,29.1,3,111.0,1891.5,79.0,9.2,17.2,0.618,16.62,16.62,16.62,16.62,0.0,0.0,0.0,0.0,IND_FIELD_1405,RCBD - 4 Replications,4,ICAR AICRP & Syngenta Multi-Locational Trials,https://icar.org.in
TR-2024-KA-01406,EXP-2024-KA-WHE-0703,ICAR_SYNGENTA_TRIALS,India,Karnataka,Karnataka (Deccan Plateau),Dharwad,15.4589,75.0078,Wheat,Wheat,Rabi,2024,Syngenta Quantis,Syngenta Quantis,Biostimulant,1,Syngenta Quantis,1.5,0,1,0.68,0.68,7.47,238.5,17.2,284.3,45.2,12.3,0.99,0.63,29.1,3,111.0,1891.5,79.0,9.2,17.2,0.618,19.62,19.62,16.62,19.62,3.0,18.05,3.0,12450.0,IND_FIELD_1406,RCBD - 4 Replications,4,ICAR AICRP & Syngenta Multi-Locational Trials,https://icar.org.in
TR-2021-KA-01407,EXP-2021-KA-MUS-0704,ICAR_SYNGENTA_TRIALS,India,Karnataka,Karnataka (Deccan Plateau),Dharwad,15.4589,75.0078,Mustard / Rapeseed,Mustard / Rapeseed,Rabi,2021,Control (Untreated Check),Untreated Check,Untreated Check,0,Untreated,0.0,1,0,0.69,0.69,6.11,274.3,26.4,350.5,23.6,12.6,1.08,0.59,33.4,4,297.6,2171.0,53.9,3.1,23.8,0.68,8.31,8.31,8.31,8.31,0.0,0.0,0.0,0.0,IND_FIELD_1407,RCBD - 4 Replications,4,ICAR AICRP & Syngenta Multi-Locational Trials,https://icar.org.in
TR-2021-KA-01408,EXP-2021-KA-MUS-0704,ICAR_SYNGENTA_TRIALS,India,Karnataka,Karnataka (Deccan Plateau),Dharwad,15.4589,75.0078,Mustard / Rapeseed,Mustard / Rapeseed,Rabi,2021,Syngenta Quantis,Syngenta Quantis,Biostimulant,1,Syngenta Quantis,1.5,0,1,0.69,0.69,6.11,274.3,26.4,350.5,23.6,12.6,1.08,0.59,33.4,4,297.6,2171.0,53.9,3.1,23.8,0.68,9.21,9.21,8.31,9.21,0.9,10.83,0.9,2790.0,IND_FIELD_1408,RCBD - 4 Replications,4,ICAR AICRP & Syngenta Multi-Locational Trials,https://icar.org.in
TR-2023-KA-01409,EXP-2023-KA-SUG-0705,ICAR_SYNGENTA_TRIALS,India,Karnataka,Karnataka (Deccan Plateau),Dharwad,15.4589,75.0078,Sugarcane,Sugarcane,Annual,2023,Control (Untreated Check),Untreated Check,Untreated Check,0,Untreated,0.0,1,0,0.54,0.54,7.14,242.1,16.0,296.1,37.9,12.1,0.72,0.34,30.4,3,115.8,1976.0,56.6,9.7,16.4,0.635,304.62,304.62,304.62,304.62,0.0,0.0,0.0,0.0,IND_FIELD_1409,RCBD - 4 Replications,4,ICAR AICRP & Syngenta Multi-Locational Trials,https://icar.org.in
TR-2023-KA-01410,EXP-2023-KA-SUG-0705,ICAR_SYNGENTA_TRIALS,India,Karnataka,Karnataka (Deccan Plateau),Dharwad,15.4589,75.0078,Sugarcane,Sugarcane,Annual,2023,Syngenta CropBio+,Syngenta CropBio+,Biostimulant,1,Syngenta CropBio+,3.0,0,1,0.54,0.54,7.14,242.1,16.0,296.1,37.9,12.1,0.72,0.34,30.4,3,115.8,1976.0,56.6,9.7,16.4,0.635,361.49,361.49,304.62,361.49,56.87,18.67,56.87,258902.0,IND_FIELD_1410,RCBD - 4 Replications,4,ICAR AICRP & Syngenta Multi-Locational Trials,https://icar.org.in
TR-2022-TE-01411,EXP-2022-TE-SOY-0706,ICAR_SYNGENTA_TRIALS,India,Telangana,Telangana & Andhra (Krishna Basin),Warangal,17.9689,79.5941,Soybean,Soybean,Kharif,2022,Control (Untreated Check),Untreated Check,Untreated Check,0,Untreated,0.0,1,0,0.68,0.68,6.62,187.8,9.7,255.3,23.6,17.6,0.68,0.32,28.5,1,662.3,1852.5,65.4,11.2,21.6,0.661,10.37,10.37,10.37,10.37,0.0,0.0,0.0,0.0,IND_FIELD_1411,RCBD - 4 Replications,4,ICAR AICRP & Syngenta Multi-Locational Trials,https://icar.org.in
TR-2022-TE-01412,EXP-2022-TE-SOY-0706,ICAR_SYNGENTA_TRIALS,India,Telangana,Telangana & Andhra (Krishna Basin),Warangal,17.9689,79.5941,Soybean,Soybean,Kharif,2022,Syngenta Quantis,Syngenta Quantis,Biostimulant,1,Syngenta Quantis,2.0,0,1,0.68,0.68,6.62,187.8,9.7,255.3,23.6,17.6,0.68,0.32,28.5,1,662.3,1852.5,65.4,11.2,21.6,0.661,10.85,10.85,10.37,10.85,0.48,4.63,0.48,408.0,IND_FIELD_1412,RCBD - 4 Replications,4,ICAR AICRP & Syngenta Multi-Locational Trials,https://icar.org.in
TR-2023-TA-01413,EXP-2023-TA-COT-0707,ICAR_SYNGENTA_TRIALS,India,Tamil Nadu,Tamil Nadu & Cauvery Delta,Coimbatore,11.0168,76.9558,Cotton,Cotton,Kharif,2023,Control (Untreated Check),Untreated Check,Untreated Check,0,Untreated,0.0,1,0,0.58,0.58,7.71,196.4,31.0,230.6,34.3,10.6,0.97,0.79,30.8,3,688.8,2002.0,55.8,14.3,21.6,0.62,12.21,12.21,12.21,12.21,0.0,0.0,0.0,0.0,IND_FIELD_1413,RCBD - 4 Replications,4,ICAR AICRP & Syngenta Multi-Locational Trials,https://icar.org.in
TR-2023-TA-01414,EXP-2023-TA-COT-0707,ICAR_SYNGENTA_TRIALS,India,Tamil Nadu,Tamil Nadu & Cauvery Delta,Coimbatore,11.0168,76.9558,Cotton,Cotton,Kharif,2023,Syngenta Isabion,Syngenta Isabion,Biostimulant,1,Syngenta Isabion,1.5,0,1,0.58,0.58,7.71,196.4,31.0,230.6,34.3,10.6,0.97,0.79,30.8,3,688.8,2002.0,55.8,14.3,21.6,0.62,12.5,12.5,12.21,12.5,0.29,2.38,0.29,-16.0,IND_FIELD_1414,RCBD - 4 Replications,4,ICAR AICRP & Syngenta Multi-Locational Trials,https://icar.org.in
TR-2021-UT-01415,EXP-2021-UT-MAI-0708,ICAR_SYNGENTA_TRIALS,India,Uttar Pradesh,Indo-Gangetic Plain (Central),Varanasi,25.3176,82.9739,Maize,Maize,Kharif,2021,Control (Untreated Check),Untreated Check,Untreated Check,0,Untreated,0.0,1,0,0.54,0.54,7.72,273.7,26.7,158.2,39.1,12.5,0.75,0.55,26.8,2,859.5,1742.0,63.8,11.2,21.9,0.581,23.68,23.68,23.68,23.68,0.0,0.0,0.0,0.0,IND_FIELD_1415,RCBD - 4 Replications,4,ICAR AICRP & Syngenta Multi-Locational Trials,https://icar.org.in
TR-2021-UT-01416,EXP-2021-UT-MAI-0708,ICAR_SYNGENTA_TRIALS,India,Uttar Pradesh,Indo-Gangetic Plain (Central),Varanasi,25.3176,82.9739,Maize,Maize,Kharif,2021,Syngenta Isabion,Syngenta Isabion,Biostimulant,1,Syngenta Isabion,2.0,0,1,0.54,0.54,7.72,273.7,26.7,158.2,39.1,12.5,0.75,0.55,26.8,2,859.5,1742.0,63.8,11.2,21.9,0.581,25.36,25.36,23.68,25.36,1.68,7.09,1.68,5928.0,IND_FIELD_1416,RCBD - 4 Replications,4,ICAR AICRP & Syngenta Multi-Locational Trials,https://icar.org.in
TR-2024-MA-01417,EXP-2024-MA-TUR-0709,ICAR_SYNGENTA_TRIALS,India,Maharashtra,Maharashtra & Vidarbha (Deccan),Nagpur,21.1458,79.0882,Tur / Pigeon Pea (Arhar),Tur / Pigeon Pea (Arhar),Kharif,2024,Control (Untreated Check),Untreated Check,Untreated Check,0,Untreated,0.0,1,0,0.64,0.64,7.36,155.0,18.9,358.0,37.0,11.3,0.53,0.7,30.0,4,536.6,1950.0,88.0,9.1,19.7,0.713,7.96,7.96,7.96,7.96,0.0,0.0,0.0,0.0,IND_FIELD_1417,RCBD - 4 Replications,4,ICAR AICRP & Syngenta Multi-Locational Trials,https://icar.org.in
TR-2024-MA-01418,EXP-2024-MA-TUR-0709,ICAR_SYNGENTA_TRIALS,India,Maharashtra,Maharashtra & Vidarbha (Deccan),Nagpur,21.1458,79.0882,Tur / Pigeon Pea (Arhar),Tur / Pigeon Pea (Arhar),Kharif,2024,Syngenta Quantis,Syngenta Quantis,Biostimulant,1,Syngenta Quantis,2.0,0,1,0.64,0.64,7.36,155.0,18.9,358.0,37.0,11.3,0.53,0.7,30.0,4,536.6,1950.0,88.0,9.1,19.7,0.713,8.6,8.6,7.96,8.6,0.64,8.04,0.64,1144.0,IND_FIELD_1418,RCBD - 4 Replications,4,ICAR AICRP & Syngenta Multi-Locational Trials,https://icar.org.in
TR-2023-PU-01419,EXP-2023-PU-TUR-0710,ICAR_SYNGENTA_TRIALS,India,Punjab,Punjab & Haryana (Indo-Gangetic),Ludhiana,30.901,75.8573,Tur / Pigeon Pea (Arhar),Tur / Pigeon Pea (Arhar),Kharif,2023,Control (Untreated Check),Untreated Check,Untreated Check,0,Untreated,0.0,1,0,0.39,0.39,8.7,240.8,33.2,157.5,38.0,13.3,0.88,0.58,26.5,1,714.7,1722.5,53.4,3.4,19.4,0.753,7.65,7.65,7.65,7.65,0.0,0.0,0.0,0.0,IND_FIELD_1419,RCBD - 4 Replications,4,ICAR AICRP & Syngenta Multi-Locational Trials,https://icar.org.in
TR-2023-PU-01420,EXP-2023-PU-TUR-0710,ICAR_SYNGENTA_TRIALS,India,Punjab,Punjab & Haryana (Indo-Gangetic),Ludhiana,30.901,75.8573,Tur / Pigeon Pea (Arhar),Tur / Pigeon Pea (Arhar),Kharif,2023,Syngenta Quantis,Syngenta Quantis,Biostimulant,1,Syngenta Quantis,2.0,0,1,0.39,0.39,8.7,240.8,33.2,157.5,38.0,13.3,0.88,0.58,26.5,1,714.7,1722.5,53.4,3.4,19.4,0.753,7.88,7.88,7.65,7.88,0.23,3.01,0.23,-742.0,IND_FIELD_1420,RCBD - 4 Replications,4,ICAR AICRP & Syngenta Multi-Locational Trials,https://icar.org.in
TR-2024-MA-01421,EXP-2024-MA-CHI-0711,ICAR_SYNGENTA_TRIALS,India,Madhya Pradesh,Madhya Pradesh & Central Belt,Bhopal,23.2599,77.4126,Chickpea (Gram / Chana),Chickpea (Gram / Chana),Rabi,2024,Control (Untreated Check),Untreated Check,Untreated Check,0,Untreated,0.0,1,0,0.6,0.6,7.39,220.2,23.5,310.3,23.3,13.6,0.89,0.49,31.3,2,116.3,2034.5,69.2,10.9,19.6,0.681,6.47,6.47,6.47,6.47,0.0,0.0,0.0,0.0,IND_FIELD_1421,RCBD - 4 Replications,4,ICAR AICRP & Syngenta Multi-Locational Trials,https://icar.org.in
TR-2024-MA-01422,EXP-2024-MA-CHI-0711,ICAR_SYNGENTA_TRIALS,India,Madhya Pradesh,Madhya Pradesh & Central Belt,Bhopal,23.2599,77.4126,Chickpea (Gram / Chana),Chickpea (Gram / Chana),Rabi,2024,Syngenta Isabion,Syngenta Isabion,Biostimulant,1,Syngenta Isabion,1.5,0,1,0.6,0.6,7.39,220.2,23.5,310.3,23.3,13.6,0.89,0.49,31.3,2,116.3,2034.5,69.2,10.9,19.6,0.681,7.42,7.42,6.47,7.42,0.95,14.68,0.95,3020.0,IND_FIELD_1422,RCBD - 4 Replications,4,ICAR AICRP & Syngenta Multi-Locational Trials,https://icar.org.in
TR-2021-PU-01423,EXP-2021-PU-SOY-0712,ICAR_SYNGENTA_TRIALS,India,Punjab,Punjab & Haryana (Indo-Gangetic),Ludhiana,30.901,75.8573,Soybean,Soybean,Kharif,2021,Control (Untreated Check),Untreated Check,Untreated Check,0,Untreated,0.0,1,0,0.27,0.27,8.42,202.0,31.5,212.8,24.5,12.0,0.74,0.43,27.4,1,659.1,1781.0,39.4,10.6,17.5,0.652,9.49,9.49,9.49,9.49,0.0,0.0,0.0,0.0,IND_FIELD_1423,RCBD - 4 Replications,4,ICAR AICRP & Syngenta Multi-Locational Trials,https://icar.org.in
TR-2021-PU-01424,EXP-2021-PU-SOY-0712,ICAR_SYNGENTA_TRIALS,India,Punjab,Punjab & Haryana (Indo-Gangetic),Ludhiana,30.901,75.8573,Soybean,Soybean,Kharif,2021,Syngenta Quantis,Syngenta Quantis,Biostimulant,1,Syngenta Quantis,2.0,0,1,0.27,0.27,8.42,202.0,31.5,212.8,24.5,12.0,0.74,0.43,27.4,1,659.1,1781.0,39.4,10.6,17.5,0.652,10.89,10.89,9.49,10.89,1.4,14.75,1.4,4640.0,IND_FIELD_1424,RCBD - 4 Replications,4,ICAR AICRP & Syngenta Multi-Locational Trials,https://icar.org.in
TR-2025-TA-01425,EXP-2025-TA-ONI-0713,ICAR_SYNGENTA_TRIALS,India,Tamil Nadu,Tamil Nadu & Cauvery Delta,Coimbatore,11.0168,76.9558,Onion,Onion,Rabi,2025,Control (Untreated Check),Untreated Check,Untreated Check,0,Untreated,0.0,1,0,0.68,0.68,6.93,221.8,24.6,270.7,27.8,11.7,0.91,0.86,31.0,3,123.2,2015.0,59.4,6.6,20.4,0.645,123.21,123.21,123.21,123.21,0.0,0.0,0.0,0.0,IND_FIELD_1425,RCBD - 4 Replications,4,ICAR AICRP & Syngenta Multi-Locational Trials,https://icar.org.in
TR-2025-TA-01426,EXP-2025-TA-ONI-0713,ICAR_SYNGENTA_TRIALS,India,Tamil Nadu,Tamil Nadu & Cauvery Delta,Coimbatore,11.0168,76.9558,Onion,Onion,Rabi,2025,Syngenta Quantis,Syngenta Quantis,Biostimulant,1,Syngenta Quantis,2.0,0,1,0.68,0.68,6.93,221.8,24.6,270.7,27.8,11.7,0.91,0.86,31.0,3,123.2,2015.0,59.4,6.6,20.4,0.645,147.7,147.7,123.21,147.7,24.49,19.88,24.49,110854.0,IND_FIELD_1426,RCBD - 4 Replications,4,ICAR AICRP & Syngenta Multi-Locational Trials,https://icar.org.in
TR-2023-GU-01427,EXP-2023-GU-TUR-0714,ICAR_SYNGENTA_TRIALS,India,Gujarat,Gujarat & Saurashtra Plain,Rajkot,22.3039,70.8022,Tur / Pigeon Pea (Arhar),Tur / Pigeon Pea (Arhar),Kharif,2023,Control (Untreated Check),Untreated Check,Untreated Check,0,Untreated,0.0,1,0,0.41,0.41,8.07,240.5,22.2,361.7,28.4,14.8,0.86,0.61,26.6,4,640.0,1729.0,65.1,6.1,18.1,0.661,7.72,7.72,7.72,7.72,0.0,0.0,0.0,0.0,IND_FIELD_1427,RCBD - 4 Replications,4,ICAR AICRP & Syngenta Multi-Locational Trials,https://icar.org.in
TR-2023-GU-01428,EXP-2023-GU-TUR-0714,ICAR_SYNGENTA_TRIALS,India,Gujarat,Gujarat & Saurashtra Plain,Rajkot,22.3039,70.8022,Tur / Pigeon Pea (Arhar),Tur / Pigeon Pea (Arhar),Kharif,2023,Syngenta Quantis,Syngenta Quantis,Biostimulant,1,Syngenta Quantis,2.0,0,1,0.41,0.41,8.07,240.5,22.2,361.7,28.4,14.8,0.86,0.61,26.6,4,640.0,1729.0,65.1,6.1,18.1,0.661,8.03,8.03,7.72,8.03,0.31,4.02,0.31,-374.0,IND_FIELD_1428,RCBD - 4 Replications,4,ICAR AICRP & Syngenta Multi-Locational Trials,https://icar.org.in
TR-2022-TA-01429,EXP-2022-TA-TOM-0715,ICAR_SYNGENTA_TRIALS,India,Tamil Nadu,Tamil Nadu & Cauvery Delta,Coimbatore,11.0168,76.9558,Tomato,Tomato,Annual,2022,Control (Untreated Check),Untreated Check,Untreated Check,0,Untreated,0.0,1,0,0.6,0.6,8.07,165.2,15.6,324.6,36.1,15.4,0.78,0.48,28.6,4,305.5,1859.0,68.9,13.3,22.1,0.625,162.81,162.81,162.81,162.81,0.0,0.0,0.0,0.0,IND_FIELD_1429,RCBD - 4 Replications,4,ICAR AICRP & Syngenta Multi-Locational Trials,https://icar.org.in
TR-2022-TA-01430,EXP-2022-TA-TOM-0715,ICAR_SYNGENTA_TRIALS,India,Tamil Nadu,Tamil Nadu & Cauvery Delta,Coimbatore,11.0168,76.9558,Tomato,Tomato,Annual,2022,Syngenta Isabion,Syngenta Isabion,Biostimulant,1,Syngenta Isabion,2.5,0,1,0.6,0.6,8.07,165.2,15.6,324.6,36.1,15.4,0.78,0.48,28.6,4,305.5,1859.0,68.9,13.3,22.1,0.625,175.22,175.22,162.81,175.22,12.41,7.62,12.41,54836.0,IND_FIELD_1430,RCBD - 4 Replications,4,ICAR AICRP & Syngenta Multi-Locational Trials,https://icar.org.in
TR-2022-TA-01431,EXP-2022-TA-WHE-0716,ICAR_SYNGENTA_TRIALS,India,Tamil Nadu,Tamil Nadu & Cauvery Delta,Coimbatore,11.0168,76.9558,Wheat,Wheat,Rabi,2022,Control (Untreated Check),Untreated Check,Untreated Check,0,Untreated,0.0,1,0,0.68,0.68,7.68,234.9,15.7,260.7,33.6,14.3,0.77,0.66,28.5,1,48.9,1852.5,75.2,6.3,13.7,0.687,14.43,14.43,14.43,14.43,0.0,0.0,0.0,0.0,IND_FIELD_1431,RCBD - 4 Replications,4,ICAR AICRP & Syngenta Multi-Locational Trials,https://icar.org.in
TR-2022-TA-01432,EXP-2022-TA-WHE-0716,ICAR_SYNGENTA_TRIALS,India,Tamil Nadu,Tamil Nadu & Cauvery Delta,Coimbatore,11.0168,76.9558,Wheat,Wheat,Rabi,2022,Syngenta Quantis,Syngenta Quantis,Biostimulant,1,Syngenta Quantis,1.5,0,1,0.68,0.68,7.68,234.9,15.7,260.7,33.6,14.3,0.77,0.66,28.5,1,48.9,1852.5,75.2,6.3,13.7,0.687,15.79,15.79,14.43,15.79,1.36,9.42,1.36,4906.0,IND_FIELD_1432,RCBD - 4 Replications,4,ICAR AICRP & Syngenta Multi-Locational Trials,https://icar.org.in
TR-2024-MA-01433,EXP-2024-MA-TUR-0717,ICAR_SYNGENTA_TRIALS,India,Madhya Pradesh,Madhya Pradesh & Central Belt,Bhopal,23.2599,77.4126,Tur / Pigeon Pea (Arhar),Tur / Pigeon Pea (Arhar),Kharif,2024,Control (Untreated Check),Untreated Check,Untreated Check,0,Untreated,0.0,1,0,0.59,0.59,6.87,214.8,22.0,310.6,25.4,12.4,1.01,0.61,27.6,11,638.4,1794.0,70.1,7.5,17.6,0.67,6.71,6.71,6.71,6.71,0.0,0.0,0.0,0.0,IND_FIELD_1433,RCBD - 4 Replications,4,ICAR AICRP & Syngenta Multi-Locational Trials,https://icar.org.in
TR-2024-MA-01434,EXP-2024-MA-TUR-0717,ICAR_SYNGENTA_TRIALS,India,Madhya Pradesh,Madhya Pradesh & Central Belt,Bhopal,23.2599,77.4126,Tur / Pigeon Pea (Arhar),Tur / Pigeon Pea (Arhar),Kharif,2024,Syngenta Quantis,Syngenta Quantis,Biostimulant,1,Syngenta Quantis,2.0,0,1,0.59,0.59,6.87,214.8,22.0,310.6,25.4,12.4,1.01,0.61,27.6,11,638.4,1794.0,70.1,7.5,17.6,0.67,7.97,7.97,6.71,7.97,1.26,18.78,1.26,3996.0,IND_FIELD_1434,RCBD - 4 Replications,4,ICAR AICRP & Syngenta Multi-Locational Trials,https://icar.org.in
TR-2023-GU-01435,EXP-2023-GU-SUG-0718,ICAR_SYNGENTA_TRIALS,India,Gujarat,Gujarat & Saurashtra Plain,Rajkot,22.3039,70.8022,Sugarcane,Sugarcane,Annual,2023,Control (Untreated Check),Untreated Check,Untreated Check,0,Untreated,0.0,1,0,0.63,0.63,8.22,206.8,15.0,344.0,27.7,11.7,0.61,0.67,29.8,3,159.3,1937.0,77.8,3.9,18.9,0.634,317.0,317.0,317.0,317.0,0.0,0.0,0.0,0.0,IND_FIELD_1435,RCBD - 4 Replications,4,ICAR AICRP & Syngenta Multi-Locational Trials,https://icar.org.in
TR-2023-GU-01436,EXP-2023-GU-SUG-0718,ICAR_SYNGENTA_TRIALS,India,Gujarat,Gujarat & Saurashtra Plain,Rajkot,22.3039,70.8022,Sugarcane,Sugarcane,Annual,2023,Syngenta CropBio+,Syngenta CropBio+,Biostimulant,1,Syngenta CropBio+,3.0,0,1,0.63,0.63,8.22,206.8,15.0,344.0,27.7,11.7,0.61,0.67,29.8,3,159.3,1937.0,77.8,3.9,18.9,0.634,347.45,347.45,317.0,347.45,30.45,9.61,30.45,137370.0,IND_FIELD_1436,RCBD - 4 Replications,4,ICAR AICRP & Syngenta Multi-Locational Trials,https://icar.org.in
TR-2025-MA-01437,EXP-2025-MA-TOM-0719,ICAR_SYNGENTA_TRIALS,India,Maharashtra,Maharashtra & Vidarbha (Deccan),Nagpur,21.1458,79.0882,Tomato,Tomato,Annual,2025,Control (Untreated Check),Untreated Check,Untreated Check,0,Untreated,0.0,1,0,0.54,0.54,8.29,298.0,17.4,369.5,34.4,15.5,1.15,0.47,27.4,3,149.9,1781.0,74.6,11.8,18.0,0.76,138.9,138.9,138.9,138.9,0.0,0.0,0.0,0.0,IND_FIELD_1437,RCBD - 4 Replications,4,ICAR AICRP & Syngenta Multi-Locational Trials,https://icar.org.in
TR-2025-MA-01438,EXP-2025-MA-TOM-0719,ICAR_SYNGENTA_TRIALS,India,Maharashtra,Maharashtra & Vidarbha (Deccan),Nagpur,21.1458,79.0882,Tomato,Tomato,Annual,2025,Syngenta Isabion,Syngenta Isabion,Biostimulant,1,Syngenta Isabion,2.5,0,1,0.54,0.54,8.29,298.0,17.4,369.5,34.4,15.5,1.15,0.47,27.4,3,149.9,1781.0,74.6,11.8,18.0,0.76,171.9,171.9,138.9,171.9,33.0,23.76,33.0,149550.0,IND_FIELD_1438,RCBD - 4 Replications,4,ICAR AICRP & Syngenta Multi-Locational Trials,https://icar.org.in
TR-2025-TE-01439,EXP-2025-TE-CHI-0720,ICAR_SYNGENTA_TRIALS,India,Telangana,Telangana & Andhra (Krishna Basin),Warangal,17.9689,79.5941,Chickpea (Gram / Chana),Chickpea (Gram / Chana),Rabi,2025,Control (Untreated Check),Untreated Check,Untreated Check,0,Untreated,0.0,1,0,0.57,0.57,7.03,241.2,18.2,206.4,32.3,17.2,1.04,0.58,31.4,1,193.5,2041.0,64.5,8.8,19.2,0.736,6.76,6.76,6.76,6.76,0.0,0.0,0.0,0.0,IND_FIELD_1439,RCBD - 4 Replications,4,ICAR AICRP & Syngenta Multi-Locational Trials,https://icar.org.in
TR-2025-TE-01440,EXP-2025-TE-CHI-0720,ICAR_SYNGENTA_TRIALS,India,Telangana,Telangana & Andhra (Krishna Basin),Warangal,17.9689,79.5941,Chickpea (Gram / Chana),Chickpea (Gram / Chana),Rabi,2025,Syngenta Isabion,Syngenta Isabion,Biostimulant,1,Syngenta Isabion,1.5,0,1,0.57,0.57,7.03,241.2,18.2,206.4,32.3,17.2,1.04,0.58,31.4,1,193.5,2041.0,64.5,8.8,19.2,0.736,6.7,6.7,6.76,6.7,0.0,0.0,0.0,-1350.0,IND_FIELD_1440,RCBD - 4 Replications,4,ICAR AICRP & Syngenta Multi-Locational Trials,https://icar.org.in
TR-2025-KA-01441,EXP-2025-KA-WHE-0721,ICAR_SYNGENTA_TRIALS,India,Karnataka,Karnataka (Deccan Plateau),Dharwad,15.4589,75.0078,Wheat,Wheat,Rabi,2025,Control (Untreated Check),Untreated Check,Untreated Check,0,Untreated,0.0,1,0,0.72,0.72,6.41,267.2,25.3,256.2,36.3,9.8,1.18,0.87,32.2,2,290.4,2093.0,73.8,10.5,18.4,0.689,16.97,16.97,16.97,16.97,0.0,0.0,0.0,0.0,IND_FIELD_1441,RCBD - 4 Replications,4,ICAR AICRP & Syngenta Multi-Locational Trials,https://icar.org.in
TR-2025-KA-01442,EXP-2025-KA-WHE-0721,ICAR_SYNGENTA_TRIALS,India,Karnataka,Karnataka (Deccan Plateau),Dharwad,15.4589,75.0078,Wheat,Wheat,Rabi,2025,Syngenta Quantis,Syngenta Quantis,Biostimulant,1,Syngenta Quantis,1.5,0,1,0.72,0.72,6.41,267.2,25.3,256.2,36.3,9.8,1.18,0.87,32.2,2,290.4,2093.0,73.8,10.5,18.4,0.689,18.23,18.23,16.97,18.23,1.26,7.42,1.26,4446.0,IND_FIELD_1442,RCBD - 4 Replications,4,ICAR AICRP & Syngenta Multi-Locational Trials,https://icar.org.in
TR-2025-TA-01443,EXP-2025-TA-CHI-0722,ICAR_SYNGENTA_TRIALS,India,Tamil Nadu,Tamil Nadu & Cauvery Delta,Coimbatore,11.0168,76.9558,Chickpea (Gram / Chana),Chickpea (Gram / Chana),Rabi,2025,Control (Untreated Check),Untreated Check,Untreated Check,0,Untreated,0.0,1,0,0.53,0.53,6.71,284.8,24.7,276.8,38.8,12.7,0.91,0.32,29.3,2,121.9,1904.5,52.6,9.2,21.2,0.662,6.73,6.73,6.73,6.73,0.0,0.0,0.0,0.0,IND_FIELD_1443,RCBD - 4 Replications,4,ICAR AICRP & Syngenta Multi-Locational Trials,https://icar.org.in
TR-2025-TA-01444,EXP-2025-TA-CHI-0722,ICAR_SYNGENTA_TRIALS,India,Tamil Nadu,Tamil Nadu & Cauvery Delta,Coimbatore,11.0168,76.9558,Chickpea (Gram / Chana),Chickpea (Gram / Chana),Rabi,2025,Syngenta Isabion,Syngenta Isabion,Biostimulant,1,Syngenta Isabion,1.5,0,1,0.53,0.53,6.71,284.8,24.7,276.8,38.8,12.7,0.91,0.32,29.3,2,121.9,1904.5,52.6,9.2,21.2,0.662,7.74,7.74,6.73,7.74,1.01,15.01,1.01,3296.0,IND_FIELD_1444,RCBD - 4 Replications,4,ICAR AICRP & Syngenta Multi-Locational Trials,https://icar.org.in
TR-2025-PU-01445,EXP-2025-PU-ONI-0723,ICAR_SYNGENTA_TRIALS,India,Punjab,Punjab & Haryana (Indo-Gangetic),Ludhiana,30.901,75.8573,Onion,Onion,Rabi,2025,Control (Untreated Check),Untreated Check,Untreated Check,0,Untreated,0.0,1,0,0.65,0.65,8.8,189.1,35.9,260.5,33.7,15.6,0.79,0.83,30.7,1,30.0,1995.5,52.2,7.5,20.8,0.703,108.66,108.66,108.66,108.66,0.0,0.0,0.0,0.0,IND_FIELD_1445,RCBD - 4 Replications,4,ICAR AICRP & Syngenta Multi-Locational Trials,https://icar.org.in
TR-2025-PU-01446,EXP-2025-PU-ONI-0723,ICAR_SYNGENTA_TRIALS,India,Punjab,Punjab & Haryana (Indo-Gangetic),Ludhiana,30.901,75.8573,Onion,Onion,Rabi,2025,Syngenta Quantis,Syngenta Quantis,Biostimulant,1,Syngenta Quantis,2.0,0,1,0.65,0.65,8.8,189.1,35.9,260.5,33.7,15.6,0.79,0.83,30.7,1,30.0,1995.5,52.2,7.5,20.8,0.703,112.23,112.23,108.66,112.23,3.57,3.29,3.57,14622.0,IND_FIELD_1446,RCBD - 4 Replications,4,ICAR AICRP & Syngenta Multi-Locational Trials,https://icar.org.in
TR-2025-GU-01447,EXP-2025-GU-CHI-0724,ICAR_SYNGENTA_TRIALS,India,Gujarat,Gujarat & Saurashtra Plain,Rajkot,22.3039,70.8022,Chickpea (Gram / Chana),Chickpea (Gram / Chana),Rabi,2025,Control (Untreated Check),Untreated Check,Untreated Check,0,Untreated,0.0,1,0,0.49,0.49,8.57,156.4,18.3,342.2,29.1,9.9,0.98,0.49,27.4,5,248.4,1781.0,64.8,8.5,16.2,0.8,6.59,6.59,6.59,6.59,0.0,0.0,0.0,0.0,IND_FIELD_1447,RCBD - 4 Replications,4,ICAR AICRP & Syngenta Multi-Locational Trials,https://icar.org.in
TR-2025-GU-01448,EXP-2025-GU-CHI-0724,ICAR_SYNGENTA_TRIALS,India,Gujarat,Gujarat & Saurashtra Plain,Rajkot,22.3039,70.8022,Chickpea (Gram / Chana),Chickpea (Gram / Chana),Rabi,2025,Syngenta Isabion,Syngenta Isabion,Biostimulant,1,Syngenta Isabion,1.5,0,1,0.49,0.49,8.57,156.4,18.3,342.2,29.1,9.9,0.98,0.49,27.4,5,248.4,1781.0,64.8,8.5,16.2,0.8,7.15,7.15,6.59,7.15,0.56,8.5,0.56,1226.0,IND_FIELD_1448,RCBD - 4 Replications,4,ICAR AICRP & Syngenta Multi-Locational Trials,https://icar.org.in
TR-2021-PU-01449,EXP-2021-PU-MAI-0725,ICAR_SYNGENTA_TRIALS,India,Punjab,Punjab & Haryana (Indo-Gangetic),Ludhiana,30.901,75.8573,Maize,Maize,Kharif,2021,Control (Untreated Check),Untreated Check,Untreated Check,0,Untreated,0.0,1,0,0.32,0.32,7.81,208.0,34.2,141.2,37.1,14.1,1.08,0.72,23.7,6,593.9,1540.5,68.7,11.6,16.6,0.611,22.78,22.78,22.78,22.78,0.0,0.0,0.0,0.0,IND_FIELD_1449,RCBD - 4 Replications,4,ICAR AICRP & Syngenta Multi-Locational Trials,https://icar.org.in
TR-2021-PU-01450,EXP-2021-PU-MAI-0725,ICAR_SYNGENTA_TRIALS,India,Punjab,Punjab & Haryana (Indo-Gangetic),Ludhiana,30.901,75.8573,Maize,Maize,Kharif,2021,Syngenta Isabion,Syngenta Isabion,Biostimulant,1,Syngenta Isabion,2.0,0,1,0.32,0.32,7.81,208.0,34.2,141.2,37.1,14.1,1.08,0.72,23.7,6,593.9,1540.5,68.7,11.6,16.6,0.611,24.55,24.55,22.78,24.55,1.77,7.77,1.77,6342.0,IND_FIELD_1450,RCBD - 4 Replications,4,ICAR AICRP & Syngenta Multi-Locational Trials,https://icar.org.in
TR-2022-PU-01451,EXP-2022-PU-MAI-0726,ICAR_SYNGENTA_TRIALS,India,Punjab,Punjab & Haryana (Indo-Gangetic),Ludhiana,30.901,75.8573,Maize,Maize,Kharif,2022,Control (Untreated Check),Untreated Check,Untreated Check,0,Untreated,0.0,1,0,0.4,0.4,8.21,173.6,25.8,220.5,35.3,12.7,0.79,0.61,32.1,5,651.7,2086.5,71.4,14.6,17.3,0.736,22.51,22.51,22.51,22.51,0.0,0.0,0.0,0.0,IND_FIELD_1451,RCBD - 4 Replications,4,ICAR AICRP & Syngenta Multi-Locational Trials,https://icar.org.in
TR-2022-PU-01452,EXP-2022-PU-MAI-0726,ICAR_SYNGENTA_TRIALS,India,Punjab,Punjab & Haryana (Indo-Gangetic),Ludhiana,30.901,75.8573,Maize,Maize,Kharif,2022,Syngenta Isabion,Syngenta Isabion,Biostimulant,1,Syngenta Isabion,2.0,0,1,0.4,0.4,8.21,173.6,25.8,220.5,35.3,12.7,0.79,0.61,32.1,5,651.7,2086.5,71.4,14.6,17.3,0.736,25.21,25.21,22.51,25.21,2.7,11.99,2.7,10620.0,IND_FIELD_1452,RCBD - 4 Replications,4,ICAR AICRP & Syngenta Multi-Locational Trials,https://icar.org.in
TR-2023-GU-01453,EXP-2023-GU-WHE-0727,ICAR_SYNGENTA_TRIALS,India,Gujarat,Gujarat & Saurashtra Plain,Rajkot,22.3039,70.8022,Wheat,Wheat,Rabi,2023,Control (Untreated Check),Untreated Check,Untreated Check,0,Untreated,0.0,1,0,0.46,0.46,7.99,199.7,17.1,361.5,17.4,10.5,0.79,0.65,27.6,2,30.0,1794.0,86.1,14.9,18.6,0.584,15.07,15.07,15.07,15.07,0.0,0.0,0.0,0.0,IND_FIELD_1453,RCBD - 4 Replications,4,ICAR AICRP & Syngenta Multi-Locational Trials,https://icar.org.in
TR-2023-GU-01454,EXP-2023-GU-WHE-0727,ICAR_SYNGENTA_TRIALS,India,Gujarat,Gujarat & Saurashtra Plain,Rajkot,22.3039,70.8022,Wheat,Wheat,Rabi,2023,Syngenta Quantis,Syngenta Quantis,Biostimulant,1,Syngenta Quantis,1.5,0,1,0.46,0.46,7.99,199.7,17.1,361.5,17.4,10.5,0.79,0.65,27.6,2,30.0,1794.0,86.1,14.9,18.6,0.584,14.7,14.7,15.07,14.7,0.0,0.0,0.0,-1350.0,IND_FIELD_1454,RCBD - 4 Replications,4,ICAR AICRP & Syngenta Multi-Locational Trials,https://icar.org.in
TR-2023-GU-01455,EXP-2023-GU-SOY-0728,ICAR_SYNGENTA_TRIALS,India,Gujarat,Gujarat & Saurashtra Plain,Rajkot,22.3039,70.8022,Soybean,Soybean,Kharif,2023,Control (Untreated Check),Untreated Check,Untreated Check,0,Untreated,0.0,1,0,0.49,0.49,8.03,214.0,14.2,441.8,29.0,18.2,0.57,0.59,29.9,0,608.9,1943.5,55.9,10.5,18.9,0.629,9.87,9.87,9.87,9.87,0.0,0.0,0.0,0.0,IND_FIELD_1455,RCBD - 4 Replications,4,ICAR AICRP & Syngenta Multi-Locational Trials,https://icar.org.in
TR-2023-GU-01456,EXP-2023-GU-SOY-0728,ICAR_SYNGENTA_TRIALS,India,Gujarat,Gujarat & Saurashtra Plain,Rajkot,22.3039,70.8022,Soybean,Soybean,Kharif,2023,Syngenta Quantis,Syngenta Quantis,Biostimulant,1,Syngenta Quantis,2.0,0,1,0.49,0.49,8.03,214.0,14.2,441.8,29.0,18.2,0.57,0.59,29.9,0,608.9,1943.5,55.9,10.5,18.9,0.629,9.84,9.84,9.87,9.84,0.0,0.0,0.0,-1800.0,IND_FIELD_1456,RCBD - 4 Replications,4,ICAR AICRP & Syngenta Multi-Locational Trials,https://icar.org.in
TR-2021-GU-01457,EXP-2021-GU-TUR-0729,ICAR_SYNGENTA_TRIALS,India,Gujarat,Gujarat & Saurashtra Plain,Rajkot,22.3039,70.8022,Tur / Pigeon Pea (Arhar),Tur / Pigeon Pea (Arhar),Kharif,2021,Control (Untreated Check),Untreated Check,Untreated Check,0,Untreated,0.0,1,0,0.3,0.3,8.54,187.6,9.2,355.1,33.7,11.1,0.78,0.71,25.0,1,621.8,1625.0,47.9,14.6,20.1,0.677,7.05,7.05,7.05,7.05,0.0,0.0,0.0,0.0,IND_FIELD_1457,RCBD - 4 Replications,4,ICAR AICRP & Syngenta Multi-Locational Trials,https://icar.org.in
TR-2021-GU-01458,EXP-2021-GU-TUR-0729,ICAR_SYNGENTA_TRIALS,India,Gujarat,Gujarat & Saurashtra Plain,Rajkot,22.3039,70.8022,Tur / Pigeon Pea (Arhar),Tur / Pigeon Pea (Arhar),Kharif,2021,Syngenta Quantis,Syngenta Quantis,Biostimulant,1,Syngenta Quantis,2.0,0,1,0.3,0.3,8.54,187.6,9.2,355.1,33.7,11.1,0.78,0.71,25.0,1,621.8,1625.0,47.9,14.6,20.1,0.677,7.17,7.17,7.05,7.17,0.12,1.7,0.12,-1248.0,IND_FIELD_1458,RCBD - 4 Replications,4,ICAR AICRP & Syngenta Multi-Locational Trials,https://icar.org.in
TR-2022-MA-01459,EXP-2022-MA-TOM-0730,ICAR_SYNGENTA_TRIALS,India,Maharashtra,Maharashtra & Vidarbha (Deccan),Nagpur,21.1458,79.0882,Tomato,Tomato,Annual,2022,Control (Untreated Check),Untreated Check,Untreated Check,0,Untreated,0.0,1,0,0.45,0.45,8.0,172.8,15.7,374.3,43.3,15.9,0.72,0.53,29.7,2,120.9,1930.5,67.2,13.9,16.6,0.727,150.9,150.9,150.9,150.9,0.0,0.0,0.0,0.0,IND_FIELD_1459,RCBD - 4 Replications,4,ICAR AICRP & Syngenta Multi-Locational Trials,https://icar.org.in
TR-2022-MA-01460,EXP-2022-MA-TOM-0730,ICAR_SYNGENTA_TRIALS,India,Maharashtra,Maharashtra & Vidarbha (Deccan),Nagpur,21.1458,79.0882,Tomato,Tomato,Annual,2022,Syngenta Isabion,Syngenta Isabion,Biostimulant,1,Syngenta Isabion,2.5,0,1,0.45,0.45,8.0,172.8,15.7,374.3,43.3,15.9,0.72,0.53,29.7,2,120.9,1930.5,67.2,13.9,16.6,0.727,155.44,155.44,150.9,155.44,4.54,3.01,4.54,18634.0,IND_FIELD_1460,RCBD - 4 Replications,4,ICAR AICRP & Syngenta Multi-Locational Trials,https://icar.org.in
TR-2024-UT-01461,EXP-2024-UT-TUR-0731,ICAR_SYNGENTA_TRIALS,India,Uttar Pradesh,Indo-Gangetic Plain (Central),Varanasi,25.3176,82.9739,Tur / Pigeon Pea (Arhar),Tur / Pigeon Pea (Arhar),Kharif,2024,Control (Untreated Check),Untreated Check,Untreated Check,0,Untreated,0.0,1,0,0.61,0.61,7.18,243.7,20.3,267.7,28.0,12.8,0.66,0.26,25.1,5,859.7,1631.5,56.4,9.2,21.4,0.588,7.76,7.76,7.76,7.76,0.0,0.0,0.0,0.0,IND_FIELD_1461,RCBD - 4 Replications,4,ICAR AICRP & Syngenta Multi-Locational Trials,https://icar.org.in
TR-2024-UT-01462,EXP-2024-UT-TUR-0731,ICAR_SYNGENTA_TRIALS,India,Uttar Pradesh,Indo-Gangetic Plain (Central),Varanasi,25.3176,82.9739,Tur / Pigeon Pea (Arhar),Tur / Pigeon Pea (Arhar),Kharif,2024,Syngenta Quantis,Syngenta Quantis,Biostimulant,1,Syngenta Quantis,2.0,0,1,0.61,0.61,7.18,243.7,20.3,267.7,28.0,12.8,0.66,0.26,25.1,5,859.7,1631.5,56.4,9.2,21.4,0.588,9.13,9.13,7.76,9.13,1.37,17.65,1.37,4502.0,IND_FIELD_1462,RCBD - 4 Replications,4,ICAR AICRP & Syngenta Multi-Locational Trials,https://icar.org.in
TR-2023-MA-01463,EXP-2023-MA-RIC-0732,ICAR_SYNGENTA_TRIALS,India,Madhya Pradesh,Madhya Pradesh & Central Belt,Bhopal,23.2599,77.4126,Rice (Paddy),Rice (Paddy),Kharif,2023,Control (Untreated Check),Untreated Check,Untreated Check,0,Untreated,0.0,1,0,0.35,0.35,7.78,186.8,11.8,312.6,36.4,11.6,0.73,0.63,25.9,2,600.5,1683.5,70.9,9.0,19.4,0.712,18.52,18.52,18.52,18.52,0.0,0.0,0.0,0.0,IND_FIELD_1463,RCBD - 4 Replications,4,ICAR AICRP & Syngenta Multi-Locational Trials,https://icar.org.in
TR-2023-MA-01464,EXP-2023-MA-RIC-0732,ICAR_SYNGENTA_TRIALS,India,Madhya Pradesh,Madhya Pradesh & Central Belt,Bhopal,23.2599,77.4126,Rice (Paddy),Rice (Paddy),Kharif,2023,Syngenta Quantis,Syngenta Quantis,Biostimulant,1,Syngenta Quantis,2.0,0,1,0.35,0.35,7.78,186.8,11.8,312.6,36.4,11.6,0.73,0.63,25.9,2,600.5,1683.5,70.9,9.0,19.4,0.712,19.43,19.43,18.52,19.43,0.91,4.91,0.91,2386.0,IND_FIELD_1464,RCBD - 4 Replications,4,ICAR AICRP & Syngenta Multi-Locational Trials,https://icar.org.in
TR-2024-UT-01465,EXP-2024-UT-TOM-0733,ICAR_SYNGENTA_TRIALS,India,Uttar Pradesh,Indo-Gangetic Plain (Central),Varanasi,25.3176,82.9739,Tomato,Tomato,Annual,2024,Control (Untreated Check),Untreated Check,Untreated Check,0,Untreated,0.0,1,0,0.46,0.46,6.96,258.7,29.3,224.2,28.7,16.1,0.76,0.66,33.9,6,30.0,2203.5,62.0,10.6,19.2,0.725,141.93,141.93,141.93,141.93,0.0,0.0,0.0,0.0,IND_FIELD_1465,RCBD - 4 Replications,4,ICAR AICRP & Syngenta Multi-Locational Trials,https://icar.org.in
TR-2024-UT-01466,EXP-2024-UT-TOM-0733,ICAR_SYNGENTA_TRIALS,India,Uttar Pradesh,Indo-Gangetic Plain (Central),Varanasi,25.3176,82.9739,Tomato,Tomato,Annual,2024,Syngenta Isabion,Syngenta Isabion,Biostimulant,1,Syngenta Isabion,2.5,0,1,0.46,0.46,6.96,258.7,29.3,224.2,28.7,16.1,0.76,0.66,33.9,6,30.0,2203.5,62.0,10.6,19.2,0.725,166.59,166.59,141.93,166.59,24.66,17.37,24.66,111186.0,IND_FIELD_1466,RCBD - 4 Replications,4,ICAR AICRP & Syngenta Multi-Locational Trials,https://icar.org.in
TR-2025-MA-01467,EXP-2025-MA-SOY-0734,ICAR_SYNGENTA_TRIALS,India,Maharashtra,Maharashtra & Vidarbha (Deccan),Nagpur,21.1458,79.0882,Soybean,Soybean,Kharif,2025,Control (Untreated Check),Untreated Check,Untreated Check,0,Untreated,0.0,1,0,0.39,0.39,7.9,213.6,25.9,292.2,29.6,15.9,0.85,0.49,22.7,4,651.3,1475.5,68.7,10.3,21.6,0.687,10.52,10.52,10.52,10.52,0.0,0.0,0.0,0.0,IND_FIELD_1467,RCBD - 4 Replications,4,ICAR AICRP & Syngenta Multi-Locational Trials,https://icar.org.in
TR-2025-MA-01468,EXP-2025-MA-SOY-0734,ICAR_SYNGENTA_TRIALS,India,Maharashtra,Maharashtra & Vidarbha (Deccan),Nagpur,21.1458,79.0882,Soybean,Soybean,Kharif,2025,Syngenta Quantis,Syngenta Quantis,Biostimulant,1,Syngenta Quantis,2.0,0,1,0.39,0.39,7.9,213.6,25.9,292.2,29.6,15.9,0.85,0.49,22.7,4,651.3,1475.5,68.7,10.3,21.6,0.687,11.09,11.09,10.52,11.09,0.57,5.42,0.57,822.0,IND_FIELD_1468,RCBD - 4 Replications,4,ICAR AICRP & Syngenta Multi-Locational Trials,https://icar.org.in
TR-2023-MA-01469,EXP-2023-MA-MUS-0735,ICAR_SYNGENTA_TRIALS,India,Maharashtra,Maharashtra & Vidarbha (Deccan),Nagpur,21.1458,79.0882,Mustard / Rapeseed,Mustard / Rapeseed,Rabi,2023,Control (Untreated Check),Untreated Check,Untreated Check,0,Untreated,0.0,1,0,0.41,0.41,7.64,176.3,11.2,305.6,35.9,13.1,0.68,0.81,26.4,4,64.3,1716.0,84.7,10.5,18.8,0.623,5.72,5.72,5.72,5.72,0.0,0.0,0.0,0.0,IND_FIELD_1469,RCBD - 4 Replications,4,ICAR AICRP & Syngenta Multi-Locational Trials,https://icar.org.in
TR-2023-MA-01470,EXP-2023-MA-MUS-0735,ICAR_SYNGENTA_TRIALS,India,Maharashtra,Maharashtra & Vidarbha (Deccan),Nagpur,21.1458,79.0882,Mustard / Rapeseed,Mustard / Rapeseed,Rabi,2023,Syngenta Quantis,Syngenta Quantis,Biostimulant,1,Syngenta Quantis,1.5,0,1,0.41,0.41,7.64,176.3,11.2,305.6,35.9,13.1,0.68,0.81,26.4,4,64.3,1716.0,84.7,10.5,18.8,0.623,6.69,6.69,5.72,6.69,0.97,16.96,0.97,3112.0,IND_FIELD_1470,RCBD - 4 Replications,4,ICAR AICRP & Syngenta Multi-Locational Trials,https://icar.org.in
TR-2025-KA-01471,EXP-2025-KA-TUR-0736,ICAR_SYNGENTA_TRIALS,India,Karnataka,Karnataka (Deccan Plateau),Dharwad,15.4589,75.0078,Tur / Pigeon Pea (Arhar),Tur / Pigeon Pea (Arhar),Kharif,2025,Control (Untreated Check),Untreated Check,Untreated Check,0,Untreated,0.0,1,0,0.5,0.5,6.45,299.2,25.4,226.2,35.9,13.0,0.5,0.49,25.4,1,705.6,1651.0,74.7,16.1,23.4,0.696,8.02,8.02,8.02,8.02,0.0,0.0,0.0,0.0,IND_FIELD_1471,RCBD - 4 Replications,4,ICAR AICRP & Syngenta Multi-Locational Trials,https://icar.org.in
TR-2025-KA-01472,EXP-2025-KA-TUR-0736,ICAR_SYNGENTA_TRIALS,India,Karnataka,Karnataka (Deccan Plateau),Dharwad,15.4589,75.0078,Tur / Pigeon Pea (Arhar),Tur / Pigeon Pea (Arhar),Kharif,2025,Syngenta Quantis,Syngenta Quantis,Biostimulant,1,Syngenta Quantis,2.0,0,1,0.5,0.5,6.45,299.2,25.4,226.2,35.9,13.0,0.5,0.49,25.4,1,705.6,1651.0,74.7,16.1,23.4,0.696,8.26,8.26,8.02,8.26,0.24,2.99,0.24,-696.0,IND_FIELD_1472,RCBD - 4 Replications,4,ICAR AICRP & Syngenta Multi-Locational Trials,https://icar.org.in
TR-2023-MA-01473,EXP-2023-MA-GRO-0737,ICAR_SYNGENTA_TRIALS,India,Maharashtra,Maharashtra & Vidarbha (Deccan),Nagpur,21.1458,79.0882,Groundnut (Peanut),Groundnut (Peanut),Kharif,2023,Control (Untreated Check),Untreated Check,Untreated Check,0,Untreated,0.0,1,0,0.4,0.4,8.45,266.1,18.4,358.6,27.8,13.9,0.69,0.46,30.3,3,735.2,1969.5,70.4,5.5,17.3,0.676,11.14,11.14,11.14,11.14,0.0,0.0,0.0,0.0,IND_FIELD_1473,RCBD - 4 Replications,4,ICAR AICRP & Syngenta Multi-Locational Trials,https://icar.org.in
TR-2023-MA-01474,EXP-2023-MA-GRO-0737,ICAR_SYNGENTA_TRIALS,India,Maharashtra,Maharashtra & Vidarbha (Deccan),Nagpur,21.1458,79.0882,Groundnut (Peanut),Groundnut (Peanut),Kharif,2023,Syngenta Isabion,Syngenta Isabion,Biostimulant,1,Syngenta Isabion,1.5,0,1,0.4,0.4,8.45,266.1,18.4,358.6,27.8,13.9,0.69,0.46,30.3,3,735.2,1969.5,70.4,5.5,17.3,0.676,12.49,12.49,11.14,12.49,1.35,12.12,1.35,4860.0,IND_FIELD_1474,RCBD - 4 Replications,4,ICAR AICRP & Syngenta Multi-Locational Trials,https://icar.org.in
TR-2022-PU-01475,EXP-2022-PU-COT-0738,ICAR_SYNGENTA_TRIALS,India,Punjab,Punjab & Haryana (Indo-Gangetic),Ludhiana,30.901,75.8573,Cotton,Cotton,Kharif,2022,Control (Untreated Check),Untreated Check,Untreated Check,0,Untreated,0.0,1,0,0.44,0.44,7.92,157.3,26.5,180.9,28.1,18.1,0.8,0.61,23.1,3,754.4,1501.5,59.3,7.6,18.0,0.631,10.64,10.64,10.64,10.64,0.0,0.0,0.0,0.0,IND_FIELD_1475,RCBD - 4 Replications,4,ICAR AICRP & Syngenta Multi-Locational Trials,https://icar.org.in
TR-2022-PU-01476,EXP-2022-PU-COT-0738,ICAR_SYNGENTA_TRIALS,India,Punjab,Punjab & Haryana (Indo-Gangetic),Ludhiana,30.901,75.8573,Cotton,Cotton,Kharif,2022,Syngenta Isabion,Syngenta Isabion,Biostimulant,1,Syngenta Isabion,1.5,0,1,0.44,0.44,7.92,157.3,26.5,180.9,28.1,18.1,0.8,0.61,23.1,3,754.4,1501.5,59.3,7.6,18.0,0.631,12.0,12.0,10.64,12.0,1.36,12.78,1.36,4906.0,IND_FIELD_1476,RCBD - 4 Replications,4,ICAR AICRP & Syngenta Multi-Locational Trials,https://icar.org.in
TR-2023-GU-01477,EXP-2023-GU-MAI-0739,ICAR_SYNGENTA_TRIALS,India,Gujarat,Gujarat & Saurashtra Plain,Rajkot,22.3039,70.8022,Maize,Maize,Kharif,2023,Control (Untreated Check),Untreated Check,Untreated Check,0,Untreated,0.0,1,0,0.62,0.62,7.91,159.7,11.5,380.6,19.3,13.4,0.68,0.53,28.8,0,800.2,1872.0,59.1,2.5,20.2,0.72,24.4,24.4,24.4,24.4,0.0,0.0,0.0,0.0,IND_FIELD_1477,RCBD - 4 Replications,4,ICAR AICRP & Syngenta Multi-Locational Trials,https://icar.org.in
TR-2023-GU-01478,EXP-2023-GU-MAI-0739,ICAR_SYNGENTA_TRIALS,India,Gujarat,Gujarat & Saurashtra Plain,Rajkot,22.3039,70.8022,Maize,Maize,Kharif,2023,Syngenta Isabion,Syngenta Isabion,Biostimulant,1,Syngenta Isabion,2.0,0,1,0.62,0.62,7.91,159.7,11.5,380.6,19.3,13.4,0.68,0.53,28.8,0,800.2,1872.0,59.1,2.5,20.2,0.72,25.28,25.28,24.4,25.28,0.88,3.61,0.88,2248.0,IND_FIELD_1478,RCBD - 4 Replications,4,ICAR AICRP & Syngenta Multi-Locational Trials,https://icar.org.in
TR-2022-KA-01479,EXP-2022-KA-MAI-0740,ICAR_SYNGENTA_TRIALS,India,Karnataka,Karnataka (Deccan Plateau),Dharwad,15.4589,75.0078,Maize,Maize,Kharif,2022,Control (Untreated Check),Untreated Check,Untreated Check,0,Untreated,0.0,1,0,0.73,0.73,7.15,278.9,24.6,216.1,32.5,15.3,1.26,0.58,25.4,3,726.7,1651.0,53.9,7.8,19.6,0.573,27.78,27.78,27.78,27.78,0.0,0.0,0.0,0.0,IND_FIELD_1479,RCBD - 4 Replications,4,ICAR AICRP & Syngenta Multi-Locational Trials,https://icar.org.in
TR-2022-KA-01480,EXP-2022-KA-MAI-0740,ICAR_SYNGENTA_TRIALS,India,Karnataka,Karnataka (Deccan Plateau),Dharwad,15.4589,75.0078,Maize,Maize,Kharif,2022,Syngenta Isabion,Syngenta Isabion,Biostimulant,1,Syngenta Isabion,2.0,0,1,0.73,0.73,7.15,278.9,24.6,216.1,32.5,15.3,1.26,0.58,25.4,3,726.7,1651.0,53.9,7.8,19.6,0.573,29.82,29.82,27.78,29.82,2.04,7.34,2.04,7584.0,IND_FIELD_1480,RCBD - 4 Replications,4,ICAR AICRP & Syngenta Multi-Locational Trials,https://icar.org.in
TR-2023-GU-01481,EXP-2023-GU-ONI-0741,ICAR_SYNGENTA_TRIALS,India,Gujarat,Gujarat & Saurashtra Plain,Rajkot,22.3039,70.8022,Onion,Onion,Rabi,2023,Control (Untreated Check),Untreated Check,Untreated Check,0,Untreated,0.0,1,0,0.26,0.26,7.94,201.1,22.3,376.0,31.0,10.7,1.15,0.66,24.8,4,171.2,1612.0,71.4,13.7,12.3,0.688,123.49,123.49,123.49,123.49,0.0,0.0,0.0,0.0,IND_FIELD_1481,RCBD - 4 Replications,4,ICAR AICRP & Syngenta Multi-Locational Trials,https://icar.org.in
TR-2023-GU-01482,EXP-2023-GU-ONI-0741,ICAR_SYNGENTA_TRIALS,India,Gujarat,Gujarat & Saurashtra Plain,Rajkot,22.3039,70.8022,Onion,Onion,Rabi,2023,Syngenta Quantis,Syngenta Quantis,Biostimulant,1,Syngenta Quantis,2.0,0,1,0.26,0.26,7.94,201.1,22.3,376.0,31.0,10.7,1.15,0.66,24.8,4,171.2,1612.0,71.4,13.7,12.3,0.688,136.53,136.53,123.49,136.53,13.04,10.56,13.04,58184.0,IND_FIELD_1482,RCBD - 4 Replications,4,ICAR AICRP & Syngenta Multi-Locational Trials,https://icar.org.in
TR-2021-MA-01483,EXP-2021-MA-MAI-0742,ICAR_SYNGENTA_TRIALS,India,Madhya Pradesh,Madhya Pradesh & Central Belt,Bhopal,23.2599,77.4126,Maize,Maize,Kharif,2021,Control (Untreated Check),Untreated Check,Untreated Check,0,Untreated,0.0,1,0,0.38,0.38,7.21,250.6,28.4,294.0,40.5,13.6,0.92,0.54,29.6,4,733.9,1924.0,42.3,5.5,19.5,0.537,23.75,23.75,23.75,23.75,0.0,0.0,0.0,0.0,IND_FIELD_1483,RCBD - 4 Replications,4,ICAR AICRP & Syngenta Multi-Locational Trials,https://icar.org.in
TR-2021-MA-01484,EXP-2021-MA-MAI-0742,ICAR_SYNGENTA_TRIALS,India,Madhya Pradesh,Madhya Pradesh & Central Belt,Bhopal,23.2599,77.4126,Maize,Maize,Kharif,2021,Syngenta Isabion,Syngenta Isabion,Biostimulant,1,Syngenta Isabion,2.0,0,1,0.38,0.38,7.21,250.6,28.4,294.0,40.5,13.6,0.92,0.54,29.6,4,733.9,1924.0,42.3,5.5,19.5,0.537,26.09,26.09,23.75,26.09,2.34,9.85,2.34,8964.0,IND_FIELD_1484,RCBD - 4 Replications,4,ICAR AICRP & Syngenta Multi-Locational Trials,https://icar.org.in
TR-2022-MA-01485,EXP-2022-MA-MUS-0743,ICAR_SYNGENTA_TRIALS,India,Madhya Pradesh,Madhya Pradesh & Central Belt,Bhopal,23.2599,77.4126,Mustard / Rapeseed,Mustard / Rapeseed,Rabi,2022,Control (Untreated Check),Untreated Check,Untreated Check,0,Untreated,0.0,1,0,0.57,0.57,7.8,206.5,19.1,280.7,15.1,14.5,1.04,0.67,25.9,6,143.6,1683.5,59.3,7.5,21.7,0.713,6.76,6.76,6.76,6.76,0.0,0.0,0.0,0.0,IND_FIELD_1485,RCBD - 4 Replications,4,ICAR AICRP & Syngenta Multi-Locational Trials,https://icar.org.in
TR-2022-MA-01486,EXP-2022-MA-MUS-0743,ICAR_SYNGENTA_TRIALS,India,Madhya Pradesh,Madhya Pradesh & Central Belt,Bhopal,23.2599,77.4126,Mustard / Rapeseed,Mustard / Rapeseed,Rabi,2022,Syngenta Quantis,Syngenta Quantis,Biostimulant,1,Syngenta Quantis,1.5,0,1,0.57,0.57,7.8,206.5,19.1,280.7,15.1,14.5,1.04,0.67,25.9,6,143.6,1683.5,59.3,7.5,21.7,0.713,7.9,7.9,6.76,7.9,1.14,16.86,1.14,3894.0,IND_FIELD_1486,RCBD - 4 Replications,4,ICAR AICRP & Syngenta Multi-Locational Trials,https://icar.org.in
TR-2024-MA-01487,EXP-2024-MA-RIC-0744,ICAR_SYNGENTA_TRIALS,India,Madhya Pradesh,Madhya Pradesh & Central Belt,Bhopal,23.2599,77.4126,Rice (Paddy),Rice (Paddy),Kharif,2024,Control (Untreated Check),Untreated Check,Untreated Check,0,Untreated,0.0,1,0,0.46,0.46,8.11,226.3,26.0,353.4,32.0,10.1,0.71,0.63,30.1,7,810.1,1956.5,71.1,4.5,17.7,0.832,19.8,19.8,19.8,19.8,0.0,0.0,0.0,0.0,IND_FIELD_1487,RCBD - 4 Replications,4,ICAR AICRP & Syngenta Multi-Locational Trials,https://icar.org.in
TR-2024-MA-01488,EXP-2024-MA-RIC-0744,ICAR_SYNGENTA_TRIALS,India,Madhya Pradesh,Madhya Pradesh & Central Belt,Bhopal,23.2599,77.4126,Rice (Paddy),Rice (Paddy),Kharif,2024,Syngenta Quantis,Syngenta Quantis,Biostimulant,1,Syngenta Quantis,2.0,0,1,0.46,0.46,8.11,226.3,26.0,353.4,32.0,10.1,0.71,0.63,30.1,7,810.1,1956.5,71.1,4.5,17.7,0.832,23.91,23.91,19.8,23.91,4.11,20.76,4.11,17106.0,IND_FIELD_1488,RCBD - 4 Replications,4,ICAR AICRP & Syngenta Multi-Locational Trials,https://icar.org.in
TR-2021-KA-01489,EXP-2021-KA-RIC-0745,ICAR_SYNGENTA_TRIALS,India,Karnataka,Karnataka (Deccan Plateau),Dharwad,15.4589,75.0078,Rice (Paddy),Rice (Paddy),Kharif,2021,Control (Untreated Check),Untreated Check,Untreated Check,0,Untreated,0.0,1,0,0.48,0.48,6.66,242.5,33.8,257.8,18.8,22.3,0.9,0.63,23.7,5,509.4,1540.5,58.3,12.9,16.7,0.645,20.61,20.61,20.61,20.61,0.0,0.0,0.0,0.0,IND_FIELD_1489,RCBD - 4 Replications,4,ICAR AICRP & Syngenta Multi-Locational Trials,https://icar.org.in
TR-2021-KA-01490,EXP-2021-KA-RIC-0745,ICAR_SYNGENTA_TRIALS,India,Karnataka,Karnataka (Deccan Plateau),Dharwad,15.4589,75.0078,Rice (Paddy),Rice (Paddy),Kharif,2021,Syngenta Quantis,Syngenta Quantis,Biostimulant,1,Syngenta Quantis,2.0,0,1,0.48,0.48,6.66,242.5,33.8,257.8,18.8,22.3,0.9,0.63,23.7,5,509.4,1540.5,58.3,12.9,16.7,0.645,22.62,22.62,20.61,22.62,2.01,9.75,2.01,7446.0,IND_FIELD_1490,RCBD - 4 Replications,4,ICAR AICRP & Syngenta Multi-Locational Trials,https://icar.org.in
TR-2025-MA-01491,EXP-2025-MA-GRO-0746,ICAR_SYNGENTA_TRIALS,India,Madhya Pradesh,Madhya Pradesh & Central Belt,Bhopal,23.2599,77.4126,Groundnut (Peanut),Groundnut (Peanut),Kharif,2025,Control (Untreated Check),Untreated Check,Untreated Check,0,Untreated,0.0,1,0,0.61,0.61,7.47,187.3,18.3,276.3,28.8,14.4,0.91,0.27,31.6,3,670.9,2054.0,89.3,9.9,16.7,0.688,10.79,10.79,10.79,10.79,0.0,0.0,0.0,0.0,IND_FIELD_1491,RCBD - 4 Replications,4,ICAR AICRP & Syngenta Multi-Locational Trials,https://icar.org.in
TR-2025-MA-01492,EXP-2025-MA-GRO-0746,ICAR_SYNGENTA_TRIALS,India,Madhya Pradesh,Madhya Pradesh & Central Belt,Bhopal,23.2599,77.4126,Groundnut (Peanut),Groundnut (Peanut),Kharif,2025,Syngenta Isabion,Syngenta Isabion,Biostimulant,1,Syngenta Isabion,1.5,0,1,0.61,0.61,7.47,187.3,18.3,276.3,28.8,14.4,0.91,0.27,31.6,3,670.9,2054.0,89.3,9.9,16.7,0.688,11.75,11.75,10.79,11.75,0.96,8.9,0.96,3066.0,IND_FIELD_1492,RCBD - 4 Replications,4,ICAR AICRP & Syngenta Multi-Locational Trials,https://icar.org.in
TR-2025-GU-01493,EXP-2025-GU-ONI-0747,ICAR_SYNGENTA_TRIALS,India,Gujarat,Gujarat & Saurashtra Plain,Rajkot,22.3039,70.8022,Onion,Onion,Rabi,2025,Control (Untreated Check),Untreated Check,Untreated Check,0,Untreated,0.0,1,0,0.5,0.5,7.84,166.3,10.5,412.8,36.5,17.6,0.85,0.58,28.0,3,134.8,1820.0,70.5,11.5,17.1,0.665,114.49,114.49,114.49,114.49,0.0,0.0,0.0,0.0,IND_FIELD_1493,RCBD - 4 Replications,4,ICAR AICRP & Syngenta Multi-Locational Trials,https://icar.org.in
TR-2025-GU-01494,EXP-2025-GU-ONI-0747,ICAR_SYNGENTA_TRIALS,India,Gujarat,Gujarat & Saurashtra Plain,Rajkot,22.3039,70.8022,Onion,Onion,Rabi,2025,Syngenta Quantis,Syngenta Quantis,Biostimulant,1,Syngenta Quantis,2.0,0,1,0.5,0.5,7.84,166.3,10.5,412.8,36.5,17.6,0.85,0.58,28.0,3,134.8,1820.0,70.5,11.5,17.1,0.665,135.03,135.03,114.49,135.03,20.54,17.94,20.54,92684.0,IND_FIELD_1494,RCBD - 4 Replications,4,ICAR AICRP & Syngenta Multi-Locational Trials,https://icar.org.in
TR-2024-TA-01495,EXP-2024-TA-TUR-0748,ICAR_SYNGENTA_TRIALS,India,Tamil Nadu,Tamil Nadu & Cauvery Delta,Coimbatore,11.0168,76.9558,Tur / Pigeon Pea (Arhar),Tur / Pigeon Pea (Arhar),Kharif,2024,Control (Untreated Check),Untreated Check,Untreated Check,0,Untreated,0.0,1,0,0.52,0.52,7.85,270.8,15.2,278.4,49.0,13.7,1.07,0.67,24.1,6,711.0,1566.5,76.5,5.5,23.0,0.76,7.26,7.26,7.26,7.26,0.0,0.0,0.0,0.0,IND_FIELD_1495,RCBD - 4 Replications,4,ICAR AICRP & Syngenta Multi-Locational Trials,https://icar.org.in
TR-2024-TA-01496,EXP-2024-TA-TUR-0748,ICAR_SYNGENTA_TRIALS,India,Tamil Nadu,Tamil Nadu & Cauvery Delta,Coimbatore,11.0168,76.9558,Tur / Pigeon Pea (Arhar),Tur / Pigeon Pea (Arhar),Kharif,2024,Syngenta Quantis,Syngenta Quantis,Biostimulant,1,Syngenta Quantis,2.0,0,1,0.52,0.52,7.85,270.8,15.2,278.4,49.0,13.7,1.07,0.67,24.1,6,711.0,1566.5,76.5,5.5,23.0,0.76,7.89,7.89,7.26,7.89,0.63,8.68,0.63,1098.0,IND_FIELD_1496,RCBD - 4 Replications,4,ICAR AICRP & Syngenta Multi-Locational Trials,https://icar.org.in
TR-2021-PU-01497,EXP-2021-PU-SOY-0749,ICAR_SYNGENTA_TRIALS,India,Punjab,Punjab & Haryana (Indo-Gangetic),Ludhiana,30.901,75.8573,Soybean,Soybean,Kharif,2021,Control (Untreated Check),Untreated Check,Untreated Check,0,Untreated,0.0,1,0,0.53,0.53,8.3,205.1,34.9,243.6,38.0,12.1,0.73,0.59,35.4,4,672.1,2301.0,68.8,9.5,20.2,0.665,10.89,10.89,10.89,10.89,0.0,0.0,0.0,0.0,IND_FIELD_1497,RCBD - 4 Replications,4,ICAR AICRP & Syngenta Multi-Locational Trials,https://icar.org.in
TR-2021-PU-01498,EXP-2021-PU-SOY-0749,ICAR_SYNGENTA_TRIALS,India,Punjab,Punjab & Haryana (Indo-Gangetic),Ludhiana,30.901,75.8573,Soybean,Soybean,Kharif,2021,Syngenta Quantis,Syngenta Quantis,Biostimulant,1,Syngenta Quantis,2.0,0,1,0.53,0.53,8.3,205.1,34.9,243.6,38.0,12.1,0.73,0.59,35.4,4,672.1,2301.0,68.8,9.5,20.2,0.665,11.91,11.91,10.89,11.91,1.02,9.37,1.02,2892.0,IND_FIELD_1498,RCBD - 4 Replications,4,ICAR AICRP & Syngenta Multi-Locational Trials,https://icar.org.in
TR-2023-KA-01499,EXP-2023-KA-MUS-0750,ICAR_SYNGENTA_TRIALS,India,Karnataka,Karnataka (Deccan Plateau),Dharwad,15.4589,75.0078,Mustard / Rapeseed,Mustard / Rapeseed,Rabi,2023,Control (Untreated Check),Untreated Check,Untreated Check,0,Untreated,0.0,1,0,0.76,0.76,6.94,242.5,19.5,212.3,25.1,10.9,0.93,0.49,29.1,3,278.2,1891.5,56.2,9.1,17.2,0.746,6.09,6.09,6.09,6.09,0.0,0.0,0.0,0.0,IND_FIELD_1499,RCBD - 4 Replications,4,ICAR AICRP & Syngenta Multi-Locational Trials,https://icar.org.in
TR-2023-KA-01500,EXP-2023-KA-MUS-0750,ICAR_SYNGENTA_TRIALS,India,Karnataka,Karnataka (Deccan Plateau),Dharwad,15.4589,75.0078,Mustard / Rapeseed,Mustard / Rapeseed,Rabi,2023,Syngenta Quantis,Syngenta Quantis,Biostimulant,1,Syngenta Quantis,1.5,0,1,0.76,0.76,6.94,242.5,19.5,212.3,25.1,10.9,0.93,0.49,29.1,3,278.2,1891.5,56.2,9.1,17.2,0.746,6.17,6.17,6.09,6.17,0.08,1.31,0.08,-982.0,IND_FIELD_1500,RCBD - 4 Replications,4,ICAR AICRP & Syngenta Multi-Locational Trials,https://icar.org.in
TR-2024-TA-01501,EXP-2024-TA-TOM-0751,ICAR_SYNGENTA_TRIALS,India,Tamil Nadu,Tamil Nadu & Cauvery Delta,Coimbatore,11.0168,76.9558,Tomato,Tomato,Annual,2024,Control (Untreated Check),Untreated Check,Untreated Check,0,Untreated,0.0,1,0,0.54,0.54,7.55,213.5,15.1,317.5,33.5,17.0,0.69,0.45,30.0,7,253.5,1950.0,63.6,8.4,17.0,0.723,148.89,148.89,148.89,148.89,0.0,0.0,0.0,0.0,IND_FIELD_1501,RCBD - 4 Replications,4,ICAR AICRP & Syngenta Multi-Locational Trials,https://icar.org.in
TR-2024-TA-01502,EXP-2024-TA-TOM-0751,ICAR_SYNGENTA_TRIALS,India,Tamil Nadu,Tamil Nadu & Cauvery Delta,Coimbatore,11.0168,76.9558,Tomato,Tomato,Annual,2024,Syngenta Isabion,Syngenta Isabion,Biostimulant,1,Syngenta Isabion,2.5,0,1,0.54,0.54,7.55,213.5,15.1,317.5,33.5,17.0,0.69,0.45,30.0,7,253.5,1950.0,63.6,8.4,17.0,0.723,183.49,183.49,148.89,183.49,34.6,23.24,34.6,156910.0,IND_FIELD_1502,RCBD - 4 Replications,4,ICAR AICRP & Syngenta Multi-Locational Trials,https://icar.org.in
TR-2025-GU-01503,EXP-2025-GU-TUR-0752,ICAR_SYNGENTA_TRIALS,India,Gujarat,Gujarat & Saurashtra Plain,Rajkot,22.3039,70.8022,Tur / Pigeon Pea (Arhar),Tur / Pigeon Pea (Arhar),Kharif,2025,Control (Untreated Check),Untreated Check,Untreated Check,0,Untreated,0.0,1,0,0.34,0.34,8.79,184.1,15.8,366.5,25.6,12.6,1.14,0.73,29.1,3,784.4,1891.5,60.4,14.0,20.7,0.781,7.68,7.68,7.68,7.68,0.0,0.0,0.0,0.0,IND_FIELD_1503,RCBD - 4 Replications,4,ICAR AICRP & Syngenta Multi-Locational Trials,https://icar.org.in
TR-2025-GU-01504,EXP-2025-GU-TUR-0752,ICAR_SYNGENTA_TRIALS,India,Gujarat,Gujarat & Saurashtra Plain,Rajkot,22.3039,70.8022,Tur / Pigeon Pea (Arhar),Tur / Pigeon Pea (Arhar),Kharif,2025,Syngenta Quantis,Syngenta Quantis,Biostimulant,1,Syngenta Quantis,2.0,0,1,0.34,0.34,8.79,184.1,15.8,366.5,25.6,12.6,1.14,0.73,29.1,3,784.4,1891.5,60.4,14.0,20.7,0.781,8.0,8.0,7.68,8.0,0.32,4.17,0.32,-328.0,IND_FIELD_1504,RCBD - 4 Replications,4,ICAR AICRP & Syngenta Multi-Locational Trials,https://icar.org.in
TR-2024-MA-01505,EXP-2024-MA-GRO-0753,ICAR_SYNGENTA_TRIALS,India,Madhya Pradesh,Madhya Pradesh & Central Belt,Bhopal,23.2599,77.4126,Groundnut (Peanut),Groundnut (Peanut),Kharif,2024,Control (Untreated Check),Untreated Check,Untreated Check,0,Untreated,0.0,1,0,0.6,0.6,6.87,188.4,25.2,297.5,34.2,11.5,0.88,0.42,29.2,1,752.8,1898.0,75.8,5.8,19.7,0.639,12.04,12.04,12.04,12.04,0.0,0.0,0.0,0.0,IND_FIELD_1505,RCBD - 4 Replications,4,ICAR AICRP & Syngenta Multi-Locational Trials,https://icar.org.in
TR-2024-MA-01506,EXP-2024-MA-GRO-0753,ICAR_SYNGENTA_TRIALS,India,Madhya Pradesh,Madhya Pradesh & Central Belt,Bhopal,23.2599,77.4126,Groundnut (Peanut),Groundnut (Peanut),Kharif,2024,Syngenta Isabion,Syngenta Isabion,Biostimulant,1,Syngenta Isabion,1.5,0,1,0.6,0.6,6.87,188.4,25.2,297.5,34.2,11.5,0.88,0.42,29.2,1,752.8,1898.0,75.8,5.8,19.7,0.639,13.3,13.3,12.04,13.3,1.26,10.47,1.26,4446.0,IND_FIELD_1506,RCBD - 4 Replications,4,ICAR AICRP & Syngenta Multi-Locational Trials,https://icar.org.in
TR-2024-MA-01507,EXP-2024-MA-COT-0754,ICAR_SYNGENTA_TRIALS,India,Madhya Pradesh,Madhya Pradesh & Central Belt,Bhopal,23.2599,77.4126,Cotton,Cotton,Kharif,2024,Control (Untreated Check),Untreated Check,Untreated Check,0,Untreated,0.0,1,0,0.54,0.54,7.38,258.9,32.2,368.5,37.6,10.9,0.67,0.63,24.7,3,712.0,1605.5,74.5,12.0,17.6,0.669,10.48,10.48,10.48,10.48,0.0,0.0,0.0,0.0,IND_FIELD_1507,RCBD - 4 Replications,4,ICAR AICRP & Syngenta Multi-Locational Trials,https://icar.org.in
TR-2024-MA-01508,EXP-2024-MA-COT-0754,ICAR_SYNGENTA_TRIALS,India,Madhya Pradesh,Madhya Pradesh & Central Belt,Bhopal,23.2599,77.4126,Cotton,Cotton,Kharif,2024,Syngenta Isabion,Syngenta Isabion,Biostimulant,1,Syngenta Isabion,1.5,0,1,0.54,0.54,7.38,258.9,32.2,368.5,37.6,10.9,0.67,0.63,24.7,3,712.0,1605.5,74.5,12.0,17.6,0.669,11.32,11.32,10.48,11.32,0.84,8.02,0.84,2514.0,IND_FIELD_1508,RCBD - 4 Replications,4,ICAR AICRP & Syngenta Multi-Locational Trials,https://icar.org.in
TR-2022-KA-01509,EXP-2022-KA-COT-0755,ICAR_SYNGENTA_TRIALS,India,Karnataka,Karnataka (Deccan Plateau),Dharwad,15.4589,75.0078,Cotton,Cotton,Kharif,2022,Control (Untreated Check),Untreated Check,Untreated Check,0,Untreated,0.0,1,0,0.54,0.54,6.34,206.4,18.0,318.8,31.5,18.4,0.77,0.5,27.2,3,470.9,1768.0,67.7,8.3,18.8,0.675,10.05,10.05,10.05,10.05,0.0,0.0,0.0,0.0,IND_FIELD_1509,RCBD - 4 Replications,4,ICAR AICRP & Syngenta Multi-Locational Trials,https://icar.org.in
TR-2022-KA-01510,EXP-2022-KA-COT-0755,ICAR_SYNGENTA_TRIALS,India,Karnataka,Karnataka (Deccan Plateau),Dharwad,15.4589,75.0078,Cotton,Cotton,Kharif,2022,Syngenta Isabion,Syngenta Isabion,Biostimulant,1,Syngenta Isabion,1.5,0,1,0.54,0.54,6.34,206.4,18.0,318.8,31.5,18.4,0.77,0.5,27.2,3,470.9,1768.0,67.7,8.3,18.8,0.675,11.3,11.3,10.05,11.3,1.25,12.44,1.25,4400.0,IND_FIELD_1510,RCBD - 4 Replications,4,ICAR AICRP & Syngenta Multi-Locational Trials,https://icar.org.in
TR-2022-UT-01511,EXP-2022-UT-COT-0756,ICAR_SYNGENTA_TRIALS,India,Uttar Pradesh,Indo-Gangetic Plain (Central),Varanasi,25.3176,82.9739,Cotton,Cotton,Kharif,2022,Control (Untreated Check),Untreated Check,Untreated Check,0,Untreated,0.0,1,0,0.59,0.59,7.54,164.3,18.1,236.9,41.1,7.7,0.65,0.51,22.4,4,670.3,1456.0,75.0,9.1,20.4,0.652,11.51,11.51,11.51,11.51,0.0,0.0,0.0,0.0,IND_FIELD_1511,RCBD - 4 Replications,4,ICAR AICRP & Syngenta Multi-Locational Trials,https://icar.org.in
TR-2022-UT-01512,EXP-2022-UT-COT-0756,ICAR_SYNGENTA_TRIALS,India,Uttar Pradesh,Indo-Gangetic Plain (Central),Varanasi,25.3176,82.9739,Cotton,Cotton,Kharif,2022,Syngenta Isabion,Syngenta Isabion,Biostimulant,1,Syngenta Isabion,1.5,0,1,0.59,0.59,7.54,164.3,18.1,236.9,41.1,7.7,0.65,0.51,22.4,4,670.3,1456.0,75.0,9.1,20.4,0.652,12.68,12.68,11.51,12.68,1.17,10.17,1.17,4032.0,IND_FIELD_1512,RCBD - 4 Replications,4,ICAR AICRP & Syngenta Multi-Locational Trials,https://icar.org.in
TR-2024-MA-01513,EXP-2024-MA-RIC-0757,ICAR_SYNGENTA_TRIALS,India,Maharashtra,Maharashtra & Vidarbha (Deccan),Nagpur,21.1458,79.0882,Rice (Paddy),Rice (Paddy),Kharif,2024,Control (Untreated Check),Untreated Check,Untreated Check,0,Untreated,0.0,1,0,0.6,0.6,7.83,223.4,16.8,304.1,46.0,11.4,1.03,0.64,29.0,2,696.5,1885.0,63.6,8.2,17.7,0.617,19.54,19.54,19.54,19.54,0.0,0.0,0.0,0.0,IND_FIELD_1513,RCBD - 4 Replications,4,ICAR AICRP & Syngenta Multi-Locational Trials,https://icar.org.in
TR-2024-MA-01514,EXP-2024-MA-RIC-0757,ICAR_SYNGENTA_TRIALS,India,Maharashtra,Maharashtra & Vidarbha (Deccan),Nagpur,21.1458,79.0882,Rice (Paddy),Rice (Paddy),Kharif,2024,Syngenta Quantis,Syngenta Quantis,Biostimulant,1,Syngenta Quantis,2.0,0,1,0.6,0.6,7.83,223.4,16.8,304.1,46.0,11.4,1.03,0.64,29.0,2,696.5,1885.0,63.6,8.2,17.7,0.617,22.38,22.38,19.54,22.38,2.84,14.53,2.84,11264.0,IND_FIELD_1514,RCBD - 4 Replications,4,ICAR AICRP & Syngenta Multi-Locational Trials,https://icar.org.in
TR-2021-UT-01515,EXP-2021-UT-ONI-0758,ICAR_SYNGENTA_TRIALS,India,Uttar Pradesh,Indo-Gangetic Plain (Central),Varanasi,25.3176,82.9739,Onion,Onion,Rabi,2021,Control (Untreated Check),Untreated Check,Untreated Check,0,Untreated,0.0,1,0,0.44,0.44,7.01,221.3,28.1,212.9,23.0,9.0,1.31,0.38,23.6,1,119.1,1534.0,76.2,14.1,18.0,0.664,109.22,109.22,109.22,109.22,0.0,0.0,0.0,0.0,IND_FIELD_1515,RCBD - 4 Replications,4,ICAR AICRP & Syngenta Multi-Locational Trials,https://icar.org.in
TR-2021-UT-01516,EXP-2021-UT-ONI-0758,ICAR_SYNGENTA_TRIALS,India,Uttar Pradesh,Indo-Gangetic Plain (Central),Varanasi,25.3176,82.9739,Onion,Onion,Rabi,2021,Syngenta Quantis,Syngenta Quantis,Biostimulant,1,Syngenta Quantis,2.0,0,1,0.44,0.44,7.01,221.3,28.1,212.9,23.0,9.0,1.31,0.38,23.6,1,119.1,1534.0,76.2,14.1,18.0,0.664,124.92,124.92,109.22,124.92,15.7,14.37,15.7,70420.0,IND_FIELD_1516,RCBD - 4 Replications,4,ICAR AICRP & Syngenta Multi-Locational Trials,https://icar.org.in
TR-2024-UT-01517,EXP-2024-UT-WHE-0759,ICAR_SYNGENTA_TRIALS,India,Uttar Pradesh,Indo-Gangetic Plain (Central),Varanasi,25.3176,82.9739,Wheat,Wheat,Rabi,2024,Control (Untreated Check),Untreated Check,Untreated Check,0,Untreated,0.0,1,0,0.55,0.55,8.04,237.2,20.0,265.7,29.6,13.9,0.41,0.49,27.1,2,160.9,1761.5,57.3,8.5,18.0,0.585,15.38,15.38,15.38,15.38,0.0,0.0,0.0,0.0,IND_FIELD_1517,RCBD - 4 Replications,4,ICAR AICRP & Syngenta Multi-Locational Trials,https://icar.org.in
TR-2024-UT-01518,EXP-2024-UT-WHE-0759,ICAR_SYNGENTA_TRIALS,India,Uttar Pradesh,Indo-Gangetic Plain (Central),Varanasi,25.3176,82.9739,Wheat,Wheat,Rabi,2024,Syngenta Quantis,Syngenta Quantis,Biostimulant,1,Syngenta Quantis,1.5,0,1,0.55,0.55,8.04,237.2,20.0,265.7,29.6,13.9,0.41,0.49,27.1,2,160.9,1761.5,57.3,8.5,18.0,0.585,17.23,17.23,15.38,17.23,1.85,12.03,1.85,7160.0,IND_FIELD_1518,RCBD - 4 Replications,4,ICAR AICRP & Syngenta Multi-Locational Trials,https://icar.org.in
TR-2023-GU-01519,EXP-2023-GU-SUG-0760,ICAR_SYNGENTA_TRIALS,India,Gujarat,Gujarat & Saurashtra Plain,Rajkot,22.3039,70.8022,Sugarcane,Sugarcane,Annual,2023,Control (Untreated Check),Untreated Check,Untreated Check,0,Untreated,0.0,1,0,0.46,0.46,8.48,241.0,10.2,360.6,35.4,19.3,0.92,0.47,29.8,1,331.9,1937.0,67.7,7.7,20.6,0.635,353.75,353.75,353.75,353.75,0.0,0.0,0.0,0.0,IND_FIELD_1519,RCBD - 4 Replications,4,ICAR AICRP & Syngenta Multi-Locational Trials,https://icar.org.in
TR-2023-GU-01520,EXP-2023-GU-SUG-0760,ICAR_SYNGENTA_TRIALS,India,Gujarat,Gujarat & Saurashtra Plain,Rajkot,22.3039,70.8022,Sugarcane,Sugarcane,Annual,2023,Syngenta CropBio+,Syngenta CropBio+,Biostimulant,1,Syngenta CropBio+,3.0,0,1,0.46,0.46,8.48,241.0,10.2,360.6,35.4,19.3,0.92,0.47,29.8,1,331.9,1937.0,67.7,7.7,20.6,0.635,390.15,390.15,353.75,390.15,36.4,10.29,36.4,164740.0,IND_FIELD_1520,RCBD - 4 Replications,4,ICAR AICRP & Syngenta Multi-Locational Trials,https://icar.org.in
TR-2024-UT-01521,EXP-2024-UT-MAI-0761,ICAR_SYNGENTA_TRIALS,India,Uttar Pradesh,Indo-Gangetic Plain (Central),Varanasi,25.3176,82.9739,Maize,Maize,Kharif,2024,Control (Untreated Check),Untreated Check,Untreated Check,0,Untreated,0.0,1,0,0.58,0.58,7.58,180.8,22.6,257.1,19.6,7.0,0.89,0.65,31.4,3,646.5,2041.0,69.2,13.4,18.3,0.746,24.97,24.97,24.97,24.97,0.0,0.0,0.0,0.0,IND_FIELD_1521,RCBD - 4 Replications,4,ICAR AICRP & Syngenta Multi-Locational Trials,https://icar.org.in
TR-2024-UT-01522,EXP-2024-UT-MAI-0761,ICAR_SYNGENTA_TRIALS,India,Uttar Pradesh,Indo-Gangetic Plain (Central),Varanasi,25.3176,82.9739,Maize,Maize,Kharif,2024,Syngenta Isabion,Syngenta Isabion,Biostimulant,1,Syngenta Isabion,2.0,0,1,0.58,0.58,7.58,180.8,22.6,257.1,19.6,7.0,0.89,0.65,31.4,3,646.5,2041.0,69.2,13.4,18.3,0.746,26.4,26.4,24.97,26.4,1.43,5.73,1.43,4778.0,IND_FIELD_1522,RCBD - 4 Replications,4,ICAR AICRP & Syngenta Multi-Locational Trials,https://icar.org.in
TR-2025-MA-01523,EXP-2025-MA-GRO-0762,ICAR_SYNGENTA_TRIALS,India,Maharashtra,Maharashtra & Vidarbha (Deccan),Nagpur,21.1458,79.0882,Groundnut (Peanut),Groundnut (Peanut),Kharif,2025,Control (Untreated Check),Untreated Check,Untreated Check,0,Untreated,0.0,1,0,0.54,0.54,7.87,208.0,12.5,434.6,39.4,15.8,0.77,0.54,25.0,2,727.0,1625.0,55.9,10.0,16.1,0.603,11.49,11.49,11.49,11.49,0.0,0.0,0.0,0.0,IND_FIELD_1523,RCBD - 4 Replications,4,ICAR AICRP & Syngenta Multi-Locational Trials,https://icar.org.in
TR-2025-MA-01524,EXP-2025-MA-GRO-0762,ICAR_SYNGENTA_TRIALS,India,Maharashtra,Maharashtra & Vidarbha (Deccan),Nagpur,21.1458,79.0882,Groundnut (Peanut),Groundnut (Peanut),Kharif,2025,Syngenta Isabion,Syngenta Isabion,Biostimulant,1,Syngenta Isabion,1.5,0,1,0.54,0.54,7.87,208.0,12.5,434.6,39.4,15.8,0.77,0.54,25.0,2,727.0,1625.0,55.9,10.0,16.1,0.603,11.97,11.97,11.49,11.97,0.48,4.18,0.48,858.0,IND_FIELD_1524,RCBD - 4 Replications,4,ICAR AICRP & Syngenta Multi-Locational Trials,https://icar.org.in
TR-2023-TE-01525,EXP-2023-TE-MUS-0763,ICAR_SYNGENTA_TRIALS,India,Telangana,Telangana & Andhra (Krishna Basin),Warangal,17.9689,79.5941,Mustard / Rapeseed,Mustard / Rapeseed,Rabi,2023,Control (Untreated Check),Untreated Check,Untreated Check,0,Untreated,0.0,1,0,0.61,0.61,6.64,232.2,25.0,313.7,25.0,11.7,0.76,0.48,33.1,0,166.0,2151.5,78.4,6.2,15.3,0.653,6.1,6.1,6.1,6.1,0.0,0.0,0.0,0.0,IND_FIELD_1525,RCBD - 4 Replications,4,ICAR AICRP & Syngenta Multi-Locational Trials,https://icar.org.in
TR-2023-TE-01526,EXP-2023-TE-MUS-0763,ICAR_SYNGENTA_TRIALS,India,Telangana,Telangana & Andhra (Krishna Basin),Warangal,17.9689,79.5941,Mustard / Rapeseed,Mustard / Rapeseed,Rabi,2023,Syngenta Quantis,Syngenta Quantis,Biostimulant,1,Syngenta Quantis,1.5,0,1,0.61,0.61,6.64,232.2,25.0,313.7,25.0,11.7,0.76,0.48,33.1,0,166.0,2151.5,78.4,6.2,15.3,0.653,6.77,6.77,6.1,6.77,0.67,10.98,0.67,1732.0,IND_FIELD_1526,RCBD - 4 Replications,4,ICAR AICRP & Syngenta Multi-Locational Trials,https://icar.org.in
TR-2024-MA-01527,EXP-2024-MA-GRO-0764,ICAR_SYNGENTA_TRIALS,India,Madhya Pradesh,Madhya Pradesh & Central Belt,Bhopal,23.2599,77.4126,Groundnut (Peanut),Groundnut (Peanut),Kharif,2024,Control (Untreated Check),Untreated Check,Untreated Check,0,Untreated,0.0,1,0,0.34,0.34,7.5,175.0,22.5,278.1,23.6,16.0,1.0,0.7,27.6,4,697.2,1794.0,53.0,9.8,19.3,0.703,10.46,10.46,10.46,10.46,0.0,0.0,0.0,0.0,IND_FIELD_1527,RCBD - 4 Replications,4,ICAR AICRP & Syngenta Multi-Locational Trials,https://icar.org.in
TR-2024-MA-01528,EXP-2024-MA-GRO-0764,ICAR_SYNGENTA_TRIALS,India,Madhya Pradesh,Madhya Pradesh & Central Belt,Bhopal,23.2599,77.4126,Groundnut (Peanut),Groundnut (Peanut),Kharif,2024,Syngenta Isabion,Syngenta Isabion,Biostimulant,1,Syngenta Isabion,1.5,0,1,0.34,0.34,7.5,175.0,22.5,278.1,23.6,16.0,1.0,0.7,27.6,4,697.2,1794.0,53.0,9.8,19.3,0.703,11.67,11.67,10.46,11.67,1.21,11.57,1.21,4216.0,IND_FIELD_1528,RCBD - 4 Replications,4,ICAR AICRP & Syngenta Multi-Locational Trials,https://icar.org.in
TR-2021-MA-01529,EXP-2021-MA-WHE-0765,ICAR_SYNGENTA_TRIALS,India,Madhya Pradesh,Madhya Pradesh & Central Belt,Bhopal,23.2599,77.4126,Wheat,Wheat,Rabi,2021,Control (Untreated Check),Untreated Check,Untreated Check,0,Untreated,0.0,1,0,0.59,0.59,7.69,300.7,23.2,312.6,25.7,15.5,0.98,0.53,30.1,4,294.3,1956.5,70.1,9.3,14.9,0.602,17.61,17.61,17.61,17.61,0.0,0.0,0.0,0.0,IND_FIELD_1529,RCBD - 4 Replications,4,ICAR AICRP & Syngenta Multi-Locational Trials,https://icar.org.in
TR-2021-MA-01530,EXP-2021-MA-WHE-0765,ICAR_SYNGENTA_TRIALS,India,Madhya Pradesh,Madhya Pradesh & Central Belt,Bhopal,23.2599,77.4126,Wheat,Wheat,Rabi,2021,Syngenta Quantis,Syngenta Quantis,Biostimulant,1,Syngenta Quantis,1.5,0,1,0.59,0.59,7.69,300.7,23.2,312.6,25.7,15.5,0.98,0.53,30.1,4,294.3,1956.5,70.1,9.3,14.9,0.602,19.23,19.23,17.61,19.23,1.62,9.2,1.62,6102.0,IND_FIELD_1530,RCBD - 4 Replications,4,ICAR AICRP & Syngenta Multi-Locational Trials,https://icar.org.in
TR-2023-TA-01531,EXP-2023-TA-TUR-0766,ICAR_SYNGENTA_TRIALS,India,Tamil Nadu,Tamil Nadu & Cauvery Delta,Coimbatore,11.0168,76.9558,Tur / Pigeon Pea (Arhar),Tur / Pigeon Pea (Arhar),Kharif,2023,Control (Untreated Check),Untreated Check,Untreated Check,0,Untreated,0.0,1,0,0.62,0.62,6.71,220.8,14.1,249.6,41.6,14.7,0.66,0.48,26.2,3,675.6,1703.0,64.8,12.2,19.4,0.721,7.88,7.88,7.88,7.88,0.0,0.0,0.0,0.0,IND_FIELD_1531,RCBD - 4 Replications,4,ICAR AICRP & Syngenta Multi-Locational Trials,https://icar.org.in
TR-2023-TA-01532,EXP-2023-TA-TUR-0766,ICAR_SYNGENTA_TRIALS,India,Tamil Nadu,Tamil Nadu & Cauvery Delta,Coimbatore,11.0168,76.9558,Tur / Pigeon Pea (Arhar),Tur / Pigeon Pea (Arhar),Kharif,2023,Syngenta Quantis,Syngenta Quantis,Biostimulant,1,Syngenta Quantis,2.0,0,1,0.62,0.62,6.71,220.8,14.1,249.6,41.6,14.7,0.66,0.48,26.2,3,675.6,1703.0,64.8,12.2,19.4,0.721,8.2,8.2,7.88,8.2,0.32,4.06,0.32,-328.0,IND_FIELD_1532,RCBD - 4 Replications,4,ICAR AICRP & Syngenta Multi-Locational Trials,https://icar.org.in
TR-2025-MA-01533,EXP-2025-MA-TUR-0767,ICAR_SYNGENTA_TRIALS,India,Madhya Pradesh,Madhya Pradesh & Central Belt,Bhopal,23.2599,77.4126,Tur / Pigeon Pea (Arhar),Tur / Pigeon Pea (Arhar),Kharif,2025,Control (Untreated Check),Untreated Check,Untreated Check,0,Untreated,0.0,1,0,0.6,0.6,7.26,281.8,22.0,282.2,28.2,12.6,0.95,0.46,32.2,6,689.1,2093.0,62.4,10.0,15.7,0.714,7.65,7.65,7.65,7.65,0.0,0.0,0.0,0.0,IND_FIELD_1533,RCBD - 4 Replications,4,ICAR AICRP & Syngenta Multi-Locational Trials,https://icar.org.in
TR-2025-MA-01534,EXP-2025-MA-TUR-0767,ICAR_SYNGENTA_TRIALS,India,Madhya Pradesh,Madhya Pradesh & Central Belt,Bhopal,23.2599,77.4126,Tur / Pigeon Pea (Arhar),Tur / Pigeon Pea (Arhar),Kharif,2025,Syngenta Quantis,Syngenta Quantis,Biostimulant,1,Syngenta Quantis,2.0,0,1,0.6,0.6,7.26,281.8,22.0,282.2,28.2,12.6,0.95,0.46,32.2,6,689.1,2093.0,62.4,10.0,15.7,0.714,8.46,8.46,7.65,8.46,0.81,10.59,0.81,1926.0,IND_FIELD_1534,RCBD - 4 Replications,4,ICAR AICRP & Syngenta Multi-Locational Trials,https://icar.org.in
TR-2025-MA-01535,EXP-2025-MA-CHI-0768,ICAR_SYNGENTA_TRIALS,India,Maharashtra,Maharashtra & Vidarbha (Deccan),Nagpur,21.1458,79.0882,Chickpea (Gram / Chana),Chickpea (Gram / Chana),Rabi,2025,Control (Untreated Check),Untreated Check,Untreated Check,0,Untreated,0.0,1,0,0.54,0.54,8.15,248.9,14.1,385.3,25.7,16.7,1.04,0.53,28.3,1,120.1,1839.5,73.0,11.9,18.5,0.609,6.4,6.4,6.4,6.4,0.0,0.0,0.0,0.0,IND_FIELD_1535,RCBD - 4 Replications,4,ICAR AICRP & Syngenta Multi-Locational Trials,https://icar.org.in
TR-2025-MA-01536,EXP-2025-MA-CHI-0768,ICAR_SYNGENTA_TRIALS,India,Maharashtra,Maharashtra & Vidarbha (Deccan),Nagpur,21.1458,79.0882,Chickpea (Gram / Chana),Chickpea (Gram / Chana),Rabi,2025,Syngenta Isabion,Syngenta Isabion,Biostimulant,1,Syngenta Isabion,1.5,0,1,0.54,0.54,8.15,248.9,14.1,385.3,25.7,16.7,1.04,0.53,28.3,1,120.1,1839.5,73.0,11.9,18.5,0.609,6.89,6.89,6.4,6.89,0.49,7.66,0.49,904.0,IND_FIELD_1536,RCBD - 4 Replications,4,ICAR AICRP & Syngenta Multi-Locational Trials,https://icar.org.in
TR-2023-PU-01537,EXP-2023-PU-COT-0769,ICAR_SYNGENTA_TRIALS,India,Punjab,Punjab & Haryana (Indo-Gangetic),Ludhiana,30.901,75.8573,Cotton,Cotton,Kharif,2023,Control (Untreated Check),Untreated Check,Untreated Check,0,Untreated,0.0,1,0,0.35,0.35,8.34,158.3,30.6,201.9,35.6,15.5,0.74,0.56,27.4,2,804.2,1781.0,72.9,9.6,21.2,0.846,10.57,10.57,10.57,10.57,0.0,0.0,0.0,0.0,IND_FIELD_1537,RCBD - 4 Replications,4,ICAR AICRP & Syngenta Multi-Locational Trials,https://icar.org.in
TR-2023-PU-01538,EXP-2023-PU-COT-0769,ICAR_SYNGENTA_TRIALS,India,Punjab,Punjab & Haryana (Indo-Gangetic),Ludhiana,30.901,75.8573,Cotton,Cotton,Kharif,2023,Syngenta Isabion,Syngenta Isabion,Biostimulant,1,Syngenta Isabion,1.5,0,1,0.35,0.35,8.34,158.3,30.6,201.9,35.6,15.5,0.74,0.56,27.4,2,804.2,1781.0,72.9,9.6,21.2,0.846,10.79,10.79,10.57,10.79,0.22,2.08,0.22,-338.0,IND_FIELD_1538,RCBD - 4 Replications,4,ICAR AICRP & Syngenta Multi-Locational Trials,https://icar.org.in
TR-2023-TA-01539,EXP-2023-TA-MAI-0770,ICAR_SYNGENTA_TRIALS,India,Tamil Nadu,Tamil Nadu & Cauvery Delta,Coimbatore,11.0168,76.9558,Maize,Maize,Kharif,2023,Control (Untreated Check),Untreated Check,Untreated Check,0,Untreated,0.0,1,0,0.65,0.65,7.61,236.0,22.2,228.7,34.1,15.0,0.89,0.57,28.8,2,469.9,1872.0,73.0,11.2,19.4,0.664,23.4,23.4,23.4,23.4,0.0,0.0,0.0,0.0,IND_FIELD_1539,RCBD - 4 Replications,4,ICAR AICRP & Syngenta Multi-Locational Trials,https://icar.org.in
TR-2023-TA-01540,EXP-2023-TA-MAI-0770,ICAR_SYNGENTA_TRIALS,India,Tamil Nadu,Tamil Nadu & Cauvery Delta,Coimbatore,11.0168,76.9558,Maize,Maize,Kharif,2023,Syngenta Isabion,Syngenta Isabion,Biostimulant,1,Syngenta Isabion,2.0,0,1,0.65,0.65,7.61,236.0,22.2,228.7,34.1,15.0,0.89,0.57,28.8,2,469.9,1872.0,73.0,11.2,19.4,0.664,24.55,24.55,23.4,24.55,1.15,4.91,1.15,3490.0,IND_FIELD_1540,RCBD - 4 Replications,4,ICAR AICRP & Syngenta Multi-Locational Trials,https://icar.org.in
TR-2022-UT-01541,EXP-2022-UT-SOY-0771,ICAR_SYNGENTA_TRIALS,India,Uttar Pradesh,Indo-Gangetic Plain (Central),Varanasi,25.3176,82.9739,Soybean,Soybean,Kharif,2022,Control (Untreated Check),Untreated Check,Untreated Check,0,Untreated,0.0,1,0,0.39,0.39,7.91,205.6,21.6,165.5,36.7,17.7,0.65,0.54,25.7,7,664.9,1670.5,79.6,8.6,19.6,0.64,9.69,9.69,9.69,9.69,0.0,0.0,0.0,0.0,IND_FIELD_1541,RCBD - 4 Replications,4,ICAR AICRP & Syngenta Multi-Locational Trials,https://icar.org.in
TR-2022-UT-01542,EXP-2022-UT-SOY-0771,ICAR_SYNGENTA_TRIALS,India,Uttar Pradesh,Indo-Gangetic Plain (Central),Varanasi,25.3176,82.9739,Soybean,Soybean,Kharif,2022,Syngenta Quantis,Syngenta Quantis,Biostimulant,1,Syngenta Quantis,2.0,0,1,0.39,0.39,7.91,205.6,21.6,165.5,36.7,17.7,0.65,0.54,25.7,7,664.9,1670.5,79.6,8.6,19.6,0.64,11.31,11.31,9.69,11.31,1.62,16.72,1.62,5652.0,IND_FIELD_1542,RCBD - 4 Replications,4,ICAR AICRP & Syngenta Multi-Locational Trials,https://icar.org.in
TR-2025-MA-01543,EXP-2025-MA-CHI-0772,ICAR_SYNGENTA_TRIALS,India,Madhya Pradesh,Madhya Pradesh & Central Belt,Bhopal,23.2599,77.4126,Chickpea (Gram / Chana),Chickpea (Gram / Chana),Rabi,2025,Control (Untreated Check),Untreated Check,Untreated Check,0,Untreated,0.0,1,0,0.66,0.66,8.13,272.1,25.4,294.4,16.1,18.5,1.22,0.59,25.5,4,287.8,1657.5,71.0,3.7,16.0,0.753,7.52,7.52,7.52,7.52,0.0,0.0,0.0,0.0,IND_FIELD_1543,RCBD - 4 Replications,4,ICAR AICRP & Syngenta Multi-Locational Trials,https://icar.org.in
TR-2025-MA-01544,EXP-2025-MA-CHI-0772,ICAR_SYNGENTA_TRIALS,India,Madhya Pradesh,Madhya Pradesh & Central Belt,Bhopal,23.2599,77.4126,Chickpea (Gram / Chana),Chickpea (Gram / Chana),Rabi,2025,Syngenta Isabion,Syngenta Isabion,Biostimulant,1,Syngenta Isabion,1.5,0,1,0.66,0.66,8.13,272.1,25.4,294.4,16.1,18.5,1.22,0.59,25.5,4,287.8,1657.5,71.0,3.7,16.0,0.753,8.14,8.14,7.52,8.14,0.62,8.24,0.62,1502.0,IND_FIELD_1544,RCBD - 4 Replications,4,ICAR AICRP & Syngenta Multi-Locational Trials,https://icar.org.in
TR-2024-MA-01545,EXP-2024-MA-ONI-0773,ICAR_SYNGENTA_TRIALS,India,Maharashtra,Maharashtra & Vidarbha (Deccan),Nagpur,21.1458,79.0882,Onion,Onion,Rabi,2024,Control (Untreated Check),Untreated Check,Untreated Check,0,Untreated,0.0,1,0,0.36,0.36,8.21,250.9,20.4,278.6,45.0,20.4,1.1,0.59,28.8,3,210.7,1872.0,70.5,6.8,14.5,0.705,114.63,114.63,114.63,114.63,0.0,0.0,0.0,0.0,IND_FIELD_1545,RCBD - 4 Replications,4,ICAR AICRP & Syngenta Multi-Locational Trials,https://icar.org.in
TR-2024-MA-01546,EXP-2024-MA-ONI-0773,ICAR_SYNGENTA_TRIALS,India,Maharashtra,Maharashtra & Vidarbha (Deccan),Nagpur,21.1458,79.0882,Onion,Onion,Rabi,2024,Syngenta Quantis,Syngenta Quantis,Biostimulant,1,Syngenta Quantis,2.0,0,1,0.36,0.36,8.21,250.9,20.4,278.6,45.0,20.4,1.1,0.59,28.8,3,210.7,1872.0,70.5,6.8,14.5,0.705,119.94,119.94,114.63,119.94,5.31,4.63,5.31,22626.0,IND_FIELD_1546,RCBD - 4 Replications,4,ICAR AICRP & Syngenta Multi-Locational Trials,https://icar.org.in
TR-2024-MA-01547,EXP-2024-MA-GRO-0774,ICAR_SYNGENTA_TRIALS,India,Madhya Pradesh,Madhya Pradesh & Central Belt,Bhopal,23.2599,77.4126,Groundnut (Peanut),Groundnut (Peanut),Kharif,2024,Control (Untreated Check),Untreated Check,Untreated Check,0,Untreated,0.0,1,0,0.75,0.75,6.67,282.4,23.7,340.8,27.6,10.4,0.8,0.57,26.3,7,809.7,1709.5,58.4,11.5,19.7,0.697,9.72,9.72,9.72,9.72,0.0,0.0,0.0,0.0,IND_FIELD_1547,RCBD - 4 Replications,4,ICAR AICRP & Syngenta Multi-Locational Trials,https://icar.org.in
TR-2024-MA-01548,EXP-2024-MA-GRO-0774,ICAR_SYNGENTA_TRIALS,India,Madhya Pradesh,Madhya Pradesh & Central Belt,Bhopal,23.2599,77.4126,Groundnut (Peanut),Groundnut (Peanut),Kharif,2024,Syngenta Isabion,Syngenta Isabion,Biostimulant,1,Syngenta Isabion,1.5,0,1,0.75,0.75,6.67,282.4,23.7,340.8,27.6,10.4,0.8,0.57,26.3,7,809.7,1709.5,58.4,11.5,19.7,0.697,10.67,10.67,9.72,10.67,0.95,9.77,0.95,3020.0,IND_FIELD_1548,RCBD - 4 Replications,4,ICAR AICRP & Syngenta Multi-Locational Trials,https://icar.org.in
TR-2021-TA-01549,EXP-2021-TA-RIC-0775,ICAR_SYNGENTA_TRIALS,India,Tamil Nadu,Tamil Nadu & Cauvery Delta,Coimbatore,11.0168,76.9558,Rice (Paddy),Rice (Paddy),Kharif,2021,Control (Untreated Check),Untreated Check,Untreated Check,0,Untreated,0.0,1,0,0.61,0.61,7.83,212.0,14.8,232.2,38.9,14.4,0.89,0.45,24.1,4,805.1,1566.5,61.8,10.6,19.1,0.656,18.52,18.52,18.52,18.52,0.0,0.0,0.0,0.0,IND_FIELD_1549,RCBD - 4 Replications,4,ICAR AICRP & Syngenta Multi-Locational Trials,https://icar.org.in
TR-2021-TA-01550,EXP-2021-TA-RIC-0775,ICAR_SYNGENTA_TRIALS,India,Tamil Nadu,Tamil Nadu & Cauvery Delta,Coimbatore,11.0168,76.9558,Rice (Paddy),Rice (Paddy),Kharif,2021,Syngenta Quantis,Syngenta Quantis,Biostimulant,1,Syngenta Quantis,2.0,0,1,0.61,0.61,7.83,212.0,14.8,232.2,38.9,14.4,0.89,0.45,24.1,4,805.1,1566.5,61.8,10.6,19.1,0.656,20.73,20.73,18.52,20.73,2.21,11.93,2.21,8366.0,IND_FIELD_1550,RCBD - 4 Replications,4,ICAR AICRP & Syngenta Multi-Locational Trials,https://icar.org.in
TR-2022-KA-01551,EXP-2022-KA-TUR-0776,ICAR_SYNGENTA_TRIALS,India,Karnataka,Karnataka (Deccan Plateau),Dharwad,15.4589,75.0078,Tur / Pigeon Pea (Arhar),Tur / Pigeon Pea (Arhar),Kharif,2022,Control (Untreated Check),Untreated Check,Untreated Check,0,Untreated,0.0,1,0,0.63,0.63,6.98,248.9,23.5,274.9,33.7,14.4,1.24,0.5,29.0,5,683.8,1885.0,77.9,5.2,19.8,0.798,8.56,8.56,8.56,8.56,0.0,0.0,0.0,0.0,IND_FIELD_1551,RCBD - 4 Replications,4,ICAR AICRP & Syngenta Multi-Locational Trials,https://icar.org.in
TR-2022-KA-01552,EXP-2022-KA-TUR-0776,ICAR_SYNGENTA_TRIALS,India,Karnataka,Karnataka (Deccan Plateau),Dharwad,15.4589,75.0078,Tur / Pigeon Pea (Arhar),Tur / Pigeon Pea (Arhar),Kharif,2022,Syngenta Quantis,Syngenta Quantis,Biostimulant,1,Syngenta Quantis,2.0,0,1,0.63,0.63,6.98,248.9,23.5,274.9,33.7,14.4,1.24,0.5,29.0,5,683.8,1885.0,77.9,5.2,19.8,0.798,9.43,9.43,8.56,9.43,0.87,10.16,0.87,2202.0,IND_FIELD_1552,RCBD - 4 Replications,4,ICAR AICRP & Syngenta Multi-Locational Trials,https://icar.org.in
TR-2021-UT-01553,EXP-2021-UT-TOM-0777,ICAR_SYNGENTA_TRIALS,India,Uttar Pradesh,Indo-Gangetic Plain (Central),Varanasi,25.3176,82.9739,Tomato,Tomato,Annual,2021,Control (Untreated Check),Untreated Check,Untreated Check,0,Untreated,0.0,1,0,0.58,0.58,7.65,205.4,30.4,221.7,30.9,10.9,1.06,0.58,28.5,3,72.1,1852.5,57.3,12.1,18.8,0.683,166.79,166.79,166.79,166.79,0.0,0.0,0.0,0.0,IND_FIELD_1553,RCBD - 4 Replications,4,ICAR AICRP & Syngenta Multi-Locational Trials,https://icar.org.in
TR-2021-UT-01554,EXP-2021-UT-TOM-0777,ICAR_SYNGENTA_TRIALS,India,Uttar Pradesh,Indo-Gangetic Plain (Central),Varanasi,25.3176,82.9739,Tomato,Tomato,Annual,2021,Syngenta Isabion,Syngenta Isabion,Biostimulant,1,Syngenta Isabion,2.5,0,1,0.58,0.58,7.65,205.4,30.4,221.7,30.9,10.9,1.06,0.58,28.5,3,72.1,1852.5,57.3,12.1,18.8,0.683,199.98,199.98,166.79,199.98,33.19,19.9,33.19,150424.0,IND_FIELD_1554,RCBD - 4 Replications,4,ICAR AICRP & Syngenta Multi-Locational Trials,https://icar.org.in
TR-2025-TA-01555,EXP-2025-TA-SUG-0778,ICAR_SYNGENTA_TRIALS,India,Tamil Nadu,Tamil Nadu & Cauvery Delta,Coimbatore,11.0168,76.9558,Sugarcane,Sugarcane,Annual,2025,Control (Untreated Check),Untreated Check,Untreated Check,0,Untreated,0.0,1,0,0.5,0.5,7.08,279.5,13.3,304.0,30.1,14.3,1.1,0.46,26.7,3,225.8,1735.5,57.7,11.9,18.7,0.741,317.48,317.48,317.48,317.48,0.0,0.0,0.0,0.0,IND_FIELD_1555,RCBD - 4 Replications,4,ICAR AICRP & Syngenta Multi-Locational Trials,https://icar.org.in
TR-2025-TA-01556,EXP-2025-TA-SUG-0778,ICAR_SYNGENTA_TRIALS,India,Tamil Nadu,Tamil Nadu & Cauvery Delta,Coimbatore,11.0168,76.9558,Sugarcane,Sugarcane,Annual,2025,Syngenta CropBio+,Syngenta CropBio+,Biostimulant,1,Syngenta CropBio+,3.0,0,1,0.5,0.5,7.08,279.5,13.3,304.0,30.1,14.3,1.1,0.46,26.7,3,225.8,1735.5,57.7,11.9,18.7,0.741,362.48,362.48,317.48,362.48,45.0,14.17,45.0,204300.0,IND_FIELD_1556,RCBD - 4 Replications,4,ICAR AICRP & Syngenta Multi-Locational Trials,https://icar.org.in
TR-2024-PU-01557,EXP-2024-PU-SOY-0779,ICAR_SYNGENTA_TRIALS,India,Punjab,Punjab & Haryana (Indo-Gangetic),Ludhiana,30.901,75.8573,Soybean,Soybean,Kharif,2024,Control (Untreated Check),Untreated Check,Untreated Check,0,Untreated,0.0,1,0,0.36,0.36,7.17,212.3,40.7,139.5,36.9,16.3,0.75,0.46,32.0,3,628.0,2080.0,78.9,7.2,22.1,0.794,11.2,11.2,11.2,11.2,0.0,0.0,0.0,0.0,IND_FIELD_1557,RCBD - 4 Replications,4,ICAR AICRP & Syngenta Multi-Locational Trials,https://icar.org.in
TR-2024-PU-01558,EXP-2024-PU-SOY-0779,ICAR_SYNGENTA_TRIALS,India,Punjab,Punjab & Haryana (Indo-Gangetic),Ludhiana,30.901,75.8573,Soybean,Soybean,Kharif,2024,Syngenta Quantis,Syngenta Quantis,Biostimulant,1,Syngenta Quantis,2.0,0,1,0.36,0.36,7.17,212.3,40.7,139.5,36.9,16.3,0.75,0.46,32.0,3,628.0,2080.0,78.9,7.2,22.1,0.794,12.36,12.36,11.2,12.36,1.16,10.36,1.16,3536.0,IND_FIELD_1558,RCBD - 4 Replications,4,ICAR AICRP & Syngenta Multi-Locational Trials,https://icar.org.in
TR-2023-UT-01559,EXP-2023-UT-COT-0780,ICAR_SYNGENTA_TRIALS,India,Uttar Pradesh,Indo-Gangetic Plain (Central),Varanasi,25.3176,82.9739,Cotton,Cotton,Kharif,2023,Control (Untreated Check),Untreated Check,Untreated Check,0,Untreated,0.0,1,0,0.25,0.25,8.07,230.2,21.6,261.0,21.0,13.4,1.2,0.45,30.3,1,504.3,1969.5,71.5,15.3,17.2,0.722,10.82,10.82,10.82,10.82,0.0,0.0,0.0,0.0,IND_FIELD_1559,RCBD - 4 Replications,4,ICAR AICRP & Syngenta Multi-Locational Trials,https://icar.org.in
TR-2023-UT-01560,EXP-2023-UT-COT-0780,ICAR_SYNGENTA_TRIALS,India,Uttar Pradesh,Indo-Gangetic Plain (Central),Varanasi,25.3176,82.9739,Cotton,Cotton,Kharif,2023,Syngenta Isabion,Syngenta Isabion,Biostimulant,1,Syngenta Isabion,1.5,0,1,0.25,0.25,8.07,230.2,21.6,261.0,21.0,13.4,1.2,0.45,30.3,1,504.3,1969.5,71.5,15.3,17.2,0.722,11.07,11.07,10.82,11.07,0.25,2.31,0.25,-200.0,IND_FIELD_1560,RCBD - 4 Replications,4,ICAR AICRP & Syngenta Multi-Locational Trials,https://icar.org.in
TR-2024-GU-01561,EXP-2024-GU-GRO-0781,ICAR_SYNGENTA_TRIALS,India,Gujarat,Gujarat & Saurashtra Plain,Rajkot,22.3039,70.8022,Groundnut (Peanut),Groundnut (Peanut),Kharif,2024,Control (Untreated Check),Untreated Check,Untreated Check,0,Untreated,0.0,1,0,0.43,0.43,7.98,161.4,11.6,359.1,37.2,12.8,0.73,0.52,31.0,3,731.2,2015.0,54.4,8.8,20.1,0.546,9.97,9.97,9.97,9.97,0.0,0.0,0.0,0.0,IND_FIELD_1561,RCBD - 4 Replications,4,ICAR AICRP & Syngenta Multi-Locational Trials,https://icar.org.in
TR-2024-GU-01562,EXP-2024-GU-GRO-0781,ICAR_SYNGENTA_TRIALS,India,Gujarat,Gujarat & Saurashtra Plain,Rajkot,22.3039,70.8022,Groundnut (Peanut),Groundnut (Peanut),Kharif,2024,Syngenta Isabion,Syngenta Isabion,Biostimulant,1,Syngenta Isabion,1.5,0,1,0.43,0.43,7.98,161.4,11.6,359.1,37.2,12.8,0.73,0.52,31.0,3,731.2,2015.0,54.4,8.8,20.1,0.546,9.97,9.97,9.97,9.97,0.0,0.0,0.0,-1350.0,IND_FIELD_1562,RCBD - 4 Replications,4,ICAR AICRP & Syngenta Multi-Locational Trials,https://icar.org.in
TR-2024-GU-01563,EXP-2024-GU-CHI-0782,ICAR_SYNGENTA_TRIALS,India,Gujarat,Gujarat & Saurashtra Plain,Rajkot,22.3039,70.8022,Chickpea (Gram / Chana),Chickpea (Gram / Chana),Rabi,2024,Control (Untreated Check),Untreated Check,Untreated Check,0,Untreated,0.0,1,0,0.4,0.4,7.7,231.0,19.3,411.0,31.4,15.9,1.52,0.51,28.3,4,134.1,1839.5,92.0,10.7,21.7,0.632,6.88,6.88,6.88,6.88,0.0,0.0,0.0,0.0,IND_FIELD_1563,RCBD - 4 Replications,4,ICAR AICRP & Syngenta Multi-Locational Trials,https://icar.org.in
TR-2024-GU-01564,EXP-2024-GU-CHI-0782,ICAR_SYNGENTA_TRIALS,India,Gujarat,Gujarat & Saurashtra Plain,Rajkot,22.3039,70.8022,Chickpea (Gram / Chana),Chickpea (Gram / Chana),Rabi,2024,Syngenta Isabion,Syngenta Isabion,Biostimulant,1,Syngenta Isabion,1.5,0,1,0.4,0.4,7.7,231.0,19.3,411.0,31.4,15.9,1.52,0.51,28.3,4,134.1,1839.5,92.0,10.7,21.7,0.632,8.3,8.3,6.88,8.3,1.42,20.64,1.42,5182.0,IND_FIELD_1564,RCBD - 4 Replications,4,ICAR AICRP & Syngenta Multi-Locational Trials,https://icar.org.in
TR-2022-MA-01565,EXP-2022-MA-MUS-0783,ICAR_SYNGENTA_TRIALS,India,Madhya Pradesh,Madhya Pradesh & Central Belt,Bhopal,23.2599,77.4126,Mustard / Rapeseed,Mustard / Rapeseed,Rabi,2022,Control (Untreated Check),Untreated Check,Untreated Check,0,Untreated,0.0,1,0,0.6,0.6,7.37,220.1,19.4,322.6,21.0,14.4,1.0,0.51,23.8,1,42.3,1547.0,68.3,10.0,21.5,0.668,6.58,6.58,6.58,6.58,0.0,0.0,0.0,0.0,IND_FIELD_1565,RCBD - 4 Replications,4,ICAR AICRP & Syngenta Multi-Locational Trials,https://icar.org.in
TR-2022-MA-01566,EXP-2022-MA-MUS-0783,ICAR_SYNGENTA_TRIALS,India,Madhya Pradesh,Madhya Pradesh & Central Belt,Bhopal,23.2599,77.4126,Mustard / Rapeseed,Mustard / Rapeseed,Rabi,2022,Syngenta Quantis,Syngenta Quantis,Biostimulant,1,Syngenta Quantis,1.5,0,1,0.6,0.6,7.37,220.1,19.4,322.6,21.0,14.4,1.0,0.51,23.8,1,42.3,1547.0,68.3,10.0,21.5,0.668,6.9,6.9,6.58,6.9,0.32,4.86,0.32,122.0,IND_FIELD_1566,RCBD - 4 Replications,4,ICAR AICRP & Syngenta Multi-Locational Trials,https://icar.org.in
TR-2024-GU-01567,EXP-2024-GU-WHE-0784,ICAR_SYNGENTA_TRIALS,India,Gujarat,Gujarat & Saurashtra Plain,Rajkot,22.3039,70.8022,Wheat,Wheat,Rabi,2024,Control (Untreated Check),Untreated Check,Untreated Check,0,Untreated,0.0,1,0,0.41,0.41,7.61,218.1,11.6,359.1,36.6,15.6,0.71,0.69,28.8,7,224.3,1872.0,70.6,11.1,18.2,0.627,15.39,15.39,15.39,15.39,0.0,0.0,0.0,0.0,IND_FIELD_1567,RCBD - 4 Replications,4,ICAR AICRP & Syngenta Multi-Locational Trials,https://icar.org.in
TR-2024-GU-01568,EXP-2024-GU-WHE-0784,ICAR_SYNGENTA_TRIALS,India,Gujarat,Gujarat & Saurashtra Plain,Rajkot,22.3039,70.8022,Wheat,Wheat,Rabi,2024,Syngenta Quantis,Syngenta Quantis,Biostimulant,1,Syngenta Quantis,1.5,0,1,0.41,0.41,7.61,218.1,11.6,359.1,36.6,15.6,0.71,0.69,28.8,7,224.3,1872.0,70.6,11.1,18.2,0.627,16.87,16.87,15.39,16.87,1.48,9.62,1.48,5458.0,IND_FIELD_1568,RCBD - 4 Replications,4,ICAR AICRP & Syngenta Multi-Locational Trials,https://icar.org.in
TR-2025-GU-01569,EXP-2025-GU-MUS-0785,ICAR_SYNGENTA_TRIALS,India,Gujarat,Gujarat & Saurashtra Plain,Rajkot,22.3039,70.8022,Mustard / Rapeseed,Mustard / Rapeseed,Rabi,2025,Control (Untreated Check),Untreated Check,Untreated Check,0,Untreated,0.0,1,0,0.61,0.61,7.81,203.6,18.8,383.6,22.1,16.9,0.91,0.47,26.3,2,328.9,1709.5,52.1,5.1,20.5,0.595,6.38,6.38,6.38,6.38,0.0,0.0,0.0,0.0,IND_FIELD_1569,RCBD - 4 Replications,4,ICAR AICRP & Syngenta Multi-Locational Trials,https://icar.org.in
TR-2025-GU-01570,EXP-2025-GU-MUS-0785,ICAR_SYNGENTA_TRIALS,India,Gujarat,Gujarat & Saurashtra Plain,Rajkot,22.3039,70.8022,Mustard / Rapeseed,Mustard / Rapeseed,Rabi,2025,Syngenta Quantis,Syngenta Quantis,Biostimulant,1,Syngenta Quantis,1.5,0,1,0.61,0.61,7.81,203.6,18.8,383.6,22.1,16.9,0.91,0.47,26.3,2,328.9,1709.5,52.1,5.1,20.5,0.595,7.43,7.43,6.38,7.43,1.05,16.46,1.05,3480.0,IND_FIELD_1570,RCBD - 4 Replications,4,ICAR AICRP & Syngenta Multi-Locational Trials,https://icar.org.in
TR-2022-TA-01571,EXP-2022-TA-WHE-0786,ICAR_SYNGENTA_TRIALS,India,Tamil Nadu,Tamil Nadu & Cauvery Delta,Coimbatore,11.0168,76.9558,Wheat,Wheat,Rabi,2022,Control (Untreated Check),Untreated Check,Untreated Check,0,Untreated,0.0,1,0,0.65,0.65,7.85,213.0,22.0,237.1,22.9,5.3,1.04,0.54,28.5,4,30.0,1852.5,87.1,7.2,18.4,0.78,15.51,15.51,15.51,15.51,0.0,0.0,0.0,0.0,IND_FIELD_1571,RCBD - 4 Replications,4,ICAR AICRP & Syngenta Multi-Locational Trials,https://icar.org.in
TR-2022-TA-01572,EXP-2022-TA-WHE-0786,ICAR_SYNGENTA_TRIALS,India,Tamil Nadu,Tamil Nadu & Cauvery Delta,Coimbatore,11.0168,76.9558,Wheat,Wheat,Rabi,2022,Syngenta Quantis,Syngenta Quantis,Biostimulant,1,Syngenta Quantis,1.5,0,1,0.65,0.65,7.85,213.0,22.0,237.1,22.9,5.3,1.04,0.54,28.5,4,30.0,1852.5,87.1,7.2,18.4,0.78,17.49,17.49,15.51,17.49,1.98,12.77,1.98,7758.0,IND_FIELD_1572,RCBD - 4 Replications,4,ICAR AICRP & Syngenta Multi-Locational Trials,https://icar.org.in
TR-2024-TA-01573,EXP-2024-TA-TUR-0787,ICAR_SYNGENTA_TRIALS,India,Tamil Nadu,Tamil Nadu & Cauvery Delta,Coimbatore,11.0168,76.9558,Tur / Pigeon Pea (Arhar),Tur / Pigeon Pea (Arhar),Kharif,2024,Control (Untreated Check),Untreated Check,Untreated Check,0,Untreated,0.0,1,0,0.69,0.69,7.86,173.1,17.0,198.7,37.6,16.0,0.76,0.69,28.2,7,716.7,1833.0,68.6,11.4,20.0,0.782,6.5,6.5,6.5,6.5,0.0,0.0,0.0,0.0,IND_FIELD_1573,RCBD - 4 Replications,4,ICAR AICRP & Syngenta Multi-Locational Trials,https://icar.org.in
TR-2024-TA-01574,EXP-2024-TA-TUR-0787,ICAR_SYNGENTA_TRIALS,India,Tamil Nadu,Tamil Nadu & Cauvery Delta,Coimbatore,11.0168,76.9558,Tur / Pigeon Pea (Arhar),Tur / Pigeon Pea (Arhar),Kharif,2024,Syngenta Quantis,Syngenta Quantis,Biostimulant,1,Syngenta Quantis,2.0,0,1,0.69,0.69,7.86,173.1,17.0,198.7,37.6,16.0,0.76,0.69,28.2,7,716.7,1833.0,68.6,11.4,20.0,0.782,6.82,6.82,6.5,6.82,0.32,4.92,0.32,-328.0,IND_FIELD_1574,RCBD - 4 Replications,4,ICAR AICRP & Syngenta Multi-Locational Trials,https://icar.org.in
TR-2022-MA-01575,EXP-2022-MA-RIC-0788,ICAR_SYNGENTA_TRIALS,India,Maharashtra,Maharashtra & Vidarbha (Deccan),Nagpur,21.1458,79.0882,Rice (Paddy),Rice (Paddy),Kharif,2022,Control (Untreated Check),Untreated Check,Untreated Check,0,Untreated,0.0,1,0,0.47,0.47,7.37,190.8,16.3,410.6,46.8,10.0,0.41,0.48,28.4,4,675.8,1846.0,65.7,10.8,20.1,0.688,21.28,21.28,21.28,21.28,0.0,0.0,0.0,0.0,IND_FIELD_1575,RCBD - 4 Replications,4,ICAR AICRP & Syngenta Multi-Locational Trials,https://icar.org.in
TR-2022-MA-01576,EXP-2022-MA-RIC-0788,ICAR_SYNGENTA_TRIALS,India,Maharashtra,Maharashtra & Vidarbha (Deccan),Nagpur,21.1458,79.0882,Rice (Paddy),Rice (Paddy),Kharif,2022,Syngenta Quantis,Syngenta Quantis,Biostimulant,1,Syngenta Quantis,2.0,0,1,0.47,0.47,7.37,190.8,16.3,410.6,46.8,10.0,0.41,0.48,28.4,4,675.8,1846.0,65.7,10.8,20.1,0.688,23.55,23.55,21.28,23.55,2.27,10.67,2.27,8642.0,IND_FIELD_1576,RCBD - 4 Replications,4,ICAR AICRP & Syngenta Multi-Locational Trials,https://icar.org.in
TR-2023-GU-01577,EXP-2023-GU-WHE-0789,ICAR_SYNGENTA_TRIALS,India,Gujarat,Gujarat & Saurashtra Plain,Rajkot,22.3039,70.8022,Wheat,Wheat,Rabi,2023,Control (Untreated Check),Untreated Check,Untreated Check,0,Untreated,0.0,1,0,0.42,0.42,8.27,203.9,20.3,279.3,34.2,16.3,0.58,0.65,28.2,4,215.9,1833.0,63.8,13.9,22.7,0.785,16.67,16.67,16.67,16.67,0.0,0.0,0.0,0.0,IND_FIELD_1577,RCBD - 4 Replications,4,ICAR AICRP & Syngenta Multi-Locational Trials,https://icar.org.in
TR-2023-GU-01578,EXP-2023-GU-WHE-0789,ICAR_SYNGENTA_TRIALS,India,Gujarat,Gujarat & Saurashtra Plain,Rajkot,22.3039,70.8022,Wheat,Wheat,Rabi,2023,Syngenta Quantis,Syngenta Quantis,Biostimulant,1,Syngenta Quantis,1.5,0,1,0.42,0.42,8.27,203.9,20.3,279.3,34.2,16.3,0.58,0.65,28.2,4,215.9,1833.0,63.8,13.9,22.7,0.785,18.54,18.54,16.67,18.54,1.87,11.22,1.87,7252.0,IND_FIELD_1578,RCBD - 4 Replications,4,ICAR AICRP & Syngenta Multi-Locational Trials,https://icar.org.in
TR-2022-TA-01579,EXP-2022-TA-ONI-0790,ICAR_SYNGENTA_TRIALS,India,Tamil Nadu,Tamil Nadu & Cauvery Delta,Coimbatore,11.0168,76.9558,Onion,Onion,Rabi,2022,Control (Untreated Check),Untreated Check,Untreated Check,0,Untreated,0.0,1,0,0.54,0.54,7.58,316.1,23.9,346.2,37.7,13.6,0.85,0.65,29.2,4,121.2,1898.0,56.0,10.1,17.8,0.588,108.63,108.63,108.63,108.63,0.0,0.0,0.0,0.0,IND_FIELD_1579,RCBD - 4 Replications,4,ICAR AICRP & Syngenta Multi-Locational Trials,https://icar.org.in
TR-2022-TA-01580,EXP-2022-TA-ONI-0790,ICAR_SYNGENTA_TRIALS,India,Tamil Nadu,Tamil Nadu & Cauvery Delta,Coimbatore,11.0168,76.9558,Onion,Onion,Rabi,2022,Syngenta Quantis,Syngenta Quantis,Biostimulant,1,Syngenta Quantis,2.0,0,1,0.54,0.54,7.58,316.1,23.9,346.2,37.7,13.6,0.85,0.65,29.2,4,121.2,1898.0,56.0,10.1,17.8,0.588,119.71,119.71,108.63,119.71,11.08,10.2,11.08,49168.0,IND_FIELD_1580,RCBD - 4 Replications,4,ICAR AICRP & Syngenta Multi-Locational Trials,https://icar.org.in
TR-2025-KA-01581,EXP-2025-KA-TOM-0791,ICAR_SYNGENTA_TRIALS,India,Karnataka,Karnataka (Deccan Plateau),Dharwad,15.4589,75.0078,Tomato,Tomato,Annual,2025,Control (Untreated Check),Untreated Check,Untreated Check,0,Untreated,0.0,1,0,0.54,0.54,6.44,276.7,22.0,230.5,30.3,11.8,1.18,0.51,25.7,2,30.0,1670.5,72.3,13.8,21.6,0.668,154.02,154.02,154.02,154.02,0.0,0.0,0.0,0.0,IND_FIELD_1581,RCBD - 4 Replications,4,ICAR AICRP & Syngenta Multi-Locational Trials,https://icar.org.in
TR-2025-KA-01582,EXP-2025-KA-TOM-0791,ICAR_SYNGENTA_TRIALS,India,Karnataka,Karnataka (Deccan Plateau),Dharwad,15.4589,75.0078,Tomato,Tomato,Annual,2025,Syngenta Isabion,Syngenta Isabion,Biostimulant,1,Syngenta Isabion,2.5,0,1,0.54,0.54,6.44,276.7,22.0,230.5,30.3,11.8,1.18,0.51,25.7,2,30.0,1670.5,72.3,13.8,21.6,0.668,156.24,156.24,154.02,156.24,2.22,1.44,2.22,7962.0,IND_FIELD_1582,RCBD - 4 Replications,4,ICAR AICRP & Syngenta Multi-Locational Trials,https://icar.org.in
TR-2023-GU-01583,EXP-2023-GU-SUG-0792,ICAR_SYNGENTA_TRIALS,India,Gujarat,Gujarat & Saurashtra Plain,Rajkot,22.3039,70.8022,Sugarcane,Sugarcane,Annual,2023,Control (Untreated Check),Untreated Check,Untreated Check,0,Untreated,0.0,1,0,0.49,0.49,8.67,190.5,11.2,349.2,53.7,8.5,0.76,0.38,28.9,2,30.0,1878.5,54.2,12.9,13.2,0.66,300.66,300.66,300.66,300.66,0.0,0.0,0.0,0.0,IND_FIELD_1583,RCBD - 4 Replications,4,ICAR AICRP & Syngenta Multi-Locational Trials,https://icar.org.in
TR-2023-GU-01584,EXP-2023-GU-SUG-0792,ICAR_SYNGENTA_TRIALS,India,Gujarat,Gujarat & Saurashtra Plain,Rajkot,22.3039,70.8022,Sugarcane,Sugarcane,Annual,2023,Syngenta CropBio+,Syngenta CropBio+,Biostimulant,1,Syngenta CropBio+,3.0,0,1,0.49,0.49,8.67,190.5,11.2,349.2,53.7,8.5,0.76,0.38,28.9,2,30.0,1878.5,54.2,12.9,13.2,0.66,334.97,334.97,300.66,334.97,34.31,11.41,34.31,155126.0,IND_FIELD_1584,RCBD - 4 Replications,4,ICAR AICRP & Syngenta Multi-Locational Trials,https://icar.org.in
TR-2023-TA-01585,EXP-2023-TA-CHI-0793,ICAR_SYNGENTA_TRIALS,India,Tamil Nadu,Tamil Nadu & Cauvery Delta,Coimbatore,11.0168,76.9558,Chickpea (Gram / Chana),Chickpea (Gram / Chana),Rabi,2023,Control (Untreated Check),Untreated Check,Untreated Check,0,Untreated,0.0,1,0,0.6,0.6,7.55,192.5,24.1,262.5,27.4,11.0,0.7,0.45,29.5,2,98.0,1917.5,69.9,5.3,16.6,0.733,8.24,8.24,8.24,8.24,0.0,0.0,0.0,0.0,IND_FIELD_1585,RCBD - 4 Replications,4,ICAR AICRP & Syngenta Multi-Locational Trials,https://icar.org.in
TR-2023-TA-01586,EXP-2023-TA-CHI-0793,ICAR_SYNGENTA_TRIALS,India,Tamil Nadu,Tamil Nadu & Cauvery Delta,Coimbatore,11.0168,76.9558,Chickpea (Gram / Chana),Chickpea (Gram / Chana),Rabi,2023,Syngenta Isabion,Syngenta Isabion,Biostimulant,1,Syngenta Isabion,1.5,0,1,0.6,0.6,7.55,192.5,24.1,262.5,27.4,11.0,0.7,0.45,29.5,2,98.0,1917.5,69.9,5.3,16.6,0.733,8.16,8.16,8.24,8.16,0.0,0.0,0.0,-1350.0,IND_FIELD_1586,RCBD - 4 Replications,4,ICAR AICRP & Syngenta Multi-Locational Trials,https://icar.org.in
TR-2023-PU-01587,EXP-2023-PU-RIC-0794,ICAR_SYNGENTA_TRIALS,India,Punjab,Punjab & Haryana (Indo-Gangetic),Ludhiana,30.901,75.8573,Rice (Paddy),Rice (Paddy),Kharif,2023,Control (Untreated Check),Untreated Check,Untreated Check,0,Untreated,0.0,1,0,0.4,0.4,8.42,178.7,35.2,262.8,26.1,10.5,0.69,0.3,27.9,2,768.4,1813.5,61.6,10.9,17.4,0.644,21.2,21.2,21.2,21.2,0.0,0.0,0.0,0.0,IND_FIELD_1587,RCBD - 4 Replications,4,ICAR AICRP & Syngenta Multi-Locational Trials,https://icar.org.in
TR-2023-PU-01588,EXP-2023-PU-RIC-0794,ICAR_SYNGENTA_TRIALS,India,Punjab,Punjab & Haryana (Indo-Gangetic),Ludhiana,30.901,75.8573,Rice (Paddy),Rice (Paddy),Kharif,2023,Syngenta Quantis,Syngenta Quantis,Biostimulant,1,Syngenta Quantis,2.0,0,1,0.4,0.4,8.42,178.7,35.2,262.8,26.1,10.5,0.69,0.3,27.9,2,768.4,1813.5,61.6,10.9,17.4,0.644,23.57,23.57,21.2,23.57,2.37,11.18,2.37,9102.0,IND_FIELD_1588,RCBD - 4 Replications,4,ICAR AICRP & Syngenta Multi-Locational Trials,https://icar.org.in
TR-2022-MA-01589,EXP-2022-MA-COT-0795,ICAR_SYNGENTA_TRIALS,India,Madhya Pradesh,Madhya Pradesh & Central Belt,Bhopal,23.2599,77.4126,Cotton,Cotton,Kharif,2022,Control (Untreated Check),Untreated Check,Untreated Check,0,Untreated,0.0,1,0,0.56,0.56,7.57,283.4,23.6,371.6,38.4,12.2,1.11,0.58,27.3,3,725.5,1774.5,86.2,12.5,19.8,0.608,11.54,11.54,11.54,11.54,0.0,0.0,0.0,0.0,IND_FIELD_1589,RCBD - 4 Replications,4,ICAR AICRP & Syngenta Multi-Locational Trials,https://icar.org.in
TR-2022-MA-01590,EXP-2022-MA-COT-0795,ICAR_SYNGENTA_TRIALS,India,Madhya Pradesh,Madhya Pradesh & Central Belt,Bhopal,23.2599,77.4126,Cotton,Cotton,Kharif,2022,Syngenta Isabion,Syngenta Isabion,Biostimulant,1,Syngenta Isabion,1.5,0,1,0.56,0.56,7.57,283.4,23.6,371.6,38.4,12.2,1.11,0.58,27.3,3,725.5,1774.5,86.2,12.5,19.8,0.608,12.59,12.59,11.54,12.59,1.05,9.1,1.05,3480.0,IND_FIELD_1590,RCBD - 4 Replications,4,ICAR AICRP & Syngenta Multi-Locational Trials,https://icar.org.in
TR-2025-MA-01591,EXP-2025-MA-CHI-0796,ICAR_SYNGENTA_TRIALS,India,Madhya Pradesh,Madhya Pradesh & Central Belt,Bhopal,23.2599,77.4126,Chickpea (Gram / Chana),Chickpea (Gram / Chana),Rabi,2025,Control (Untreated Check),Untreated Check,Untreated Check,0,Untreated,0.0,1,0,0.61,0.61,7.45,265.2,17.7,377.8,17.7,19.1,0.84,0.67,29.6,4,184.6,1924.0,67.9,12.9,19.7,0.634,6.65,6.65,6.65,6.65,0.0,0.0,0.0,0.0,IND_FIELD_1591,RCBD - 4 Replications,4,ICAR AICRP & Syngenta Multi-Locational Trials,https://icar.org.in
TR-2025-MA-01592,EXP-2025-MA-CHI-0796,ICAR_SYNGENTA_TRIALS,India,Madhya Pradesh,Madhya Pradesh & Central Belt,Bhopal,23.2599,77.4126,Chickpea (Gram / Chana),Chickpea (Gram / Chana),Rabi,2025,Syngenta Isabion,Syngenta Isabion,Biostimulant,1,Syngenta Isabion,1.5,0,1,0.61,0.61,7.45,265.2,17.7,377.8,17.7,19.1,0.84,0.67,29.6,4,184.6,1924.0,67.9,12.9,19.7,0.634,7.78,7.78,6.65,7.78,1.13,16.99,1.13,3848.0,IND_FIELD_1592,RCBD - 4 Replications,4,ICAR AICRP & Syngenta Multi-Locational Trials,https://icar.org.in
TR-2022-UT-01593,EXP-2022-UT-MAI-0797,ICAR_SYNGENTA_TRIALS,India,Uttar Pradesh,Indo-Gangetic Plain (Central),Varanasi,25.3176,82.9739,Maize,Maize,Kharif,2022,Control (Untreated Check),Untreated Check,Untreated Check,0,Untreated,0.0,1,0,0.48,0.48,8.28,189.2,32.2,259.3,28.9,10.9,1.24,0.44,29.4,6,719.3,1911.0,67.8,11.0,15.6,0.796,25.73,25.73,25.73,25.73,0.0,0.0,0.0,0.0,IND_FIELD_1593,RCBD - 4 Replications,4,ICAR AICRP & Syngenta Multi-Locational Trials,https://icar.org.in
TR-2022-UT-01594,EXP-2022-UT-MAI-0797,ICAR_SYNGENTA_TRIALS,India,Uttar Pradesh,Indo-Gangetic Plain (Central),Varanasi,25.3176,82.9739,Maize,Maize,Kharif,2022,Syngenta Isabion,Syngenta Isabion,Biostimulant,1,Syngenta Isabion,2.0,0,1,0.48,0.48,8.28,189.2,32.2,259.3,28.9,10.9,1.24,0.44,29.4,6,719.3,1911.0,67.8,11.0,15.6,0.796,29.1,29.1,25.73,29.1,3.37,13.1,3.37,13702.0,IND_FIELD_1594,RCBD - 4 Replications,4,ICAR AICRP & Syngenta Multi-Locational Trials,https://icar.org.in
TR-2021-PU-01595,EXP-2021-PU-ONI-0798,ICAR_SYNGENTA_TRIALS,India,Punjab,Punjab & Haryana (Indo-Gangetic),Ludhiana,30.901,75.8573,Onion,Onion,Rabi,2021,Control (Untreated Check),Untreated Check,Untreated Check,0,Untreated,0.0,1,0,0.66,0.66,7.78,120.0,32.0,230.4,27.1,8.8,1.23,0.47,28.2,3,103.4,1833.0,70.7,8.7,17.9,0.712,112.94,112.94,112.94,112.94,0.0,0.0,0.0,0.0,IND_FIELD_1595,RCBD - 4 Replications,4,ICAR AICRP & Syngenta Multi-Locational Trials,https://icar.org.in
TR-2021-PU-01596,EXP-2021-PU-ONI-0798,ICAR_SYNGENTA_TRIALS,India,Punjab,Punjab & Haryana (Indo-Gangetic),Ludhiana,30.901,75.8573,Onion,Onion,Rabi,2021,Syngenta Quantis,Syngenta Quantis,Biostimulant,1,Syngenta Quantis,2.0,0,1,0.66,0.66,7.78,120.0,32.0,230.4,27.1,8.8,1.23,0.47,28.2,3,103.4,1833.0,70.7,8.7,17.9,0.712,126.65,126.65,112.94,126.65,13.71,12.14,13.71,61266.0,IND_FIELD_1596,RCBD - 4 Replications,4,ICAR AICRP & Syngenta Multi-Locational Trials,https://icar.org.in
TR-2023-MA-01597,EXP-2023-MA-GRO-0799,ICAR_SYNGENTA_TRIALS,India,Madhya Pradesh,Madhya Pradesh & Central Belt,Bhopal,23.2599,77.4126,Groundnut (Peanut),Groundnut (Peanut),Kharif,2023,Control (Untreated Check),Untreated Check,Untreated Check,0,Untreated,0.0,1,0,0.6,0.6,8.37,259.8,21.8,294.1,29.4,12.6,0.89,0.26,20.8,2,582.7,1352.0,60.3,8.4,16.0,0.76,11.47,11.47,11.47,11.47,0.0,0.0,0.0,0.0,IND_FIELD_1597,RCBD - 4 Replications,4,ICAR AICRP & Syngenta Multi-Locational Trials,https://icar.org.in
TR-2023-MA-01598,EXP-2023-MA-GRO-0799,ICAR_SYNGENTA_TRIALS,India,Madhya Pradesh,Madhya Pradesh & Central Belt,Bhopal,23.2599,77.4126,Groundnut (Peanut),Groundnut (Peanut),Kharif,2023,Syngenta Isabion,Syngenta Isabion,Biostimulant,1,Syngenta Isabion,1.5,0,1,0.6,0.6,8.37,259.8,21.8,294.1,29.4,12.6,0.89,0.26,20.8,2,582.7,1352.0,60.3,8.4,16.0,0.76,12.01,12.01,11.47,12.01,0.54,4.71,0.54,1134.0,IND_FIELD_1598,RCBD - 4 Replications,4,ICAR AICRP & Syngenta Multi-Locational Trials,https://icar.org.in
TR-2025-TA-01599,EXP-2025-TA-WHE-0800,ICAR_SYNGENTA_TRIALS,India,Tamil Nadu,Tamil Nadu & Cauvery Delta,Coimbatore,11.0168,76.9558,Wheat,Wheat,Rabi,2025,Control (Untreated Check),Untreated Check,Untreated Check,0,Untreated,0.0,1,0,0.57,0.57,7.1,213.9,27.3,310.8,34.0,12.7,0.84,0.37,27.5,1,187.6,1787.5,67.7,9.4,16.9,0.616,15.71,15.71,15.71,15.71,0.0,0.0,0.0,0.0,IND_FIELD_1599,RCBD - 4 Replications,4,ICAR AICRP & Syngenta Multi-Locational Trials,https://icar.org.in
TR-2025-TA-01600,EXP-2025-TA-WHE-0800,ICAR_SYNGENTA_TRIALS,India,Tamil Nadu,Tamil Nadu & Cauvery Delta,Coimbatore,11.0168,76.9558,Wheat,Wheat,Rabi,2025,Syngenta Quantis,Syngenta Quantis,Biostimulant,1,Syngenta Quantis,1.5,0,1,0.57,0.57,7.1,213.9,27.3,310.8,34.0,12.7,0.84,0.37,27.5,1,187.6,1787.5,67.7,9.4,16.9,0.616,16.82,16.82,15.71,16.82,1.11,7.07,1.11,3756.0,IND_FIELD_1600,RCBD - 4 Replications,4,ICAR AICRP & Syngenta Multi-Locational Trials,https://icar.org.in
